Origin,Dest,Route_Name,Flight_Count,Avg_AirTime_Min,Distance_Miles,Route_Delay_Rate_Pct
OGG,HNL,OGG-HNL,1001,24.96,100,24.11
HNL,OGG,HNL-OGG,994,22.4,100,19.77
LAX,SFO,LAX-SFO,858,61.06,337,33.01
SFO,LAX,SFO-LAX,857,54.6,337,20.71
PHX,DEN,PHX-DEN,802,82.69,602,19.13
DEN,PHX,DEN-PHX,801,89.07,602,26.14
ATL,MCO,ATL-MCO,792,61.85,404,24.02
MCO,ATL,MCO-ATL,792,64.93,404,24.75
LGA,ORD,LGA-ORD,789,119.58,733,23.41
ORD,LGA,ORD-LGA,789,97.21,733,31.62
LAX,LAS,LAX-LAS,776,44.13,236,21.9
LAS,LAX,LAS-LAX,775,42.85,236,21.72
JFK,LAX,JFK-LAX,752,334.7,2475,13.83
LAX,JFK,LAX-JFK,752,286.39,2475,18.96
ATL,FLL,ATL-FLL,732,86.66,581,24.32
BOS,DCA,BOS-DCA,731,80.65,399,21.8
DCA,BOS,DCA-BOS,731,62.48,399,22.33
FLL,ATL,FLL-ATL,731,86.44,581,27.55
HNL,LIH,HNL-LIH,730,23.5,102,22.76
LIH,HNL,LIH-HNL,730,24.4,102,28.35
KOA,HNL,KOA-HNL,698,31.23,163,25.8
HNL,KOA,HNL-KOA,697,28.83,163,20.96
LAS,DEN,LAS-DEN,697,84.9,628,20.81
DEN,LAS,DEN-LAS,696,88.6,628,23.52
SLC,DEN,SLC-DEN,665,59.05,391,22.22
DEN,SLC,DEN-SLC,664,65.45,391,25.61
ATL,LGA,ATL-LGA,645,97.33,762,17.48
LGA,ATL,LGA-ATL,644,119.41,762,17.43
MIA,ATL,MIA-ATL,635,88.35,594,33.44
ATL,MIA,ATL-MIA,634,88.79,594,32.23
EWR,MCO,EWR-MCO,619,142.15,937,25.48
MCO,EWR,MCO-EWR,619,121.69,937,17.36
BOS,LGA,BOS-LGA,608,47.71,184,26.31
LGA,BOS,LGA-BOS,604,38.17,184,22.5
DEN,LAX,DEN-LAX,591,118.49,862,19.93
LAX,DEN,LAX-DEN,585,112.83,862,14.15
PHX,LAS,PHX-LAS,580,47.02,255,20.7
ATL,DCA,ATL-DCA,572,76.65,547,18.36
DCA,ATL,DCA-ATL,571,89.52,547,22.87
LAS,PHX,LAS-PHX,571,45.0,255,19.75
LAS,SAN,LAS-SAN,571,44.9,258,16.84
TPA,ATL,TPA-ATL,568,65.48,406,17.73
HNL,ITO,HNL-ITO,562,35.5,216,23.92
ITO,HNL,ITO-HNL,562,38.95,216,21.4
SAN,LAS,SAN-LAS,562,51.63,258,16.37
ATL,TPA,ATL-TPA,560,63.6,406,24.55
LAX,DFW,LAX-DFW,553,148.99,1235,20.07
DFW,LAX,DFW-LAX,551,174.01,1235,29.25
SEA,PHX,SEA-PHX,543,138.18,1107,23.4
LAS,SEA,LAS-SEA,541,135.66,867,22.22
SEA,LAS,SEA-LAS,539,115.13,867,24.95
PHX,SEA,PHX-SEA,535,163.2,1107,22.04
MCO,PHL,MCO-PHL,531,115.04,861,30.78
EWR,FLL,EWR-FLL,529,157.38,1065,24.52
FLL,EWR,FLL-EWR,529,141.13,1065,23.8
LAX,SEA,LAX-SEA,528,141.59,954,16.56
PHL,MCO,PHL-MCO,528,130.82,861,33.14
SEA,LAX,SEA-LAX,527,125.8,954,15.43
MIA,LGA,MIA-LGA,524,142.94,1096,29.86
LGA,MIA,LGA-MIA,523,161.55,1096,30.72
MCO,SJU,MCO-SJU,520,137.15,1189,29.59
SJU,MCO,SJU-MCO,520,165.5,1189,30.69
LAX,PHX,LAX-PHX,517,57.79,370,21.67
SEA,ANC,SEA-ANC,517,195.06,1448,35.15
ANC,SEA,ANC-SEA,515,178.49,1448,23.84
PHX,LAX,PHX-LAX,514,60.98,370,15.03
ORD,DCA,ORD-DCA,511,84.52,612,29.14
DCA,ORD,DCA-ORD,510,100.11,612,23.03
ORD,LAX,ORD-LAX,508,232.75,1744,29.18
LAX,ORD,LAX-ORD,507,210.6,1744,19.66
ORD,PHX,ORD-PHX,505,200.19,1440,25.79
PHX,SLC,PHX-SLC,503,75.75,507,16.14
SLC,PHX,SLC-PHX,502,72.49,507,21.64
PHX,ORD,PHX-ORD,501,174.5,1440,18.59
MCO,CLT,MCO-CLT,499,74.14,468,27.94
CLT,MCO,CLT-MCO,498,73.88,468,29.01
BWI,MCO,BWI-MCO,496,121.26,787,29.75
MCO,BWI,MCO-BWI,496,102.28,787,23.46
SFO,SEA,SFO-SEA,489,101.68,679,18.95
SEA,SFO,SEA-SFO,487,103.01,679,28.13
DEN,SEA,DEN-SEA,483,149.6,1024,27.39
ORD,DEN,ORD-DEN,483,127.39,888,27.31
SEA,DEN,SEA-DEN,482,126.71,1024,19.91
DEN,ATL,DEN-ATL,481,140.58,1199,22.17
DEN,ORD,DEN-ORD,481,115.14,888,27.8
JFK,BOS,JFK-BOS,481,38.97,187,31.34
BOS,JFK,BOS-JFK,480,47.97,187,28.96
SEA,PDX,SEA-PDX,478,29.53,129,28.15
PDX,SEA,PDX-SEA,477,33.0,129,26.34
ATL,DFW,ATL-DFW,476,118.47,731,29.91
DEN,MSP,DEN-MSP,475,91.54,680,21.0
SFO,JFK,SFO-JFK,474,296.73,2586,16.7
JFK,SFO,JFK-SFO,473,353.54,2586,18.57
PHX,SAN,PHX-SAN,473,51.93,304,18.68
DFW,ATL,DFW-ATL,472,92.78,731,31.41
MSP,DEN,MSP-DEN,472,97.57,680,16.01
JFK,MIA,JFK-MIA,471,160.73,1089,29.03
LGA,MCO,LGA-MCO,471,143.75,950,25.33
MIA,JFK,MIA-JFK,471,138.27,1089,26.08
ATL,DEN,ATL-DEN,470,174.52,1199,19.78
MCO,LGA,MCO-LGA,470,120.77,950,22.83
BOS,ORD,BOS-ORD,467,138.29,867,20.47
DFW,LAS,DFW-LAS,467,150.12,1055,33.77
LAS,DFW,LAS-DFW,467,129.0,1055,26.04
LAX,SLC,LAX-SLC,467,86.95,590,10.52
ORD,BOS,ORD-BOS,466,108.06,867,31.15
SLC,LAX,SLC-LAX,465,88.03,590,15.3
DFW,ORD,DFW-ORD,464,106.68,802,24.33
ORD,DFW,ORD-DFW,464,122.87,802,39.2
ORD,MCO,ORD-MCO,463,131.57,1005,35.1
SAN,PHX,SAN-PHX,463,51.31,304,17.61
MCO,ORD,MCO-ORD,462,146.03,1005,28.94
ATL,EWR,ATL-EWR,461,96.85,746,18.2
FLL,LGA,FLL-LGA,461,138.95,1076,28.85
LGA,FLL,LGA-FLL,461,157.98,1076,28.07
SMF,LAS,SMF-LAS,461,60.16,397,16.45
EWR,ATL,EWR-ATL,460,117.11,746,21.95
SAN,SFO,SAN-SFO,459,74.66,447,29.3
SFO,SAN,SFO-SAN,459,66.88,447,21.26
DCA,MCO,DCA-MCO,458,119.82,759,26.7
LAS,SMF,LAS-SMF,458,71.02,397,17.76
MCO,DCA,MCO-DCA,458,102.13,759,20.68
CLT,LGA,CLT-LGA,457,76.23,544,27.73
LGA,CLT,LGA-CLT,455,92.85,544,20.27
DFW,LGA,DFW-LGA,454,164.9,1389,25.29
LGA,DFW,LGA-DFW,452,212.5,1389,29.77
DEN,DFW,DEN-DFW,446,87.79,641,30.28
DFW,DEN,DFW-DEN,446,96.45,641,29.45
DFW,MIA,DFW-MIA,446,134.92,1121,36.43
ATL,BWI,ATL-BWI,445,77.67,577,20.09
MIA,DFW,MIA-DFW,445,169.2,1121,39.18
DFW,MCO,DFW-MCO,436,123.28,985,36.36
LAX,EWR,LAX-EWR,436,275.08,2454,17.8
EWR,LAX,EWR-LAX,435,325.58,2454,19.12
MCO,DFW,MCO-DFW,435,153.77,985,39.39
SAN,SJC,SAN-SJC,432,65.66,417,14.19
SJC,SAN,SJC-SAN,431,61.08,417,13.52
EWR,MIA,EWR-MIA,430,159.83,1085,32.81
EWR,ORD,EWR-ORD,430,116.5,719,28.5
MIA,EWR,MIA-EWR,430,144.37,1085,26.65
ORD,EWR,ORD-EWR,429,93.64,719,28.72
HNL,LAX,HNL-LAX,428,282.46,2556,11.99
LAS,SFO,LAS-SFO,428,72.02,414,29.66
LAX,HNL,LAX-HNL,428,334.36,2556,33.17
BWI,ATL,BWI-ATL,426,92.77,577,26.02
ATL,ORD,ATL-ORD,425,93.02,606,22.76
ORD,ATL,ORD-ATL,425,87.98,606,28.92
MIA,ORD,MIA-ORD,424,165.57,1197,28.68
MCO,BOS,MCO-BOS,423,142.11,1121,23.98
ORD,MIA,ORD-MIA,423,159.4,1197,36.21
SFO,LAS,SFO-LAS,423,66.45,414,26.08
ATL,PHL,ATL-PHL,421,88.84,666,20.76
BOS,MCO,BOS-MCO,421,171.18,1121,39.13
LAX,SJC,LAX-SJC,421,53.56,308,14.25
PHL,ATL,PHL-ATL,420,106.86,666,23.97
DEN,IAH,DEN-IAH,418,113.33,862,27.81
DFW,PHX,DFW-PHX,417,132.48,868,34.46
PHX,DFW,PHX-DFW,417,109.0,868,24.82
LAS,ATL,LAS-ATL,412,197.42,1747,19.66
SMF,SAN,SMF-SAN,412,68.27,480,17.04
IAH,DEN,IAH-DEN,410,121.17,862,26.84
SAN,DEN,SAN-DEN,409,113.05,853,14.36
SAN,SMF,SAN-SMF,409,76.81,480,20.39
SJC,LAX,SJC-LAX,409,51.65,308,11.98
ATL,LAS,ATL-LAS,408,244.56,1747,24.57
DEN,MCO,DEN-MCO,408,181.08,1546,27.94
DTW,ATL,DTW-ATL,407,92.05,594,25.12
ATL,DTW,ATL-DTW,405,84.9,594,24.38
LAX,IAH,LAX-IAH,405,162.64,1379,13.28
IAH,LAX,IAH-LAX,403,193.59,1379,22.07
LAX,SMF,LAX-SMF,402,65.97,373,12.47
SMF,LAX,SMF-LAX,402,61.47,373,9.23
DEN,SAN,DEN-SAN,401,116.55,853,21.54
MCO,DEN,MCO-DEN,400,220.52,1546,31.19
ATL,LAX,ATL-LAX,399,267.12,1947,18.05
ORD,LAS,ORD-LAS,399,205.08,1514,28.92
SFO,DEN,SFO-DEN,399,122.25,967,24.47
DEN,SFO,DEN-SFO,397,135.05,967,30.71
LAX,ATL,LAX-ATL,397,217.53,1947,23.23
LAS,SLC,LAS-SLC,396,57.38,368,17.77
OAK,LAS,OAK-LAS,396,66.51,407,21.63
SEA,GEG,SEA-GEG,396,39.86,224,29.95
GEG,SEA,GEG-SEA,395,45.18,224,27.01
LAS,ORD,LAS-ORD,395,184.25,1514,19.18
LAS,OAK,LAS-OAK,394,69.47,407,25.58
SLC,LAS,SLC-LAS,393,57.31,368,25.32
MSY,ATL,MSY-ATL,382,58.11,425,16.84
ATL,MSY,ATL-MSY,381,74.12,425,26.05
DFW,AUS,DFW-AUS,381,39.7,190,38.83
AUS,DFW,AUS-DFW,379,39.72,190,31.18
DEN,LGA,DEN-LGA,379,187.76,1620,28.3
LGA,DEN,LGA-DEN,378,231.13,1620,17.43
SNA,PHX,SNA-PHX,377,53.29,338,18.77
BNA,ORD,BNA-ORD,376,74.13,409,24.62
ORD,BNA,ORD-BNA,376,63.25,409,33.83
PHX,SNA,PHX-SNA,376,57.4,338,20.21
CLT,ATL,CLT-ATL,375,45.76,226,21.33
ATL,CLT,ATL-CLT,374,42.29,226,18.77
BUR,LAS,BUR-LAS,369,41.83,223,17.58
DFW,SAT,DFW-SAT,369,48.59,247,33.71
JFK,MCO,JFK-MCO,369,144.25,944,31.96
SAT,DFW,SAT-DFW,369,44.08,247,28.73
DFW,IAH,DFW-IAH,368,44.71,224,30.11
IAH,DFW,IAH-DFW,368,43.9,224,32.1
MSP,ORD,MSP-ORD,368,58.27,334,29.19
ATL,JAX,ATL-JAX,367,44.03,270,22.47
MCO,JFK,MCO-JFK,367,120.3,944,22.59
ORD,MSP,ORD-MSP,367,60.03,334,27.03
ATL,RDU,ATL-RDU,366,55.3,356,16.76
JAX,ATL,JAX-ATL,366,47.54,270,9.64
RDU,ATL,RDU-ATL,366,62.37,356,18.18
COS,DEN,COS-DEN,364,22.48,73,17.65
DEN,COS,DEN-COS,364,19.69,73,23.89
PHX,SFO,PHX-SFO,364,105.93,651,37.86
SFO,PHX,SFO-PHX,363,89.07,651,24.15
MIA,LAX,MIA-LAX,361,321.47,2342,31.75
LAX,MIA,LAX-MIA,360,257.88,2342,27.78
ORD,IAH,ORD-IAH,360,139.74,925,28.74
IAH,ORD,IAH-ORD,359,120.72,925,29.82
DTW,MCO,DTW-MCO,358,133.45,957,34.1
LAS,BUR,LAS-BUR,358,45.79,223,18.0
MCI,DEN,MCI-DEN,358,84.64,533,22.35
BOS,CLT,BOS-CLT,357,119.09,728,22.92
CLT,BOS,CLT-BOS,357,96.37,728,29.55
MCO,DTW,MCO-DTW,357,127.55,957,30.95
ORD,DTW,ORD-DTW,356,49.26,235,39.51
DEN,MCI,DEN-MCI,355,72.04,533,23.67
SJC,LAS,SJC-LAS,354,62.48,386,17.05
BOS,MIA,BOS-MIA,353,187.46,1258,28.08
DTW,ORD,DTW-ORD,353,48.64,235,34.38
LAS,SJC,LAS-SJC,352,65.62,386,22.64
LGA,DCA,LGA-DCA,352,49.28,214,14.07
MIA,BOS,MIA-BOS,352,160.07,1258,33.63
DCA,LGA,DCA-LGA,351,42.36,214,21.88
SAN,SEA,SAN-SEA,351,153.38,1050,21.09
SEA,SAN,SEA-SAN,351,132.44,1050,23.23
DEN,AUS,DEN-AUS,349,101.48,775,26.87
ORD,CLT,ORD-CLT,347,85.54,599,34.34
CLT,ORD,CLT-ORD,346,93.5,599,27.14
AUS,DEN,AUS-DEN,344,109.6,775,19.64
DAL,HOU,DAL-HOU,344,45.88,239,15.38
HOU,DAL,HOU-DAL,344,42.55,239,24.47
ATL,PBI,ATL-PBI,342,85.66,545,24.85
BOS,ATL,BOS-ATL,342,146.46,946,23.08
BWI,FLL,BWI-FLL,342,138.58,925,35.84
DTW,LGA,DTW-LGA,342,73.4,502,21.17
FLL,BWI,FLL-BWI,342,120.29,925,33.63
LGA,DTW,LGA-DTW,342,84.58,502,17.74
ATL,BOS,ATL-BOS,341,116.72,946,19.53
EWR,PBI,EWR-PBI,341,151.91,1023,21.74
LAS,SNA,LAS-SNA,341,40.96,226,17.99
MCO,MIA,MCO-MIA,341,40.84,192,28.49
MIA,MCO,MIA-MCO,341,36.89,192,35.31
PBI,ATL,PBI-ATL,341,82.61,545,15.34
PBI,EWR,PBI-EWR,341,135.62,1023,20.43
SNA,LAS,SNA-LAS,341,44.91,226,17.46
SEA,SNA,SEA-SNA,339,131.18,978,16.67
SNA,SEA,SNA-SEA,339,149.89,978,21.02
DCA,MIA,DCA-MIA,338,139.36,919,30.4
MIA,DCA,MIA-DCA,338,123.13,919,31.8
BOS,PHL,BOS-PHL,337,65.16,280,23.4
PHL,BOS,PHL-BOS,337,50.72,280,26.67
DFW,SLC,DFW-SLC,336,142.82,989,31.82
SLC,DFW,SLC-DFW,335,124.79,989,32.83
IAH,ATL,IAH-ATL,334,86.61,689,23.4
ATL,IAH,ATL-IAH,333,111.81,689,24.23
BNA,DCA,BNA-DCA,333,75.56,562,25.0
DCA,BNA,DCA-BNA,333,93.06,562,15.0
RNO,LAS,RNO-LAS,333,53.77,345,16.0
ATL,RSW,ATL-RSW,332,76.67,515,24.4
IAH,MCO,IAH-MCO,332,104.54,854,28.53
LAS,IAH,LAS-IAH,332,147.1,1222,20.26
MCO,IAH,MCO-IAH,332,138.56,854,27.01
DFW,CLT,DFW-CLT,331,112.96,936,31.71
RSW,ATL,RSW-ATL,331,77.96,515,12.5
BNA,LGA,BNA-LGA,330,108.79,764,25.25
CLT,DFW,CLT-DFW,330,147.09,936,28.13
IAH,LAS,IAH-LAS,330,173.46,1222,22.12
LAS,RNO,LAS-RNO,330,60.34,345,21.05
LAX,OAK,LAX-OAK,330,59.05,337,20.06
LAS,PDX,LAS-PDX,327,120.6,763,25.24
LGA,BNA,LGA-BNA,327,122.09,764,18.06
SFO,SNA,SFO-SNA,325,63.99,372,20.0
SNA,SFO,SNA-SFO,325,70.63,372,28.62
PDX,LAS,PDX-LAS,324,102.21,763,21.48
RSW,ORD,RSW-ORD,324,155.59,1120,26.69
SEA,SMF,SEA-SMF,324,83.17,605,21.97
SJC,SEA,SJC-SEA,324,108.18,696,16.11
ORD,RSW,ORD-RSW,323,148.24,1120,35.81
CLT,FLL,CLT-FLL,321,95.16,632,28.35
FLL,CLT,FLL-CLT,321,95.06,632,27.41
SMF,SEA,SMF-SEA,321,93.96,605,16.99
SEA,DFW,SEA-DFW,320,196.69,1660,24.24
DFW,SEA,DFW-SEA,319,230.41,1660,32.21
OAK,LAX,OAK-LAX,319,54.91,337,11.67
CLT,PHL,CLT-PHL,317,67.05,449,31.39
SEA,SJC,SEA-SJC,317,103.18,696,20.47
CLT,TPA,CLT-TPA,315,80.03,507,24.44
PHL,CLT,PHL-CLT,315,78.78,449,27.1
TPA,CLT,TPA-CLT,315,74.85,507,17.89
BNA,CLT,BNA-CLT,314,50.8,328,32.08
CLT,BNA,CLT-BNA,314,61.78,328,28.14
LGA,STL,LGA-STL,312,138.16,888,19.72
DEN,PDX,DEN-PDX,311,142.88,991,29.27
FLL,JFK,FLL-JFK,311,135.5,1069,27.54
STL,DEN,STL-DEN,310,116.67,770,22.07
BNA,DEN,BNA-DEN,309,148.76,1014,22.76
DEN,STL,DEN-STL,309,94.68,770,32.23
STL,LGA,STL-LGA,309,112.77,888,21.2
JFK,FLL,JFK-FLL,308,158.22,1069,30.92
TPA,ORD,TPA-ORD,308,142.81,1012,16.55
ORD,TPA,ORD-TPA,307,135.05,1012,34.01
SEA,BOI,SEA-BOI,307,57.91,399,24.92
DEN,BNA,DEN-BNA,306,121.79,1014,27.53
BOI,SEA,BOI-SEA,304,71.21,399,30.46
AUS,PHX,AUS-PHX,302,131.04,872,29.67
LGA,RDU,LGA-RDU,302,74.85,431,20.49
RDU,LGA,RDU-LGA,302,64.22,431,19.24
CLT,RDU,CLT-RDU,300,29.93,130,27.09
PHX,AUS,PHX-AUS,300,106.22,872,20.07
RDU,CLT,RDU-CLT,300,35.99,130,23.75
FLL,ORD,FLL-ORD,299,164.78,1182,33.83
LAX,AUS,LAX-AUS,299,145.84,1242,20.62
LAX,PDX,LAX-PDX,299,125.12,834,18.01
PDX,DEN,PDX-DEN,299,121.96,991,18.86
TPA,DEN,TPA-DEN,299,215.79,1506,20.14
AUS,LAX,AUS-LAX,298,175.11,1242,24.66
DEN,TPA,DEN-TPA,298,174.95,1506,28.98
LGA,PBI,LGA-PBI,298,153.9,1035,27.65
PDX,LAX,PDX-LAX,298,111.47,834,17.47
PHL,ORD,PHL-ORD,298,110.0,678,25.95
ATL,AUS,ATL-AUS,297,129.24,813,29.05
AUS,ATL,AUS-ATL,297,97.84,813,15.99
ORD,FLL,ORD-FLL,297,157.8,1182,35.69
ORD,PHL,ORD-PHL,297,89.31,678,36.46
PBI,LGA,PBI-LGA,297,133.95,1035,17.47
SFO,ORD,SFO-ORD,296,218.63,1846,17.95
JFK,RDU,JFK-RDU,295,77.29,427,27.78
ORD,SFO,ORD-SFO,295,244.65,1846,29.78
PHX,SMF,PHX-SMF,295,104.05,647,22.03
RDU,JFK,RDU-JFK,294,65.13,427,21.88
SFO,DFW,SFO-DFW,294,174.65,1464,33.56
SMF,PHX,SMF-PHX,294,88.08,647,13.31
BUR,SFO,BUR-SFO,293,61.46,326,27.05
DFW,SFO,DFW-SFO,293,206.0,1464,35.86
SFO,BUR,SFO-BUR,293,50.48,326,16.44
DEN,SNA,DEN-SNA,291,118.04,846,20.07
SNA,DEN,SNA-DEN,291,111.43,846,11.97
SAN,OAK,SAN-OAK,290,70.41,446,16.67
SLC,SFO,SLC-SFO,290,103.01,599,29.07
CLT,EWR,CLT-EWR,289,74.5,529,25.18
DEN,SMF,DEN-SMF,289,128.74,909,29.86
EWR,CLT,EWR-CLT,289,88.91,529,22.34
BWI,BOS,BWI-BOS,288,58.94,369,26.84
SFO,EWR,SFO-EWR,288,283.23,2565,22.71
SFO,SLC,SFO-SLC,288,84.47,599,23.26
BOS,SFO,BOS-SFO,287,368.26,2704,22.83
DFW,SAN,DFW-SAN,287,166.78,1171,33.57
EWR,SFO,EWR-SFO,287,339.36,2565,18.25
SAN,DFW,SAN-DFW,287,142.41,1171,25.18
SEA,SLC,SEA-SLC,287,91.35,689,24.18
BOS,EWR,BOS-EWR,286,52.27,200,12.73
SFO,BOS,SFO-BOS,286,304.58,2704,28.83
SLC,SEA,SLC-SEA,286,104.17,689,26.94
EWR,BOS,EWR-BOS,285,41.05,200,19.13
MSP,ATL,MSP-ATL,284,120.06,907,16.2
ATL,MSP,ATL-MSP,283,128.83,907,12.01
BOS,DFW,BOS-DFW,283,238.33,1562,31.54
EWR,IAH,EWR-IAH,283,209.75,1400,27.31
IAH,EWR,IAH-EWR,283,161.77,1400,12.8
DFW,BOS,DFW-BOS,282,180.32,1562,35.13
IND,ORD,IND-ORD,282,42.63,177,27.03
ORD,IND,ORD-IND,282,34.48,177,31.4
BOS,BWI,BOS-BWI,281,67.26,369,21.51
BOS,FLL,BOS-FLL,281,183.63,1237,36.46
DAL,DEN,DAL-DEN,281,96.65,651,25.09
DEN,DAL,DEN-DAL,281,91.26,651,28.89
FLL,BOS,FLL-BOS,281,156.47,1237,29.56
OAK,SAN,OAK-SAN,279,66.14,446,13.41
BOS,LAX,BOS-LAX,277,349.92,2611,18.18
MIA,CLT,MIA-CLT,277,95.49,650,27.74
CLT,MIA,CLT-MIA,276,97.15,650,28.73
LAX,BOS,LAX-BOS,276,295.4,2611,19.05
DCA,DFW,DCA-DFW,275,185.11,1192,25.94
PDX,PHX,PDX-PHX,275,127.8,1009,20.7
PHX,ATL,PHX-ATL,275,178.9,1587,16.73
ATL,PHX,ATL-PHX,274,228.14,1587,21.61
BNA,DFW,BNA-DFW,274,103.93,631,36.65
DFW,BNA,DFW-BNA,274,79.94,631,38.55
DFW,DCA,DFW-DCA,273,137.99,1192,29.96
SEA,ORD,SEA-ORD,272,206.42,1721,26.88
ATL,BNA,ATL-BNA,271,41.08,214,20.31
BNA,ATL,BNA-ATL,271,39.39,214,16.99
ORD,SEA,ORD-SEA,271,236.19,1721,25.4
BWI,TPA,BWI-TPA,270,130.01,842,29.77
SMF,DEN,SMF-DEN,269,116.35,909,15.69
LAS,AUS,LAS-AUS,268,130.65,1090,22.56
OMA,DEN,OMA-DEN,268,73.38,472,24.07
TPA,BWI,TPA-BWI,268,107.31,842,16.22
ATL,MDW,ATL-MDW,267,87.72,591,22.58
PHX,PDX,PHX-PDX,267,149.82,1009,29.58
JFK,SJU,JFK-SJU,265,194.69,1598,29.43
PHL,MIA,PHL-MIA,265,147.51,1013,29.43
SJU,JFK,SJU-JFK,265,214.31,1598,18.56
CLT,JFK,CLT-JFK,264,77.51,541,28.02
OAK,BUR,OAK-BUR,264,49.32,325,14.23
STL,ATL,STL-ATL,264,68.97,484,20.08
ATL,GSP,ATL-GSP,263,31.27,153,21.15
AUS,LAS,AUS-LAS,263,154.73,1090,32.69
CLT,DCA,CLT-DCA,263,55.0,331,33.98
DFW,EWR,DFW-EWR,263,159.83,1372,24.71
EWR,DFW,EWR-DFW,263,207.85,1372,22.35
IAH,MIA,IAH-MIA,263,116.26,964,34.85
JFK,CLT,JFK-CLT,263,92.28,541,16.47
MIA,IAH,MIA-IAH,263,151.85,964,41.0
MIA,PHL,MIA-PHL,263,132.02,1013,34.98
DCA,CLT,DCA-CLT,262,62.31,331,24.81
GSP,ATL,GSP-ATL,262,34.13,153,12.31
LAX,MCO,LAX-MCO,262,247.92,2218,15.54
MDW,ATL,MDW-ATL,262,86.76,591,25.71
MSP,PHX,MSP-PHX,262,172.7,1276,11.07
PHX,MSP,PHX-MSP,262,159.72,1276,14.94
MCO,LAX,MCO-LAX,261,307.19,2218,17.53
DEN,OMA,DEN-OMA,260,63.92,472,29.05
SLC,ATL,SLC-ATL,260,183.26,1590,19.62
BUR,OAK,BUR-OAK,259,55.09,325,10.16
PHX,TUS,PHX-TUS,258,25.3,110,12.4
ATL,SLC,ATL-SLC,257,222.57,1590,19.46
CLT,GSP,CLT-GSP,257,21.25,75,22.8
EWR,PHX,EWR-PHX,257,297.07,2133,15.45
PHX,DAL,PHX-DAL,257,113.71,879,17.93
PHX,EWR,PHX-EWR,257,240.58,2133,24.07
TUS,PHX,TUS-PHX,257,29.37,110,15.95
ATL,MCI,ATL-MCI,256,107.53,692,24.0
ATL,STL,ATL-STL,256,78.4,484,23.32
EWR,TPA,EWR-TPA,256,150.79,997,21.6
GSP,CLT,GSP-CLT,256,27.42,75,25.4
TPA,EWR,TPA-EWR,256,127.19,997,12.9
MDW,DEN,MDW-DEN,255,129.02,895,22.51
PHX,BUR,PHX-BUR,255,68.73,369,20.08
BNA,MCO,BNA-MCO,254,86.28,616,27.53
DAL,PHX,DAL-PHX,254,134.41,879,19.43
MCO,BNA,MCO-BNA,254,96.71,616,28.05
ONT,PHX,ONT-PHX,254,51.46,325,15.48
PHX,ONT,PHX-ONT,254,52.89,325,21.26
BUR,PHX,BUR-PHX,252,65.12,369,20.24
FLL,DFW,FLL-DFW,252,171.82,1119,39.36
MCO,MDW,MCO-MDW,252,141.47,990,24.46
DEN,SAT,DEN-SAT,251,104.73,794,25.11
IAH,SFO,IAH-SFO,251,225.69,1635,29.41
SAT,DEN,SAT-DEN,251,111.4,794,15.79
SFO,IAH,SFO-IAH,251,191.26,1635,19.18
ATL,MEM,ATL-MEM,250,59.18,332,18.11
DFW,XNA,DFW-XNA,250,45.7,280,28.51
DTW,DFW,DTW-DFW,250,151.03,986,38.02
MEM,ATL,MEM-ATL,250,50.65,332,14.88
XNA,DFW,XNA-DFW,250,55.12,280,43.15
DFW,DTW,DFW-DTW,249,121.29,986,27.73
DFW,FLL,DFW-FLL,249,136.83,1119,37.65
ATL,IND,ATL-IND,248,64.93,432,15.79
AUS,MCO,AUS-MCO,248,118.52,994,26.64
BNA,MIA,BNA-MIA,248,111.78,806,32.49
BWI,MIA,BWI-MIA,248,140.77,946,34.17
DAL,SAT,DAL-SAT,248,46.98,247,21.67
IND,ATL,IND-ATL,248,69.01,432,21.14
MCI,ATL,MCI-ATL,248,91.39,692,22.31
MIA,BNA,MIA-BNA,248,117.33,806,30.51
MIA,BWI,MIA-BWI,248,124.52,946,28.33
SAT,DAL,SAT-DAL,248,45.01,247,16.6
ASE,DEN,ASE-DEN,247,32.76,125,33.33
BOS,DEN,BOS-DEN,247,247.54,1754,19.55
DCA,FLL,DCA-FLL,247,136.93,899,25.42
DEN,BOS,DEN-BOS,247,200.35,1754,37.55
FLL,DCA,FLL-DCA,247,118.97,899,25.31
JFK,ATL,JFK-ATL,247,118.28,760,26.42
DEN,ASE,DEN-ASE,246,28.9,125,35.43
FLL,IAH,FLL-IAH,246,152.68,966,38.66
HOU,DEN,HOU-DEN,246,124.27,883,18.99
LGA,PIT,LGA-PIT,246,62.22,335,20.68
PHL,TPA,PHL-TPA,246,140.77,920,27.66
PIT,LGA,PIT-LGA,246,56.12,335,14.77
RIC,ATL,RIC-ATL,246,80.74,481,16.33
ATL,HOU,ATL-HOU,245,114.53,696,20.99
ATL,RIC,ATL-RIC,245,64.18,481,18.37
DEN,MDW,DEN-MDW,245,114.04,895,35.84
HOU,ATL,HOU-ATL,245,86.71,696,21.72
TPA,PHL,TPA-PHL,245,120.14,920,24.05
DTW,EWR,DTW-EWR,244,69.61,488,22.78
EWR,DTW,EWR-DTW,244,84.85,488,21.61
IAH,FLL,IAH-FLL,244,116.74,966,28.94
PHL,FLL,PHL-FLL,244,146.33,992,27.39
FLL,PHL,FLL-PHL,243,131.58,992,30.13
MCO,AUS,MCO-AUS,243,154.66,994,42.08
ATL,JFK,ATL-JFK,242,98.78,760,23.14
CLT,PHX,CLT-PHX,242,250.84,1773,25.62
DAL,MCO,DAL-MCO,242,120.54,973,27.08
DFW,TPA,DFW-TPA,242,115.03,929,40.0
GRR,ORD,GRR-ORD,242,33.07,137,40.85
LAS,DAL,LAS-DAL,242,132.41,1067,25.64
MDW,LAS,MDW-LAS,242,205.77,1521,23.08
MDW,MCO,MDW-MCO,242,130.02,990,30.63
ORD,GRR,ORD-GRR,242,31.0,137,35.68
PHX,CLT,PHX-CLT,242,198.81,1773,14.88
TPA,DFW,TPA-DFW,242,146.69,929,36.02
PHL,DFW,PHL-DFW,241,195.79,1303,27.35
SLC,ORD,SLC-ORD,241,156.63,1250,23.89
DAL,LAS,DAL-LAS,240,152.22,1067,28.81
DEN,CLT,DEN-CLT,240,155.11,1337,17.57
ATL,DAL,ATL-DAL,239,115.18,721,22.88
ATL,SRQ,ATL-SRQ,239,68.02,444,20.92
BWI,DEN,BWI-DEN,239,213.66,1491,20.43
DAL,ATL,DAL-ATL,239,91.04,721,25.85
LAS,MDW,LAS-MDW,239,182.57,1521,26.24
MCO,DAL,MCO-DAL,239,151.47,973,37.29
ORD,SLC,ORD-SLC,239,179.98,1250,27.68
SJC,SNA,SJC-SNA,239,56.43,342,8.86
SNA,SJC,SNA-SJC,239,59.74,342,13.39
SRQ,ATL,SRQ-ATL,239,72.54,444,12.18
CHS,CLT,CHS-CLT,238,38.27,168,21.37
CLT,CHS,CLT-CHS,238,36.74,168,22.98
CLT,DEN,CLT-DEN,238,193.57,1337,26.27
DEN,BWI,DEN-BWI,237,171.0,1491,30.53
DFW,PHL,DFW-PHL,237,153.49,1303,28.57
ORD,MCI,ORD-MCI,237,66.62,403,35.27
CLT,LAX,CLT-LAX,236,290.81,2125,24.26
DEN,DTW,DEN-DTW,236,136.77,1123,27.59
LAX,CLT,LAX-CLT,236,238.54,2125,15.32
DFW,SGF,DFW-SGF,235,55.25,364,28.77
DTW,DEN,DTW-DEN,235,160.3,1123,21.98
MCI,ORD,MCI-ORD,235,64.39,403,36.36
MIA,DEN,MIA-DEN,235,240.86,1709,27.27
DEN,MIA,DEN-MIA,234,200.26,1709,38.57
MCO,RDU,MCO-RDU,234,76.37,534,23.71
SGF,DFW,SGF-DFW,234,64.87,364,36.82
ATL,SEA,ATL-SEA,233,292.9,2182,14.68
HNL,SEA,HNL-SEA,233,299.44,2677,23.9
SEA,ATL,SEA-ATL,233,248.33,2182,20.37
SEA,HNL,SEA-HNL,233,357.97,2677,49.09
DEN,HOU,DEN-HOU,232,117.0,883,32.0
LAS,EWR,LAS-EWR,232,253.15,2227,16.67
LGA,TPA,LGA-TPA,232,155.1,1010,28.51
PHX,SJC,PHX-SJC,232,98.03,621,22.41
SJC,PHX,SJC-PHX,232,85.13,621,18.18
TPA,LGA,TPA-LGA,232,127.25,1010,18.97
ATL,SAT,ATL-SAT,231,135.55,874,18.42
SAT,PHX,SAT-PHX,231,128.62,843,17.11
DFW,SNA,DFW-SNA,230,173.23,1205,22.03
EWR,LAS,EWR-LAS,230,301.82,2227,14.95
RDU,MCO,RDU-MCO,230,85.67,534,25.76
ABQ,PHX,ABQ-PHX,229,57.69,328,22.03
DEN,ONT,DEN-ONT,229,112.19,819,26.11
MCO,PIT,MCO-PIT,229,110.41,834,25.66
MSP,DFW,MSP-DFW,229,124.47,852,28.07
MSY,DEN,MSY-DEN,229,151.44,1062,21.05
MSY,MCO,MSY-MCO,229,75.54,551,27.19
ONT,DEN,ONT-DEN,229,108.99,819,11.56
SNA,DFW,SNA-DFW,229,145.32,1205,22.22
ATL,JAN,ATL-JAN,228,59.74,341,23.79
DFW,ELP,DFW-ELP,228,84.58,551,30.18
DFW,MSP,DFW-MSP,228,113.06,852,25.55
DFW,OKC,DFW-OKC,228,34.69,175,29.55
DTW,PHL,DTW-PHL,228,68.38,453,30.59
ELP,DFW,ELP-DFW,228,74.74,551,28.96
LAS,MSP,LAS-MSP,228,161.33,1299,12.78
OKC,DFW,OKC-DFW,228,38.74,175,34.09
ORD,RDU,ORD-RDU,228,88.71,646,29.09
PHL,DTW,PHL-DTW,228,78.05,453,27.52
PHX,SAT,PHX-SAT,228,102.03,843,28.76
AUS,ORD,AUS-ORD,227,128.26,977,22.02
IAH,LGA,IAH-LGA,227,164.59,1416,27.19
JAN,ATL,JAN-ATL,227,51.19,341,11.61
MSP,LAS,MSP-LAS,227,173.68,1299,13.66
MSP,MDW,MSP-MDW,227,66.27,349,17.56
RDU,DCA,RDU-DCA,227,44.2,227,29.44
RDU,ORD,RDU-ORD,227,108.37,646,22.12
SJC,DEN,SJC-DEN,227,125.18,948,15.38
CLE,MCO,CLE-MCO,226,125.96,895,29.25
CMH,LGA,CMH-LGA,226,76.45,479,15.42
DCA,RDU,DCA-RDU,226,46.44,227,19.16
DEN,SJC,DEN-SJC,226,133.28,948,23.74
LGA,IAH,LGA-IAH,226,220.08,1416,26.36
MCO,CLE,MCO-CLE,226,119.97,895,27.36
MCO,MSY,MCO-MSY,226,93.33,551,36.77
ORD,AUS,ORD-AUS,226,145.33,977,45.87
PHX,ABQ,PHX-ABQ,226,46.9,328,20.72
ATL,BHM,ATL-BHM,225,30.76,134,14.35
JFK,PHX,JFK-PHX,225,302.66,2153,14.8
LGA,CMH,LGA-CMH,225,83.0,479,16.67
MDW,PHX,MDW-PHX,225,200.71,1444,22.82
PHX,JFK,PHX-JFK,225,246.85,2153,22.42
AUS,DAL,AUS-DAL,224,37.22,189,18.69
BHM,ATL,BHM-ATL,224,33.18,134,13.96
DAL,AUS,DAL-AUS,224,38.0,189,21.86
OKC,DEN,OKC-DEN,224,79.28,495,18.81
SMF,BUR,SMF-BUR,224,54.27,358,10.81
SAT,ATL,SAT-ATL,223,104.59,874,15.38
ATL,CMH,ATL-CMH,222,65.0,447,21.27
CMH,ATL,CMH-ATL,222,72.38,447,18.64
DCA,DTW,DCA-DTW,222,69.34,405,24.06
DEN,MSY,DEN-MSY,222,129.84,1062,28.36
DFW,TUL,DFW-TUL,222,41.44,237,29.44
DTW,DCA,DTW-DCA,222,64.54,405,31.75
IAD,ATL,IAD-ATL,222,86.51,534,16.06
MCI,PHX,MCI-PHX,222,148.86,1044,23.36
PHX,MCI,PHX-MCI,222,126.75,1044,23.11
SAN,SLC,SAN-SLC,222,92.21,626,17.12
SFO,PDX,SFO-PDX,222,83.04,550,20.1
SJU,MIA,SJU-MIA,222,144.99,1045,28.38
SLC,SAN,SLC-SAN,222,88.52,626,21.17
ATL,IAD,ATL-IAD,221,75.05,534,13.18
DEN,IAD,DEN-IAD,221,165.78,1452,33.89
EWR,DEN,EWR-DEN,221,224.23,1605,16.96
IAD,DEN,IAD-DEN,221,204.31,1452,23.98
MIA,SJU,MIA-SJU,221,121.96,1045,29.86
PDX,SFO,PDX-SFO,221,87.34,550,35.86
PIT,MCO,PIT-MCO,221,119.4,834,32.11
TUL,DFW,TUL-DFW,221,49.5,237,35.05
BWI,ORD,BWI-ORD,220,102.24,622,27.36
FLL,DTW,FLL-DTW,220,148.89,1127,24.07
DTW,FLL,DTW-FLL,219,159.65,1127,35.81
LGA,MDW,LGA-MDW,219,113.68,725,19.35
MDW,LGA,MDW-LGA,219,93.73,725,28.19
MDW,MSP,MDW-MSP,219,62.74,349,22.28
DEN,BOI,DEN-BOI,218,97.13,649,23.65
DEN,EWR,DEN-EWR,218,185.89,1605,21.82
DFW,LIT,DFW-LIT,218,47.34,304,30.29
PSP,SFO,PSP-SFO,218,77.03,421,28.7
SFO,PSP,SFO-PSP,218,66.76,421,17.21
BOI,DEN,BOI-DEN,217,87.14,649,23.53
DEN,MKE,DEN-MKE,217,113.66,896,24.14
DEN,TUS,DEN-TUS,217,95.51,639,25.59
DFW,MAF,DFW-MAF,217,55.43,309,20.67
LIT,DFW,LIT-DFW,217,58.16,304,37.5
MAF,DFW,MAF-DFW,217,49.7,309,25.84
PHX,MDW,PHX-MDW,217,172.22,1444,15.74
BUR,SMF,BUR-SMF,216,61.0,358,12.68
PBI,HPN,PBI-HPN,216,139.88,1056,23.22
TUS,DEN,TUS-DEN,216,89.84,639,11.9
CLE,ORD,CLE-ORD,215,59.4,316,23.2
HPN,PBI,HPN-PBI,215,158.02,1056,27.49
MKE,DEN,MKE-DEN,215,130.47,896,17.82
MSY,DFW,MSY-DFW,215,77.53,447,37.26
ORD,CLE,ORD-CLE,215,49.32,316,35.57
ORD,PIT,ORD-PIT,215,60.91,413,25.0
PIT,ORD,PIT-ORD,215,71.97,413,17.16
AVL,CLT,AVL-CLT,214,26.91,91,22.38
CLT,AVL,CLT-AVL,214,25.52,91,19.14
DFW,MSY,DFW-MSY,214,63.03,447,36.97
EWR,RSW,EWR-RSW,214,162.5,1068,24.18
LAS,JFK,LAS-JFK,214,260.97,2248,20.38
DTW,RSW,DTW-RSW,213,150.6,1084,41.23
MCO,STL,MCO-STL,213,130.77,882,30.77
RSW,EWR,RSW-EWR,213,137.34,1068,19.55
ATL,SDF,ATL-SDF,212,54.36,321,16.11
JFK,LAS,JFK-LAS,212,308.03,2248,12.8
RSW,DTW,RSW-DTW,212,144.48,1084,19.71
SDF,ATL,SDF-ATL,212,58.78,321,16.59
ABQ,DEN,ABQ-DEN,211,57.04,349,16.0
BWI,CLT,BWI-CLT,211,66.11,361,25.96
DEN,ABQ,DEN-ABQ,211,52.02,349,21.08
FLL,LAX,FLL-LAX,211,324.61,2343,32.32
MIA,TPA,MIA-TPA,211,40.6,204,38.76
OAK,SNA,OAK-SNA,211,62.14,371,11.37
ORD,BWI,ORD-BWI,211,83.74,622,37.11
ORD,CMH,ORD-CMH,211,49.77,296,34.48
PHX,PHL,PHX-PHL,211,233.13,2075,13.4
SJU,ATL,SJU-ATL,211,213.82,1547,23.33
SNA,OAK,SNA-OAK,211,65.87,371,19.91
TPA,MIA,TPA-MIA,211,41.26,204,24.4
BNA,PHL,BNA-PHL,210,89.93,675,19.9
CLT,BWI,CLT-BWI,210,55.43,361,28.16
CMH,ORD,CMH-ORD,210,55.06,296,30.39
IAH,PHX,IAH-PHX,210,151.95,1009,20.98
ORD,JFK,ORD-JFK,210,102.76,740,35.75
PHL,BNA,PHL-BNA,210,108.91,675,19.39
PHL,PHX,PHL-PHX,210,287.95,2075,20.29
PHX,IAH,PHX-IAH,210,124.74,1009,15.27
SAN,ORD,SAN-ORD,210,208.43,1723,13.47
ATL,SJU,ATL-SJU,209,179.29,1547,18.27
DTW,CLT,DTW-CLT,209,79.69,500,21.78
JFK,ORD,JFK-ORD,209,125.24,740,30.93
LAX,FLL,LAX-FLL,209,260.1,2343,21.72
ORD,SAN,ORD-SAN,209,230.81,1723,21.28
CLT,DTW,CLT-DTW,208,76.3,500,19.8
CLT,ILM,CLT-ILM,208,34.55,185,27.8
ELP,PHX,ELP-PHX,208,60.39,347,13.17
IAH,MSY,IAH-MSY,208,45.34,305,24.86
ILM,CLT,ILM-CLT,208,43.34,185,17.16
MSY,IAH,MSY-IAH,208,58.19,305,22.1
STL,MCO,STL-MCO,208,114.82,882,35.78
BOS,RSW,BOS-RSW,207,193.34,1249,40.2
ATL,CLE,ATL-CLE,206,75.78,554,20.0
ATL,CVG,ATL-CVG,206,58.13,373,23.53
CLE,ATL,CLE-ATL,206,85.08,554,21.46
CVG,ATL,CVG-ATL,206,66.8,373,18.54
LAS,CLT,LAS-CLT,206,217.2,1916,15.61
LAX,RNO,LAX-RNO,206,66.98,391,16.26
RNO,LAX,RNO-LAX,206,63.56,391,8.82
RSW,BOS,RSW-BOS,206,155.59,1249,33.17
CLT,LAS,CLT-LAS,205,266.25,1916,31.37
DAL,MSY,DAL-MSY,205,60.97,436,28.21
PBI,CLT,PBI-CLT,205,91.21,590,23.53
PHX,ELP,PHX-ELP,205,49.4,347,19.21
ATL,SFO,ATL-SFO,204,291.81,2139,18.91
CLT,PBI,CLT-PBI,204,90.15,590,26.87
CLT,RSW,CLT-RSW,204,93.44,600,26.47
CRP,DFW,CRP-DFW,204,61.02,354,24.12
DEN,OKC,DEN-OKC,204,68.98,495,24.12
DFW,CRP,DFW-CRP,204,62.41,354,25.5
DTW,BOS,DTW-BOS,204,83.09,632,32.5
DTW,TPA,DTW-TPA,204,136.84,983,36.5
RSW,CLT,RSW-CLT,204,89.39,600,14.85
SFO,ATL,SFO-ATL,204,239.52,2139,13.57
ATL,CHS,ATL-CHS,203,43.54,259,17.73
ATL,TYS,ATL-TYS,203,32.04,152,20.92
AUS,JFK,AUS-JFK,203,183.18,1521,25.5
BOS,DTW,BOS-DTW,203,103.49,632,23.23
CLT,ORF,CLT-ORF,203,45.0,290,30.85
CLT,TYS,CLT-TYS,203,37.8,177,26.98
ORF,CLT,ORF-CLT,203,59.43,290,22.89
TPA,DTW,TPA-DTW,203,129.86,983,25.13
TYS,CLT,TYS-CLT,203,35.55,177,30.32
CHS,ATL,CHS-ATL,202,49.79,259,12.38
CLT,JAX,CLT-JAX,202,55.46,328,27.86
JAX,CLT,JAX-CLT,202,56.54,328,23.0
LAX,PHL,LAX-PHL,202,271.82,2402,13.5
PHL,LAX,PHL-LAX,202,324.59,2402,23.5
SJC,BUR,SJC-BUR,202,45.89,296,12.56
STL,DCA,STL-DCA,202,93.91,719,25.13
TYS,ATL,TYS-ATL,202,34.81,152,24.23
BUF,JFK,BUF-JFK,201,59.82,301,32.14
DCA,STL,DCA-STL,201,115.52,719,21.55
DEN,IND,DEN-IND,201,116.73,977,28.21
EWR,SJU,EWR-SJU,201,202.89,1608,30.65
IND,LGA,IND-LGA,201,92.64,660,14.74
JFK,BUF,JFK-BUF,201,58.92,301,30.99
MCO,MSP,MCO-MSP,201,184.05,1310,10.0
MIA,RDU,MIA-RDU,201,100.82,700,36.5
MSP,MCO,MSP-MCO,201,165.95,1310,22.0
CLE,LGA,CLE-LGA,200,67.01,419,17.99
DEN,PHL,DEN-PHL,200,178.07,1558,27.69
IND,DEN,IND-DEN,200,143.32,977,18.97
JFK,AUS,JFK-AUS,200,230.4,1521,32.14
RDU,MIA,RDU-MIA,200,107.43,700,32.83
SJU,EWR,SJU-EWR,200,225.51,1608,25.38
ATL,PIT,ATL-PIT,199,71.44,526,16.08
DFW,LBB,DFW-LBB,199,50.04,282,27.96
LBB,DFW,LBB-DFW,199,49.05,282,30.69
LGA,CLE,LGA-CLE,199,73.17,419,13.44
LGA,IND,LGA-IND,199,107.22,660,16.32
PHX,STL,PHX-STL,199,148.92,1262,26.18
PIT,ATL,PIT-ATL,199,81.93,526,16.16
BNA,FLL,BNA-FLL,198,110.63,793,25.67
CLT,GSO,CLT-GSO,198,24.66,83,20.41
DFW,ICT,DFW-ICT,198,53.42,328,21.76
HNL,SFO,HNL-SFO,198,266.75,2398,14.84
PHL,DEN,PHL-DEN,198,222.57,1558,23.83
SFO,HNL,SFO-HNL,198,316.31,2398,37.91
GSO,CLT,GSO-CLT,197,28.02,83,20.62
HOU,MSY,HOU-MSY,197,44.4,302,25.38
ICT,DFW,ICT-DFW,197,59.08,328,30.73
LAS,LGB,LAS-LGB,197,43.08,231,20.51
LAS,ONT,LAS-ONT,197,35.54,197,13.2
LGA,MSP,LGA-MSP,197,151.26,1020,11.28
LGB,LAS,LGB-LAS,197,43.65,231,18.04
MSP,LGA,MSP-LGA,197,129.62,1020,19.17
MSY,DAL,MSY-DAL,197,72.09,436,29.69
ONT,LAS,ONT-LAS,197,40.04,197,17.35
ATL,SAV,ATL-SAV,196,38.65,214,15.38
CLT,SAV,CLT-SAV,196,40.94,213,26.7
LAX,TUS,LAX-TUS,196,63.88,451,18.46
MSY,HOU,MSY-HOU,196,57.1,302,30.21
SAV,ATL,SAV-ATL,196,42.77,214,9.69
TUS,LAX,TUS-LAX,196,75.03,451,21.94
FLL,BNA,FLL-BNA,195,114.74,793,28.72
SAV,CLT,SAV-CLT,195,45.95,213,21.88
SMF,SNA,SMF-SNA,195,65.1,404,14.87
SNA,SMF,SNA-SMF,195,71.34,404,14.43
ATL,HSV,ATL-HSV,194,35.16,151,17.65
BUR,SJC,BUR-SJC,194,50.89,296,12.17
DEN,RNO,DEN-RNO,194,114.58,804,24.47
DTW,LAX,DTW-LAX,194,264.32,1979,17.89
EWR,RDU,EWR-RDU,194,73.29,416,25.82
PDX,SJC,PDX-SJC,194,86.36,569,25.13
RDU,EWR,RDU-EWR,194,63.36,416,18.89
HSV,ATL,HSV-ATL,193,32.06,151,18.28
IAH,BNA,IAH-BNA,193,84.13,657,24.31
JFK,SLC,JFK-SLC,193,278.56,1990,18.65
LAX,DTW,LAX-DTW,193,232.54,1979,19.58
MCO,IND,MCO-IND,193,118.57,829,26.7
RNO,DEN,RNO-DEN,193,105.73,804,14.21
SLC,JFK,SLC-JFK,193,231.26,1990,28.57
BNA,IAH,BNA-IAH,192,112.38,657,27.53
DCA,TPA,DCA-TPA,192,126.19,814,23.78
JFK,TPA,JFK-TPA,192,153.03,1005,25.13
MCI,DFW,MCI-DFW,192,78.48,460,42.86
TPA,DCA,TPA-DCA,192,105.72,814,18.92
ATL,GSO,ATL-GSO,191,49.78,306,16.84
BOS,TPA,BOS-TPA,191,182.05,1185,30.16
CLT,IAH,CLT-IAH,191,142.37,912,26.74
DFW,MCI,DFW-MCI,191,67.74,460,31.02
DTW,LAS,DTW-LAS,191,235.03,1749,26.6
LAS,DTW,LAS-DTW,191,202.79,1749,20.54
MCO,SLC,MCO-SLC,191,271.98,1931,24.47
SLC,MCO,SLC-MCO,191,225.88,1931,24.08
TPA,JFK,TPA-JFK,191,126.57,1005,17.37
GSO,ATL,GSO-ATL,190,56.85,306,17.02
IAH,CLT,IAH-CLT,190,111.78,912,20.86
IND,MCO,IND-MCO,190,112.55,829,25.81
STL,PHX,STL-PHX,190,182.01,1262,22.58
TPA,BOS,TPA-BOS,190,146.94,1185,22.58
JFK,SEA,JFK-SEA,189,330.57,2422,14.79
MKE,ATL,MKE-ATL,189,95.76,669,29.51
PSP,SEA,PSP-SEA,189,149.76,987,14.56
SEA,PSP,SEA-PSP,189,131.23,987,18.07
ATL,MKE,ATL-MKE,188,93.97,669,20.44
CLT,MYR,CLT-MYR,188,33.04,157,23.37
DEN,DSM,DEN-DSM,188,76.92,589,30.06
DSM,DEN,DSM-DEN,188,89.12,589,23.26
PHX,BNA,PHX-BNA,188,165.76,1449,19.66
AUS,BNA,AUS-BNA,187,92.62,756,25.14
LAS,SAT,LAS-SAT,187,127.83,1069,20.22
MYR,CLT,MYR-CLT,187,38.63,157,14.59
SAT,LAS,SAT-LAS,187,152.36,1069,20.77
ABQ,DFW,ABQ-DFW,186,78.17,569,30.56
CVG,ORD,CVG-ORD,186,52.81,264,22.78
DAL,LAX,DAL-LAX,186,176.33,1246,20.99
DCA,JFK,DCA-JFK,186,45.27,213,15.34
DCA,PVD,DCA-PVD,186,56.11,356,22.81
DFW,ABQ,DFW-ABQ,186,88.66,569,36.67
IAH,SLC,IAH-SLC,186,170.36,1195,27.78
JFK,DCA,JFK-DCA,186,48.92,213,12.92
LAX,DAL,LAX-DAL,186,153.17,1246,21.86
ORD,CVG,ORD-CVG,186,46.18,264,33.7
PVD,DCA,PVD-DCA,186,73.7,356,23.73
SEA,JFK,SEA-JFK,186,282.91,2422,19.63
CLT,RIC,CLT-RIC,185,42.94,257,26.49
RIC,CLT,RIC-CLT,185,52.76,257,21.86
SJC,PDX,SJC-PDX,185,89.86,569,20.57
SLC,IAH,SLC-IAH,185,150.82,1195,22.47
BNA,AUS,BNA-AUS,184,123.65,756,24.56
DFW,TUS,DFW-TUS,184,122.78,813,30.6
IAD,LGA,IAD-LGA,184,46.43,229,14.94
IAH,DCA,IAH-DCA,184,138.94,1208,21.02
PHL,RSW,PHL-RSW,184,153.99,993,25.84
RSW,PHL,RSW-PHL,184,129.49,993,27.37
TUS,DFW,TUS-DFW,184,101.86,813,26.23
AMA,DFW,AMA-DFW,183,50.06,312,32.56
CLT,BHM,CLT-BHM,183,64.12,350,20.22
DCA,IAH,DCA-IAH,183,187.49,1208,18.86
DFW,AMA,DFW-AMA,183,53.54,312,30.36
LGA,IAD,LGA-IAD,183,51.51,229,13.87
BHM,CLT,BHM-CLT,182,55.38,350,20.69
BOS,RDU,BOS-RDU,182,101.46,612,30.68
EWR,PIT,EWR-PIT,182,59.77,319,9.6
RDU,BOS,RDU-BOS,182,83.44,612,28.33
TPA,BNA,TPA-BNA,182,91.38,612,18.45
BOS,PHX,BOS-PHX,181,321.11,2300,16.11
CMH,MCO,CMH-MCO,181,114.67,802,19.44
MSP,SEA,MSP-SEA,181,193.38,1399,11.76
PHX,BOS,PHX-BOS,181,256.14,2300,16.67
PIT,EWR,PIT-EWR,181,56.28,319,8.99
BNA,DAL,BNA-DAL,180,99.52,623,23.03
BZN,DEN,BZN-DEN,180,72.27,524,22.54
DAL,BNA,DAL-BNA,180,77.3,623,20.96
DEN,BZN,DEN-BZN,180,80.53,524,24.28
SEA,MSP,SEA-MSP,180,169.64,1399,9.41
BNA,PHX,BNA-PHX,179,208.72,1449,19.41
MCO,HOU,MCO-HOU,179,137.97,849,45.2
MSP,DTW,MSP-DTW,179,73.08,528,15.73
ATL,LIT,ATL-LIT,178,75.27,453,16.95
DAL,STL,DAL-STL,178,74.96,546,19.77
DCA,MDW,DCA-MDW,178,96.3,601,15.63
LAX,SAN,LAX-SAN,178,28.8,109,10.67
MCO,CMH,MCO-CMH,178,108.58,802,28.65
MDW,DCA,MDW-DCA,178,80.97,601,28.93
PBI,PHL,PBI-PHL,178,129.21,951,28.9
PHL,PBI,PHL-PBI,178,141.2,951,32.37
SAN,LAX,SAN-LAX,178,27.82,109,7.3
STL,DAL,STL-DAL,178,85.72,546,26.32
CVG,LGA,CVG-LGA,177,86.17,585,15.88
DTW,MSP,DTW-MSP,177,82.64,528,20.45
LGA,CVG,LGA-CVG,177,103.63,585,16.17
MIA,MSY,MIA-MSY,177,108.96,675,42.05
MSY,MIA,MSY-MIA,177,87.49,675,30.11
ONT,DFW,ONT-DFW,177,144.19,1188,20.23
SJU,FLL,SJU-FLL,177,145.93,1046,29.38
ABQ,LAX,ABQ-LAX,176,100.76,677,7.39
DFW,MEM,DFW-MEM,176,61.59,431,27.22
DFW,ONT,DFW-ONT,176,167.95,1188,24.86
HOU,MCO,HOU-MCO,176,103.03,849,20.69
LIT,ATL,LIT-ATL,176,63.22,453,24.0
MEM,DFW,MEM-DFW,176,76.27,431,36.09
ORD,SNA,ORD-SNA,176,234.6,1726,23.7
SNA,ORD,SNA-ORD,176,209.8,1726,15.61
ATL,AGS,ATL-AGS,175,31.09,143,26.44
ATL,PNS,ATL-PNS,175,51.4,271,16.57
CLT,MSP,CLT-MSP,175,135.21,930,17.14
DFW,PDX,DFW-PDX,175,224.72,1616,35.76
LAX,ABQ,LAX-ABQ,175,88.53,677,7.43
MSP,CLT,MSP-CLT,175,119.66,930,19.43
PDX,DFW,PDX-DFW,175,190.91,1616,35.15
PNS,ATL,PNS-ATL,175,43.79,271,4.57
AGS,ATL,AGS-ATL,174,34.72,143,33.91
ATL,CAE,ATL-CAE,174,35.88,192,18.97
BNA,RDU,BNA-RDU,174,65.86,442,27.78
BNA,TPA,BNA-TPA,174,87.21,612,23.75
FLL,SJU,FLL-SJU,174,122.01,1046,28.74
LGA,MCI,LGA-MCI,174,170.69,1107,22.7
MCI,LGA,MCI-LGA,174,136.09,1107,29.3
OAK,PDX,OAK-PDX,174,82.05,543,15.98
CLT,SRQ,CLT-SRQ,173,87.82,547,29.65
DFW,MFE,DFW-MFE,173,73.75,469,31.58
DFW,STL,DFW-STL,173,76.18,550,33.92
MFE,DFW,MFE-DFW,173,70.57,469,23.98
MSP,DCA,MSP-DCA,173,117.69,931,21.34
OAK,PHX,OAK-PHX,173,87.88,646,18.71
SRQ,CLT,SRQ-CLT,173,80.53,547,21.64
STL,DFW,STL-DFW,173,91.18,550,38.6
BOS,PBI,BOS-PBI,172,181.02,1197,37.06
CAE,ATL,CAE-ATL,172,42.59,192,15.7
DCA,MSP,DCA-MSP,172,137.04,931,19.05
DFW,HOU,DFW-HOU,172,47.69,247,19.38
HOU,DFW,HOU-DFW,172,47.02,247,26.09
ORD,STL,ORD-STL,172,48.07,258,29.61
PBI,BOS,PBI-BOS,172,152.39,1197,33.93
PHX,RNO,PHX-RNO,172,92.86,601,23.67
RNO,PHX,RNO-PHX,172,80.79,601,9.41
STL,ORD,STL-ORD,172,50.52,258,33.97
BNA,BOS,BNA-BOS,171,117.07,942,17.95
BOS,BNA,BOS-BNA,171,147.52,942,18.47
DTW,MDW,DTW-MDW,171,46.39,228,33.97
DTW,MIA,DTW-MIA,171,160.26,1145,36.53
EWR,MSP,EWR-MSP,171,149.94,1008,14.37
MDW,DTW,MDW-DTW,171,40.85,228,32.7
MIA,DTW,MIA-DTW,171,151.45,1145,34.52
MSP,EWR,MSP-EWR,171,128.31,1008,14.97
OAK,SEA,OAK-SEA,171,99.65,672,17.95
OAK,SLC,OAK-SLC,171,83.49,588,17.65
PDX,SLC,PDX-SLC,171,84.1,630,20.36
RDU,BNA,RDU-BNA,171,79.59,442,19.14
RDU,DFW,RDU-DFW,171,169.26,1061,29.76
SLC,OAK,SLC-OAK,171,88.79,588,21.76
SLC,PDX,SLC-PDX,171,97.41,630,26.95
PDX,OAK,PDX-OAK,170,80.61,543,12.88
ATL,CHA,ATL-CHA,169,25.87,106,19.39
BOI,LAS,BOI-LAS,169,80.5,519,22.75
DFW,RDU,DFW-RDU,169,126.46,1061,28.92
DTW,PHX,DTW-PHX,169,230.7,1671,33.13
PHX,DTW,PHX-DTW,169,192.92,1671,20.0
CHA,ATL,CHA-ATL,168,27.82,106,16.36
DCA,MCI,DCA-MCI,168,144.35,949,22.15
DEN,HDN,DEN-HDN,168,31.45,141,29.7
HDN,DEN,HDN-DEN,168,30.39,141,32.93
JFK,SAN,JFK-SAN,168,332.46,2446,14.29
LAS,BOI,LAS-BOI,168,86.74,519,17.86
LAX,OGG,LAX-OGG,168,326.24,2486,17.37
LAX,SAT,LAX-SAT,168,143.69,1211,24.55
MCI,DCA,MCI-DCA,168,116.4,949,36.81
MSY,AUS,MSY-AUS,168,75.41,444,37.13
OGG,LAX,OGG-LAX,168,279.41,2486,14.02
PBI,JFK,PBI-JFK,168,131.73,1028,33.13
PHX,OAK,PHX-OAK,168,100.78,646,17.86
SAN,JFK,SAN-JFK,168,284.63,2446,23.08
SEA,OAK,SEA-OAK,168,96.27,672,25.66
SJU,BOS,SJU-BOS,168,225.44,1674,22.16
ATL,OKC,ATL-OKC,167,117.3,761,18.79
ATL,OMA,ATL-OMA,167,120.95,821,18.18
ATL,ORF,ATL-ORF,167,66.97,516,17.07
AUS,MSY,AUS-MSY,167,58.7,444,27.88
CLE,EWR,CLE-EWR,167,63.02,404,8.78
CVG,JFK,CVG-JFK,167,91.67,589,13.33
DEN,MTJ,DEN-MTJ,167,36.25,196,24.7
EWR,CLE,EWR-CLE,167,68.82,404,16.0
EWR,IND,EWR-IND,167,104.57,645,12.27
IND,EWR,IND-EWR,167,90.33,645,10.91
JFK,CVG,JFK-CVG,167,103.95,589,17.39
JFK,PBI,JFK-PBI,167,155.23,1028,31.33
MTJ,DEN,MTJ-DEN,167,37.3,196,18.07
OKC,ATL,OKC-ATL,167,94.82,761,11.59
OMA,ATL,OMA-ATL,167,105.77,821,25.45
ORF,ATL,ORF-ATL,167,88.61,516,10.37
STL,MSP,STL-MSP,167,70.28,448,19.63
ATL,AVL,ATL-AVL,166,32.74,164,14.55
LGB,SMF,LGB-SMF,166,64.93,387,10.43
MDW,DAL,MDW-DAL,166,118.03,793,23.84
PHL,RDU,PHL-RDU,166,61.52,337,30.19
RDU,PHL,RDU-PHL,166,56.52,337,16.35
SMF,LGB,SMF-LGB,166,61.19,387,9.2
AVL,ATL,AVL-ATL,165,35.93,164,20.12
BNA,DTW,BNA-DTW,165,69.3,456,29.03
DTW,BNA,DTW-BNA,165,73.12,456,23.23
FLL,SFO,FLL-SFO,165,356.29,2584,30.41
MKE,MCO,MKE-MCO,165,140.88,1066,30.57
SFO,FLL,SFO-FLL,165,291.56,2584,23.18
HOU,PHX,HOU-PHX,164,152.34,1020,29.45
IND,JFK,IND-JFK,164,97.5,665,14.65
JFK,IND,JFK-IND,164,107.24,665,17.61
ORD,MSN,ORD-MSN,164,29.41,108,37.84
SAT,LAX,SAT-LAX,164,175.0,1211,13.41
ASE,LAX,ASE-LAX,163,106.33,737,25.17
ATL,ECP,ATL-ECP,163,44.65,240,20.37
ECP,ATL,ECP-ATL,163,42.91,240,14.72
FAI,SEA,FAI-SEA,163,188.28,1533,29.14
IND,DCA,IND-DCA,163,73.04,500,10.32
LAX,ASE,LAX-ASE,163,109.17,737,36.43
CVG,EWR,CVG-EWR,162,84.44,569,10.32
DCA,CVG,DCA-CVG,162,73.9,411,25.32
DCA,IND,DCA-IND,162,84.08,500,14.29
EWR,CVG,EWR-CVG,162,100.84,569,16.56
JAX,MIA,JAX-MIA,162,57.01,335,21.88
MDW,MCI,MDW-MCI,162,66.08,405,22.14
MIA,JAX,MIA-JAX,162,54.23,335,25.16
MSN,ORD,MSN-ORD,162,30.92,108,40.28
SEA,FAI,SEA-FAI,162,204.46,1533,26.32
CMH,DCA,CMH-DCA,161,53.61,323,15.03
CVG,DCA,CVG-DCA,161,63.01,411,23.18
DCA,CMH,DCA-CMH,161,59.38,323,20.0
IAH,DTW,IAH-DTW,161,129.17,1075,25.16
LAS,HOU,LAS-HOU,161,146.8,1235,27.95
PHL,SJU,PHL-SJU,161,200.53,1576,39.49
SDF,DFW,SDF-DFW,161,120.69,733,34.39
SJU,PHL,SJU-PHL,161,217.14,1576,39.61
DAL,MCI,DAL-MCI,160,66.36,461,24.32
DFW,SDF,DFW-SDF,160,93.7,733,26.28
DTW,IAH,DTW-IAH,160,164.09,1075,26.32
MSP,RSW,MSP-RSW,160,180.36,1416,18.13
RSW,MSP,RSW-MSP,160,193.35,1416,18.24
AUS,IAH,AUS-IAH,159,33.88,140,22.37
AUS,MIA,AUS-MIA,159,130.89,1103,33.54
CVG,MCO,CVG-MCO,159,106.06,757,23.08
MCO,CVG,MCO-CVG,159,107.52,757,24.2
MSP,STL,MSP-STL,159,66.49,448,20.0
BOS,SEA,BOS-SEA,158,338.86,2496,21.05
CVG,DEN,CVG-DEN,158,156.51,1069,16.67
DAL,MDW,DAL-MDW,158,103.59,793,23.45
DEN,CVG,DEN-CVG,158,128.25,1069,25.0
IAH,SAT,IAH-SAT,158,40.27,191,27.34
MCI,MCO,MCI-MCO,158,135.19,1072,30.52
MIA,AUS,MIA-AUS,158,169.28,1103,33.97
MIA,MSP,MIA-MSP,158,203.15,1501,31.41
MSP,MIA,MSP-MIA,158,189.52,1501,28.85
BNA,LAX,BNA-LAX,157,246.61,1797,18.79
IAH,AUS,IAH-AUS,157,30.9,140,24.67
LAS,MCI,LAS-MCI,157,138.43,1139,23.68
MCI,DAL,MCI-DAL,157,72.65,461,28.17
MCO,MKE,MCO-MKE,157,147.58,1066,30.26
OAK,DEN,OAK-DEN,157,121.25,957,14.94
SEA,BOS,SEA-BOS,157,285.01,2496,29.25
ATL,TLH,ATL-TLH,156,41.6,223,18.71
BNA,JFK,BNA-JFK,156,111.16,765,20.55
BOS,SJU,BOS-SJU,156,210.87,1674,33.55
LAX,MSP,LAX-MSP,156,188.94,1535,10.9
MKE,ORD,MKE-ORD,156,26.97,67,35.04
MSP,LAX,MSP-LAX,156,201.74,1535,6.41
PHX,HOU,PHX-HOU,156,121.06,1020,25.16
SAT,IAH,SAT-IAH,156,38.66,191,14.49
TLH,ATL,TLH-ATL,156,44.21,223,16.77
BDL,DCA,BDL-DCA,155,61.7,313,29.86
BOS,MSP,BOS-MSP,155,166.55,1124,18.83
DCA,BDL,DCA-BDL,155,52.63,313,23.61
DSM,ORD,DSM-ORD,155,55.83,299,30.94
MCO,MCI,MCO-MCI,155,159.55,1072,34.23
MIA,PHX,MIA-PHX,155,280.67,1972,41.29
MSP,BOS,MSP-BOS,155,136.05,1124,21.43
ORD,DSM,ORD-DSM,155,52.82,299,30.99
ORD,MKE,ORD-MKE,155,20.41,67,34.97
PHX,MIA,PHX-MIA,155,218.52,1972,20.0
SFO,IAD,SFO-IAD,155,264.6,2419,34.92
DEN,FLL,DEN-FLL,154,198.51,1703,37.59
DFW,JFK,DFW-JFK,154,170.33,1391,27.45
DFW,SHV,DFW-SHV,154,35.29,190,21.68
FLL,DEN,FLL-DEN,154,239.85,1703,29.85
JFK,BNA,JFK-BNA,154,123.72,765,18.75
JFK,DFW,JFK-DFW,154,209.53,1391,29.33
MCI,LAS,MCI-LAS,154,156.91,1139,22.97
MCO,BDL,MCO-BDL,154,130.9,1050,27.15
MCO,SEA,MCO-SEA,154,344.73,2554,18.55
MIA,SFO,MIA-SFO,154,355.88,2585,36.76
RIC,LGA,RIC-LGA,154,49.16,292,30.61
SEA,MCO,SEA-MCO,154,291.92,2554,17.8
SFO,MIA,SFO-MIA,154,289.5,2585,28.57
SHV,DFW,SHV-DFW,154,43.19,190,30.28
AUS,SFO,AUS-SFO,153,210.48,1504,27.59
BDL,MCO,BDL-MCO,153,158.41,1050,31.08
BHM,DFW,BHM-DFW,153,102.27,597,28.57
COS,DFW,COS-DFW,153,81.07,592,33.55
DFW,BHM,DFW-BHM,153,75.91,597,33.78
DFW,COS,DFW-COS,153,91.07,592,28.95
DFW,HSV,DFW-HSV,153,78.03,603,30.5
DTW,JFK,DTW-JFK,153,75.78,509,26.97
HOU,LAS,HOU-LAS,153,174.76,1235,25.49
IAD,SFO,IAD-SFO,153,315.82,2419,22.48
IAH,MSP,IAH-MSP,153,135.77,1034,21.62
LGA,RIC,LGA-RIC,153,58.35,292,23.08
OMA,ORD,OMA-ORD,153,69.08,416,24.46
ORD,OMA,ORD-OMA,153,67.43,416,28.57
CMH,EWR,CMH-EWR,152,74.74,463,4.05
DEN,OAK,DEN-OAK,152,132.62,957,31.54
DEN,TUL,DEN-TUL,152,71.84,541,29.05
EWR,CMH,EWR-CMH,152,79.4,463,8.05
HSV,DFW,HSV-DFW,152,104.83,603,35.97
JFK,DTW,JFK-DTW,152,89.03,509,22.37
MDW,BNA,MDW-BNA,152,60.26,395,21.32
MSP,IAH,MSP-IAH,152,147.61,1034,15.65
SFO,AUS,SFO-AUS,152,179.05,1504,24.58
ABI,DFW,ABI-DFW,151,33.75,158,22.15
AUS,HOU,AUS-HOU,151,31.91,148,22.82
BWI,DTW,BWI-DTW,151,68.33,409,33.11
BWI,RDU,BWI-RDU,151,49.05,255,30.77
DFW,ABI,DFW-ABI,151,34.76,158,23.33
DTW,BWI,DTW-BWI,151,63.75,409,33.56
HOU,SAT,HOU-SAT,151,40.21,192,26.17
MCI,MDW,MCI-MDW,151,61.41,405,21.05
RDU,BWI,RDU-BWI,151,43.85,255,14.58
SAT,HOU,SAT-HOU,151,34.71,192,19.46
SLC,SMF,SLC-SMF,151,80.64,532,25.17
SMF,SLC,SMF-SLC,151,74.72,532,18.54
ABQ,LAS,ABQ-LAS,150,74.23,486,18.12
ASE,ORD,ASE-ORD,150,136.22,1013,35.88
DEN,CMH,DEN-CMH,150,136.62,1154,34.69
MCI,MSP,MCI-MSP,150,61.3,393,26.85
ORD,ASE,ORD-ASE,150,152.96,1013,35.66
SJC,SLC,SJC-SLC,150,87.3,584,13.33
SLC,SJC,SLC-SJC,150,93.07,584,24.0
ATL,LEX,ATL-LEX,149,49.7,304,16.22
BUR,DEN,BUR-DEN,149,111.01,850,13.79
CLT,PNS,CLT-PNS,149,81.79,488,29.93
IAH,TPA,IAH-TPA,149,98.46,787,17.65
LAS,BWI,LAS-BWI,149,238.33,2106,20.14
LGB,OAK,LGB-OAK,149,58.93,353,10.81
MSP,MCI,MSP-MCI,149,64.28,393,19.18
OAK,LGB,OAK-LGB,149,58.79,353,9.59
PNS,CLT,PNS-CLT,149,68.51,488,28.97
CLE,CLT,CLE-CLT,148,69.74,430,20.57
CLT,CLE,CLT-CLE,148,66.15,430,27.66
CLT,CVG,CLT-CVG,148,57.89,335,37.41
CLT,EYW,CLT-EYW,148,109.4,736,26.9
CLT,IND,CLT-IND,148,71.35,427,22.97
CLT,MEM,CLT-MEM,148,87.28,511,35.17
CLT,SDF,CLT-SDF,148,60.12,335,29.25
CVG,CLT,CVG-CLT,148,59.12,335,32.19
EYW,CLT,EYW-CLT,148,106.27,736,31.29
IND,CLT,IND-CLT,148,67.54,427,25.0
LAS,STL,LAS-STL,148,160.88,1371,21.53
LAX,BNA,LAX-BNA,148,204.49,1797,20.0
LEX,ATL,LEX-ATL,148,62.17,304,17.69
MEM,CLT,MEM-CLT,148,70.66,511,31.72
ORD,SBN,ORD-SBN,148,24.87,84,36.13
RDU,DEN,RDU-DEN,148,209.77,1436,16.9
SDF,CLT,SDF-CLT,148,56.38,335,33.56
TPA,IAH,TPA-IAH,148,129.61,787,22.46
AUS,CLT,AUS-CLT,147,121.52,1032,22.07
BNA,MDW,BNA-MDW,147,65.92,395,23.44
CLT,AUS,CLT-AUS,147,161.68,1032,34.25
CLT,CMH,CLT-CMH,147,56.16,347,31.29
CLT,STL,CLT-STL,147,94.86,575,27.78
CMH,CLT,CMH-CLT,147,57.97,347,25.85
DAL,DCA,DAL-DCA,147,135.01,1184,23.02
DCA,DAL,DCA-DAL,147,181.43,1184,25.37
DCA,PBI,DCA-PBI,147,134.38,857,26.76
LEX,CLT,LEX-CLT,147,52.23,281,30.56
PBI,DCA,PBI-DCA,147,116.64,857,25.0
PBI,ORD,PBI-ORD,147,162.72,1144,20.14
SBN,ORD,SBN-ORD,147,24.26,84,35.34
STL,CLT,STL-CLT,147,79.98,575,21.53
BOS,IND,BOS-IND,146,133.04,818,23.02
CLT,IAD,CLT-IAD,146,52.28,322,15.97
CLT,LEX,CLT-LEX,146,51.94,281,26.06
CLT,PIT,CLT-PIT,146,57.47,366,31.51
DEN,PSP,DEN-PSP,146,108.79,776,28.77
IAD,CLT,IAD-CLT,146,60.83,322,23.24
IND,BOS,IND-BOS,146,105.49,818,21.99
LAX,IAD,LAX-IAD,146,251.39,2288,26.12
MDW,STL,MDW-STL,146,45.65,251,20.61
ORD,PBI,ORD-PBI,146,155.88,1144,33.58
PIT,CLT,PIT-CLT,146,63.37,366,24.83
PSP,DEN,PSP-DEN,146,102.25,776,10.27
STL,MDW,STL-MDW,146,44.52,251,20.31
ABQ,DAL,ABQ-DAL,145,81.2,580,12.14
ATL,BDL,ATL-BDL,145,105.66,859,19.31
BWI,ALB,BWI-ALB,145,51.95,289,36.36
DAL,ABQ,DAL-ABQ,145,89.01,580,22.14
DEN,RDU,DEN-RDU,145,165.02,1436,33.58
DFW,JAN,DFW-JAN,145,58.16,408,26.76
IAD,LAX,IAD-LAX,145,299.75,2288,21.31
BDL,ATL,BDL-ATL,144,131.36,859,22.38
BNA,BWI,BNA-BWI,144,75.79,587,19.26
BUF,LGA,BUF-LGA,144,56.14,292,22.69
BUF,MCO,BUF-MCO,144,141.46,1011,33.6
DCA,MSY,DCA-MSY,144,151.81,969,30.0
DEN,BUR,DEN-BUR,144,123.16,850,21.28
JAN,DFW,JAN-DFW,144,74.32,408,28.37
JFK,PIT,JFK-PIT,144,68.12,340,14.18
LGA,BUF,LGA-BUF,144,54.6,292,20.66
LGA,MSY,LGA-MSY,144,182.18,1183,29.86
MCO,BUF,MCO-BUF,144,131.02,1011,17.6
MSY,DCA,MSY-DCA,144,118.55,969,28.57
MSY,LGA,MSY-LGA,144,138.57,1183,24.48
OKC,PHX,OKC-PHX,144,126.04,833,16.2
PHX,OKC,PHX-OKC,144,102.75,833,17.61
PHX,OMA,PHX-OMA,144,130.14,1037,18.98
ATL,SAN,ATL-SAN,143,261.34,1892,11.89
ATL,VPS,ATL-VPS,143,46.91,250,17.73
BNA,HOU,BNA-HOU,143,111.53,670,23.31
BOS,PIT,BOS-PIT,143,84.59,496,30.94
BWI,LAS,BWI-LAS,143,289.39,2106,25.9
HOU,AUS,HOU-AUS,143,30.42,148,25.71
HOU,BNA,HOU-BNA,143,84.07,670,20.9
IAD,SAN,IAD-SAN,143,301.55,2253,16.96
ONT,SEA,ONT-SEA,143,141.37,956,7.94
ORD,SDF,ORD-SDF,143,49.73,286,28.26
PIT,BOS,PIT-BOS,143,70.89,496,22.63
PIT,JFK,PIT-JFK,143,64.1,340,8.57
PVD,BWI,PVD-BWI,143,61.18,327,13.87
SAN,ATL,SAN-ATL,143,214.57,1892,8.39
SAN,IAD,SAN-IAD,143,251.28,2253,11.82
SDF,ORD,SDF-ORD,143,57.88,286,27.54
SEA,ONT,SEA-ONT,143,122.56,956,17.97
VPS,ATL,VPS-ATL,143,43.63,250,12.59
BNA,LAS,BNA-LAS,142,220.91,1587,24.09
BWI,BUF,BWI-BUF,142,49.38,281,33.33
BWI,PVD,BWI-PVD,142,51.18,327,29.63
CLT,MSY,CLT-MSY,142,102.72,651,29.08
CMH,DEN,CMH-DEN,142,166.4,1154,18.71
DFW,IAD,DFW-IAD,142,136.37,1172,31.65
DFW,SMF,DFW-SMF,142,199.13,1431,34.75
IAD,DFW,IAD-DFW,142,180.32,1172,32.14
LAS,ABQ,LAS-ABQ,142,63.6,486,18.44
MSY,CLT,MSY-CLT,142,84.34,651,14.89
SEA,RDM,SEA-RDM,142,40.48,228,28.0
SMF,DFW,SMF-DFW,142,167.99,1431,25.18
BTR,DFW,BTR-DFW,141,69.9,383,36.3
CVG,DFW,CVG-DFW,141,130.46,812,29.71
DFW,BTR,DFW-BTR,141,58.32,383,28.89
DFW,CVG,DFW-CVG,141,100.93,812,27.54
FAR,MSP,FAR-MSP,141,41.33,223,15.6
IAD,MCO,IAD-MCO,141,114.38,758,27.5
MCO,IAD,MCO-IAD,141,99.46,758,22.76
MSP,FAR,MSP-FAR,141,42.8,223,15.6
RDM,SEA,RDM-SEA,141,47.62,228,26.19
SEA,IAH,SEA-IAH,141,221.38,1874,23.14
SMF,ONT,SMF-ONT,141,56.99,390,4.26
IAH,SEA,IAH-SEA,140,256.76,1874,29.17
ATW,ORD,ATW-ORD,139,40.97,160,37.7
BWI,BNA,BWI-BNA,139,94.14,587,29.32
BWI,SJU,BWI-SJU,139,208.07,1565,35.77
DAL,ELP,DAL-ELP,139,84.99,562,21.9
ELP,DAL,ELP-DAL,139,76.42,562,15.33
ORD,ATW,ORD-ATW,139,33.24,160,36.59
ORD,XNA,ORD-XNA,139,85.45,522,38.21
SLC,AUS,SLC-AUS,139,133.96,1086,24.64
XNA,ORD,XNA-ORD,139,80.58,522,24.6
BOS,CVG,BOS-CVG,138,124.37,752,17.65
CVG,BOS,CVG-BOS,138,100.59,752,19.12
MDW,BWI,MDW-BWI,138,80.94,611,33.06
SJU,BWI,SJU-BWI,138,225.38,1565,25.36
ATL,HPN,ATL-HPN,137,107.96,780,25.19
AUS,EWR,AUS-EWR,137,174.4,1504,15.32
BNA,EWR,BNA-EWR,137,97.32,748,16.1
CHS,DCA,CHS-DCA,137,67.09,444,28.91
DCA,CHS,DCA-CHS,137,80.18,444,23.66
EWR,AUS,EWR-AUS,137,226.25,1504,23.58
HPN,ATL,HPN-ATL,137,122.24,780,32.59
LAS,BNA,LAS-BNA,137,181.02,1587,24.06
OGG,SEA,OGG-SEA,137,297.84,2640,28.0
SEA,OGG,SEA-OGG,137,353.31,2640,31.0
STL,LAS,STL-LAS,137,189.32,1371,27.61
ALB,BWI,ALB-BWI,136,57.48,289,11.36
ATL,GNV,ATL-GNV,136,49.15,300,19.55
AUS,SLC,AUS-SLC,136,152.7,1086,23.31
EWR,BNA,EWR-BNA,136,119.28,748,19.67
GNV,ATL,GNV-ATL,136,52.88,300,11.36
OMA,PHX,OMA-PHX,136,146.13,1037,18.75
DCA,PIT,DCA-PIT,135,40.65,204,25.0
JFK,CMH,JFK-CMH,135,83.77,483,21.05
ONT,OAK,ONT-OAK,135,59.5,362,8.89
PDX,SAN,PDX-SAN,135,119.91,933,20.37
PIT,DCA,PIT-DCA,135,42.87,204,19.69
SAN,PDX,SAN-PDX,135,135.73,933,19.8
BUF,BWI,BUF-BWI,134,50.52,281,21.19
CLE,DEN,CLE-DEN,134,171.65,1201,20.0
CMH,JFK,CMH-JFK,134,81.39,483,13.74
DEN,CLE,DEN-CLE,134,140.9,1201,32.82
DEN,FSD,DEN-FSD,134,71.11,483,15.27
FAT,LAS,FAT-LAS,134,49.4,259,26.87
FLL,MSY,FLL-MSY,134,107.23,674,36.09
FSD,DEN,FSD-DEN,134,75.17,483,29.23
IAH,PHL,IAH-PHL,134,156.16,1325,18.9
ISP,MCO,ISP-MCO,134,151.92,971,28.03
LAS,FAT,LAS-FAT,134,48.75,259,25.37
MCO,ISP,MCO-ISP,134,122.95,971,21.21
MSY,FLL,MSY-FLL,134,86.82,674,31.58
PHX,PSP,PHX-PSP,134,46.38,261,18.05
PSP,PHX,PSP-PHX,134,45.3,261,18.05
RSW,CLE,RSW-CLE,134,132.95,1025,25.4
CLE,JFK,CLE-JFK,133,70.74,425,14.4
GSO,LGA,GSO-LGA,133,67.6,461,12.4
MDW,TPA,MDW-TPA,133,134.25,997,31.71
ONT,SMF,ONT-SMF,133,64.71,390,18.8
PDX,SMF,PDX-SMF,133,68.1,479,21.88
PHL,IAH,PHL-IAH,133,202.09,1325,22.22
SFO,MSP,SFO-MSP,133,193.78,1589,12.78
SMF,PDX,SMF-PDX,133,74.98,479,20.16
AUS,SAN,AUS-SAN,132,166.61,1164,26.83
BDL,ORD,BDL-ORD,132,128.35,783,25.0
BWI,DAL,BWI-DAL,132,181.87,1209,29.37
BWI,SRQ,BWI-SRQ,132,137.54,880,34.38
CLE,RSW,CLE-RSW,132,145.13,1025,27.64
DAL,BWI,DAL-BWI,132,138.43,1209,26.61
FAT,PHX,FAT-PHX,132,77.21,493,23.48
JFK,CLE,JFK-CLE,132,80.37,425,11.9
KOA,LAX,KOA-LAX,132,281.25,2504,7.69
LAX,KOA,LAX-KOA,132,326.12,2504,24.03
LGA,GSO,LGA-GSO,132,79.1,461,15.63
LGB,SLC,LGB-SLC,132,88.15,588,15.15
MSP,SFO,MSP-SFO,132,221.24,1589,20.61
OKC,ORD,OKC-ORD,132,97.29,693,25.62
ORD,BDL,ORD-BDL,132,98.71,783,34.4
ORD,OKC,ORD-OKC,132,111.48,693,28.81
PHX,FAT,PHX-FAT,132,81.34,493,24.24
SLC,LGB,SLC-LGB,132,88.73,588,15.15
SRQ,BWI,SRQ-BWI,132,112.99,880,14.96
TPA,MDW,TPA-MDW,132,136.85,997,17.54
ASE,DFW,ASE-DFW,131,99.12,701,33.63
DAL,LBB,DAL-LBB,131,49.43,293,26.61
DTW,SEA,DTW-SEA,131,260.79,1927,22.58
IAH,SAN,IAH-SAN,131,182.69,1303,16.04
JAX,DFW,JAX-DFW,131,145.84,918,23.85
LBB,DAL,LBB-DAL,131,50.17,293,10.4
SAN,AUS,SAN-AUS,131,138.21,1164,23.68
SAN,IAH,SAN-IAH,131,156.32,1303,10.48
SEA,DTW,SEA-DTW,131,222.67,1927,18.7
BDL,BWI,BDL-BWI,130,53.76,283,18.9
BOS,IAH,BOS-IAH,130,243.66,1597,27.27
BWI,BDL,BWI-BDL,130,49.26,283,37.98
BWI,MDW,BWI-MDW,130,98.66,611,25.64
CLE,TPA,CLE-TPA,130,130.23,927,37.01
DFW,ASE,DFW-ASE,130,122.83,701,27.03
DFW,JAX,DFW-JAX,130,108.23,918,32.81
EWR,SEA,EWR-SEA,130,325.92,2402,16.07
FLL,RDU,FLL-RDU,130,97.43,680,40.63
GRB,ORD,GRB-ORD,130,43.26,173,34.75
IAH,BOS,IAH-BOS,130,183.96,1597,23.97
JAX,JFK,JAX-JFK,130,104.98,828,22.66
ORD,GRB,ORD-GRB,130,34.39,173,35.29
RDU,FLL,RDU-FLL,130,103.38,680,35.38
SLC,SNA,SLC-SNA,130,86.63,588,24.62
SNA,SLC,SNA-SLC,130,88.56,588,15.38
BOI,SLC,BOI-SLC,129,48.23,290,33.33
CID,ORD,CID-ORD,129,43.78,196,42.11
DFW,GRK,DFW-GRK,129,32.52,134,22.5
GEG,DEN,GEG-DEN,129,104.99,836,19.51
GRK,DFW,GRK-DFW,129,32.65,134,27.5
JFK,JAX,JFK-JAX,129,128.01,828,29.92
ORF,BWI,ORF-BWI,129,37.31,159,18.11
PHX,BOI,PHX-BOI,129,111.83,735,24.22
SEA,EWR,SEA-EWR,129,278.15,2402,21.62
SLC,BOI,SLC-BOI,129,50.16,290,28.68
TPA,CLE,TPA-CLE,129,119.8,927,20.63
TUL,DEN,TUL-DEN,129,84.41,541,18.4
BOI,PHX,BOI-PHX,128,99.56,735,18.75
BWI,ORF,BWI-ORF,128,32.72,159,31.5
DEN,GEG,DEN-GEG,128,120.55,836,31.97
HOU,MDW,HOU-MDW,128,118.09,937,23.93
LAX,MSY,LAX-MSY,128,188.4,1670,19.53
MCO,PHX,MCO-PHX,128,268.43,1849,32.03
MDW,HOU,MDW-HOU,128,140.88,937,30.25
MSY,LAX,MSY-LAX,128,234.99,1670,17.97
PHX,MCO,PHX-MCO,128,208.77,1849,30.47
STL,DTW,STL-DTW,128,64.84,440,21.31
ATL,EYW,ATL-EYW,127,90.41,646,29.6
DTW,STL,DTW-STL,127,74.68,440,23.77
EYW,ATL,EYW-ATL,127,96.87,646,21.26
IND,DFW,IND-DFW,127,120.83,761,35.43
MSY,ORD,MSY-ORD,127,121.9,837,27.05
OAK,ONT,OAK-ONT,127,54.97,362,13.39
ORD,CID,ORD-CID,127,38.56,196,38.18
ORD,MSY,ORD-MSY,127,120.21,837,35.77
ORD,ROC,ORD-ROC,127,73.83,528,26.72
STL,HOU,STL-HOU,127,109.58,687,30.65
AUS,FLL,AUS-FLL,126,128.82,1105,30.95
DAL,MAF,DAL-MAF,126,54.46,319,20.0
DFW,IND,DFW-IND,126,96.62,761,35.71
FLL,AUS,FLL-AUS,126,169.78,1105,48.0
GSP,LGA,GSP-LGA,126,84.4,610,14.53
JFK,ROC,JFK-ROC,126,53.7,264,34.75
LGA,GSP,LGA-GSP,126,101.78,610,20.69
LGA,SDF,LGA-SDF,126,114.44,659,17.5
MAF,DAL,MAF-DAL,126,51.96,319,11.48
ROC,JFK,ROC-JFK,126,53.66,264,32.2
ROC,ORD,ROC-ORD,126,88.4,528,21.55
SJU,TPA,SJU-TPA,126,170.41,1237,23.02
TPA,SJU,TPA-SJU,126,143.56,1237,19.05
CLE,DFW,CLE-DFW,125,156.79,1021,38.14
CMH,DFW,CMH-DFW,125,144.78,926,27.05
DCA,HSV,DCA-HSV,125,102.07,613,26.17
DEN,GJT,DEN-GJT,125,39.73,212,21.95
DFW,CLE,DFW-CLE,125,123.11,1021,36.44
DFW,CMH,DFW-CMH,125,113.31,926,34.43
GJT,DEN,GJT-DEN,125,40.95,212,12.2
HSV,DCA,HSV-DCA,125,84.9,613,30.36
PSC,SEA,PSC-SEA,125,39.6,172,29.06
SDF,LGA,SDF-LGA,125,97.7,659,24.17
SEA,PSC,SEA-PSC,125,34.68,172,28.21
AUS,SEA,AUS-SEA,124,244.79,1770,29.13
BOS,IAD,BOS-IAD,124,75.82,413,20.83
BWI,LAX,BWI-LAX,124,316.35,2329,21.82
DCA,DEN,DCA-DEN,124,211.13,1476,18.55
DCA,LAX,DCA-LAX,124,313.51,2311,22.31
DEN,DCA,DEN-DCA,124,170.6,1476,22.58
DEN,DRO,DEN-DRO,124,47.01,251,29.03
DEN,EGE,DEN-EGE,124,26.97,120,22.58
DEN,PIT,DEN-PIT,124,149.54,1290,32.52
DFW,EGE,DFW-EGE,124,114.8,721,32.52
DRO,DEN,DRO-DEN,124,48.32,251,25.81
EGE,DEN,EGE-DEN,124,33.88,120,20.16
EGE,DFW,EGE-DFW,124,99.84,721,40.16
EWR,SLC,EWR-SLC,124,276.7,1969,20.33
HNL,SAN,HNL-SAN,124,289.94,2614,23.42
HPN,MCO,HPN-MCO,124,148.18,972,34.96
IAD,BOS,IAD-BOS,124,64.41,413,17.59
IAD,ORD,IAD-ORD,124,94.71,588,26.67
ISP,PBI,ISP-PBI,124,162.82,1052,28.46
KOA,OGG,KOA-OGG,124,21.37,84,9.76
LAX,DCA,LAX-DCA,124,261.03,2311,17.65
LGA,ORF,LGA-ORF,124,54.81,296,15.97
LIH,OGG,LIH-OGG,124,33.07,201,13.71
MCO,HPN,MCO-HPN,124,130.02,972,27.05
MEM,ORD,MEM-ORD,124,83.41,491,27.19
MSP,SLC,MSP-SLC,124,143.53,991,13.01
OGG,KOA,OGG-KOA,124,20.13,84,26.02
OGG,LIH,OGG-LIH,124,36.65,201,20.97
ORD,IAD,ORD-IAD,124,80.13,588,29.75
ORD,MEM,ORD-MEM,124,79.6,491,23.73
PIT,DEN,PIT-DEN,124,183.86,1290,14.63
SAN,HNL,SAN-HNL,124,351.13,2614,37.96
SEA,AUS,SEA-AUS,124,207.95,1770,22.12
SLC,EWR,SLC-EWR,124,226.79,1969,20.97
SLC,MSP,SLC-MSP,124,125.33,991,20.97
TPA,DAL,TPA-DAL,124,144.78,917,28.57
XNA,CLT,XNA-CLT,124,95.32,754,25.83
BWI,PBI,BWI-PBI,123,135.03,883,30.89
CLT,XNA,CLT-XNA,123,119.97,754,34.45
EWR,JAX,EWR-JAX,123,126.49,820,18.33
FAR,ORD,FAR-ORD,123,84.64,557,24.56
FLL,MCO,FLL-MCO,123,34.91,177,39.02
GEG,SLC,GEG-SLC,123,76.69,546,22.76
HNL,SJC,HNL-SJC,123,269.02,2417,22.41
JAX,EWR,JAX-EWR,123,106.24,820,11.76
JFK,RSW,JFK-RSW,123,165.33,1074,30.0
JFK,SYR,JFK-SYR,123,46.45,209,21.55
MCO,FLL,MCO-FLL,123,38.7,177,28.69
ORD,FAR,ORD-FAR,123,90.05,557,37.07
ORD,JAX,ORD-JAX,123,114.39,864,24.79
ORF,LGA,ORF-LGA,123,55.97,296,18.8
PBI,BWI,PBI-BWI,123,115.66,883,19.51
PBI,ISP,PBI-ISP,123,134.69,1052,26.67
SLC,GEG,SLC-GEG,123,82.95,546,22.76
BUR,SLC,BUR-SLC,122,87.32,574,17.21
DFW,HRL,DFW-HRL,122,73.04,461,18.64
HRL,DFW,HRL-DFW,122,71.67,461,22.88
JAX,ORD,JAX-ORD,122,128.7,864,16.81
LAS,MIA,LAS-MIA,122,240.79,2174,28.93
MDW,PHL,MDW-PHL,122,86.68,668,30.7
MIA,LAS,MIA-LAS,122,302.37,2174,36.67
PHL,MDW,PHL-MDW,122,105.84,668,26.13
PVD,MCO,PVD-MCO,122,162.55,1072,26.05
RSW,BWI,RSW-BWI,122,116.26,919,23.93
RSW,JFK,RSW-JFK,122,133.58,1074,19.01
SLC,BUR,SLC-BUR,122,94.51,574,18.18
SYR,JFK,SYR-JFK,122,47.96,209,16.67
BDL,CLT,BDL-CLT,121,105.68,644,24.79
BUF,ORD,BUF-ORD,121,80.97,474,38.24
BWI,JAX,BWI-JAX,121,102.91,663,27.73
BWI,MHT,BWI-MHT,121,59.75,377,33.05
CHS,EWR,CHS-EWR,121,85.14,628,9.17
DAL,TPA,DAL-TPA,121,113.37,917,28.81
IAD,IAH,IAD-IAH,121,178.03,1190,26.09
IAH,IAD,IAH-IAD,121,136.79,1190,33.04
JAX,BWI,JAX-BWI,121,85.83,663,18.1
LAX,BWI,LAX-BWI,121,263.0,2329,25.93
MCO,PVD,MCO-PVD,121,130.78,1072,20.17
MSP,BNA,MSP-BNA,121,95.45,695,17.09
ORD,BUF,ORD-BUF,121,68.23,474,32.04
ORD,ICT,ORD-ICT,121,93.06,588,31.58
PIT,DFW,PIT-DFW,121,162.5,1067,34.45
BNA,MSP,BNA-MSP,120,102.71,695,15.52
BOS,STL,BOS-STL,120,161.51,1047,17.86
CLT,BDL,CLT-BDL,120,85.96,644,30.0
DAL,ORD,DAL-ORD,120,104.96,798,20.37
DFW,LRD,DFW-LRD,120,66.47,396,22.03
DFW,OMA,DFW-OMA,120,81.94,583,38.14
DFW,PIT,DFW-PIT,120,126.38,1067,29.66
EWR,CHS,EWR-CHS,120,100.88,628,15.0
HNL,LAS,HNL-LAS,120,303.51,2762,17.65
ICT,ORD,ICT-ORD,120,87.89,588,18.58
LAS,TUS,LAS-TUS,120,52.88,365,25.0
LRD,DFW,LRD-DFW,120,60.47,396,19.49
MSP,OMA,MSP-OMA,120,50.18,282,23.73
OMA,DFW,OMA-DFW,120,91.88,583,43.22
OMA,MSP,OMA-MSP,120,50.65,282,27.12
ORD,DAL,ORD-DAL,120,120.67,798,29.7
SAN,DAL,SAN-DAL,120,145.59,1182,22.41
SJC,HNL,SJC-HNL,120,329.77,2417,45.61
BIS,MSP,BIS-MSP,119,60.85,386,21.01
BWI,RSW,BWI-RSW,119,143.91,919,35.04
CHO,LGA,CHO-LGA,119,53.59,305,25.69
DCA,JAX,DCA-JAX,119,101.89,634,29.2
DCA,RSW,DCA-RSW,119,140.44,892,26.5
DEN,RAP,DEN-RAP,119,46.97,300,18.1
DTW,SLC,DTW-SLC,119,208.64,1481,21.19
FLL,CLE,FLL-CLE,119,140.05,1062,31.36
HOU,STL,HOU-STL,119,90.66,687,17.24
JAX,DCA,JAX-DCA,119,87.32,634,30.7
LGA,CHO,LGA-CHO,119,57.89,305,18.02
LGA,OMA,LGA-OMA,119,175.75,1148,16.07
MSP,BIS,MSP-BIS,119,63.64,386,22.03
OMA,LGA,OMA-LGA,119,141.22,1148,23.42
RAP,DEN,RAP-DEN,119,52.77,300,17.39
RSW,DCA,RSW-DCA,119,118.17,892,25.86
SLC,DTW,SLC-DTW,119,177.0,1481,20.51
TUS,LAS,TUS-LAS,119,60.03,365,16.81
AUS,ELP,AUS-ELP,118,79.99,528,31.3
CLE,FLL,CLE-FLL,118,147.56,1062,24.79
FSD,MSP,FSD-MSP,118,38.66,196,25.66
JFK,SAV,JFK-SAV,118,115.48,718,31.3
LGA,MEM,LGA-MEM,118,155.6,963,25.66
MSP,FSD,MSP-FSD,118,38.22,196,18.42
SAV,JFK,SAV-JFK,118,92.5,718,20.0
SFO,CLT,SFO-CLT,118,259.23,2296,20.51
BUR,SEA,BUR-SEA,117,138.42,937,19.23
CHS,JFK,CHS-JFK,117,84.51,636,21.62
CLT,SFO,CLT-SFO,117,314.75,2296,31.03
DAL,LGA,DAL-LGA,117,160.9,1381,22.52
ELP,AUS,ELP-AUS,117,69.16,528,18.42
FLL,TPA,FLL-TPA,117,39.29,197,26.32
JFK,CHS,JFK-CHS,117,103.08,636,22.52
LAS,HNL,LAS-HNL,117,367.54,2762,39.66
LGA,DAL,LGA-DAL,117,207.19,1381,26.85
MEM,LGA,MEM-LGA,117,129.38,963,23.64
PHL,IND,PHL-IND,117,95.83,588,13.27
SEA,BUR,SEA-BUR,117,119.54,937,34.31
TPA,FLL,TPA-FLL,117,40.22,197,21.55
CLT,DAY,CLT-DAY,116,64.13,370,22.12
CLT,SAT,CLT-SAT,116,167.08,1095,33.91
DAY,CLT,DAY-CLT,116,63.42,370,21.55
DEN,FAT,DEN-FAT,116,122.08,844,30.43
DEN,JAC,DEN-JAC,116,67.89,406,26.55
FAT,DEN,FAT-DEN,116,113.89,844,15.52
JAC,DEN,JAC-DEN,116,60.96,406,20.0
LAS,MKE,LAS-MKE,116,184.31,1524,24.07
MKE,LAS,MKE-LAS,116,206.38,1524,22.12
OKC,HOU,OKC-HOU,116,67.27,419,19.47
ORD,SGF,ORD-SGF,116,73.06,438,33.96
SAT,CLT,SAT-CLT,116,128.43,1095,12.93
SGF,ORD,SGF-ORD,116,70.33,438,27.36
BOS,LAS,BOS-LAS,115,325.3,2381,26.96
CHS,LGA,CHS-LGA,115,85.28,641,13.76
CLT,SAN,CLT-SAN,115,285.86,2077,30.43
HOU,HRL,HOU-HRL,115,46.17,277,21.05
HOU,OKC,HOU-OKC,115,61.57,419,21.24
HRL,HOU,HRL-HOU,115,44.5,277,20.0
IND,PHL,IND-PHL,115,81.97,588,11.71
LAS,BOS,LAS-BOS,115,268.39,2381,21.74
LGA,CHS,LGA-CHS,115,102.94,641,28.18
LGB,PHX,LGB-PHX,115,55.31,355,14.78
MKE,MSP,MKE-MSP,115,52.61,297,23.42
MSP,MKE,MSP-MKE,115,50.21,297,18.02
PHX,LGB,PHX-LGB,115,59.33,355,18.26
RNO,SFO,RNO-SFO,115,53.45,192,38.94
SAN,CLT,SAN-CLT,115,234.64,2077,17.39
SFO,RNO,SFO-RNO,115,37.03,192,24.56
AMA,DAL,AMA-DAL,114,52.45,323,10.91
ATL,TRI,ATL-TRI,114,41.0,227,24.32
BWI,DFW,BWI-DFW,114,188.83,1217,31.25
DCA,MKE,DCA-MKE,114,100.29,634,15.0
DFW,BWI,DFW-BWI,114,139.72,1217,37.84
DTW,GRR,DTW-GRR,114,28.02,120,41.96
TRI,ATL,TRI-ATL,114,44.04,227,23.42
BOS,CLE,BOS-CLE,113,96.23,563,19.81
CLE,BOS,CLE-BOS,113,77.42,563,28.3
CRP,HOU,CRP-HOU,113,33.63,187,17.12
DAL,AMA,DAL-AMA,113,54.28,323,22.22
DCA,HPN,DCA-HPN,113,52.91,234,34.91
DCA,PHL,DCA-PHL,113,31.12,119,18.35
GRR,DTW,GRR-DTW,113,28.15,120,31.53
GRR,MSP,GRR-MSP,113,68.94,408,27.93
HOU,CRP,HOU-CRP,113,37.3,187,21.1
HPN,DCA,HPN-DCA,113,49.64,234,31.73
IAH,SNA,IAH-SNA,113,190.57,1346,21.3
IND,LAS,IND-LAS,113,219.12,1590,22.12
LAS,IND,LAS-IND,113,185.16,1590,29.2
LAS,OMA,LAS-OMA,113,134.68,1099,25.24
MIA,TLH,MIA-TLH,113,65.15,402,25.69
MKE,DCA,MKE-DCA,113,88.54,634,28.57
MSP,GRR,MSP-GRR,113,61.38,408,21.62
SNA,IAH,SNA-IAH,113,160.38,1346,5.56
TLH,MIA,TLH-MIA,113,61.94,402,26.61
ATL,MOB,ATL-MOB,112,55.82,302,21.82
AUS,BOS,AUS-BOS,112,194.06,1698,25.45
AUS,SJC,AUS-SJC,112,211.65,1476,26.36
BOS,AUS,BOS-AUS,112,258.93,1698,25.45
BOS,RIC,BOS-RIC,112,86.04,474,25.23
BWI,ISP,BWI-ISP,112,43.75,220,39.09
DAL,SAN,DAL-SAN,112,169.14,1182,17.59
DEN,SBA,DEN-SBA,112,128.29,916,20.91
DFW,FAT,DFW-FAT,112,187.16,1313,30.63
DFW,RSW,DFW-RSW,112,125.07,1017,42.34
EUG,SEA,EUG-SEA,112,46.66,234,25.53
FAT,DFW,FAT-DFW,112,161.24,1313,22.94
IND,PHX,IND-PHX,112,211.9,1488,25.0
ISP,BWI,ISP-BWI,112,54.12,220,14.81
MOB,ATL,MOB-ATL,112,47.76,302,19.82
ORD,SYR,ORD-SYR,112,81.17,607,36.7
PHL,DCA,PHL-DCA,112,34.45,119,19.81
PHX,IND,PHX-IND,112,173.06,1488,23.21
RIC,BOS,RIC-BOS,112,69.4,474,30.91
RSW,DFW,RSW-DFW,112,157.57,1017,35.45
SBA,DEN,SBA-DEN,112,118.84,916,19.82
SEA,EUG,SEA-EUG,112,45.03,234,25.26
SJC,AUS,SJC-AUS,112,175.58,1476,14.55
STL,BOS,STL-BOS,112,127.59,1047,34.62
SYR,ORD,SYR-ORD,112,99.86,607,25.93
ATL,XNA,ATL-XNA,111,94.59,589,19.81
BRO,DFW,BRO-DFW,111,74.35,482,19.44
CLT,SJU,CLT-SJU,111,183.06,1475,23.42
DFW,BRO,DFW-BRO,111,75.08,482,18.52
DFW,LFT,DFW-LFT,111,55.85,351,23.0
DFW,PBI,DFW-PBI,111,135.86,1102,40.19
DFW,PNS,DFW-PNS,111,79.61,604,30.28
DTW,IAD,DTW-IAD,111,60.9,383,25.93
JAX,PHL,JAX-PHL,111,98.78,742,22.43
LFT,DFW,LFT-DFW,111,65.35,351,27.0
LGB,SJC,LGB-SJC,111,54.52,324,12.84
MSN,MSP,MSN-MSP,111,44.8,228,21.3
MSP,MSN,MSP-MSN,111,40.58,228,25.69
PBI,DFW,PBI-DFW,111,168.53,1102,43.93
PHL,JAX,PHL-JAX,111,114.51,742,31.48
PNS,DFW,PNS-DFW,111,102.51,604,30.28
SJC,LGB,SJC-LGB,111,53.14,324,11.11
SJU,CLT,SJU-CLT,111,206.1,1475,20.91
XNA,ATL,XNA-ATL,111,78.27,589,24.77
AUS,TPA,AUS-TPA,110,110.24,928,26.36
CMH,BOS,CMH-BOS,110,87.17,640,14.15
DCA,PWM,DCA-PWM,110,70.08,482,27.55
DEN,FAR,DEN-FAR,110,90.52,627,25.47
DFW,SJC,DFW-SJC,110,203.19,1438,27.52
FAR,DEN,FAR-DEN,110,93.8,627,34.91
IAD,DTW,IAD-DTW,110,66.42,383,20.56
MHT,BWI,MHT-BWI,110,72.17,377,15.89
MSP,PHL,MSP-PHL,110,122.57,980,20.37
ONT,SJC,ONT-SJC,110,55.17,333,10.91
PHL,MSP,PHL-MSP,110,147.83,980,15.6
PWM,DCA,PWM-DCA,110,85.83,482,31.31
SJC,DFW,SJC-DFW,110,175.17,1438,25.69
SJC,ONT,SJC-ONT,110,51.06,333,15.6
BOI,SFO,BOI-SFO,109,87.94,522,17.59
BOS,CMH,BOS-CMH,109,109.2,640,13.46
KOA,SEA,KOA-SEA,109,306.5,2688,18.18
SEA,KOA,SEA-KOA,109,357.43,2688,39.71
ATL,DAB,ATL-DAB,108,56.37,366,11.11
DAB,ATL,DAB-ATL,108,60.69,366,9.35
MSP,CVG,MSP-CVG,108,81.94,596,23.15
OMA,MDW,OMA-MDW,108,64.83,423,23.4
ORD,SAT,ORD-SAT,108,153.62,1041,40.0
SAT,ORD,SAT-ORD,108,134.71,1041,19.57
SFO,BOI,SFO-BOI,108,75.2,522,26.17
ATL,DAY,ATL-DAY,107,66.07,432,16.82
AUS,MDW,AUS-MDW,107,122.92,972,17.71
BTV,DCA,BTV-DCA,107,80.34,437,28.87
CLT,HPN,CLT-HPN,107,88.05,564,24.0
CMH,MDW,CMH-MDW,107,52.24,283,21.51
CVG,MSP,CVG-MSP,107,93.07,596,19.63
DCA,BTV,DCA-BTV,107,69.05,437,21.43
DCA,ORF,DCA-ORF,107,32.8,142,22.55
HPN,CLT,HPN-CLT,107,92.85,564,18.81
MAF,HOU,MAF-HOU,107,62.42,441,11.54
MDW,AUS,MDW-AUS,107,143.68,972,27.37
MSP,AUS,MSP-AUS,107,143.19,1042,10.68
ORD,PDX,ORD-PDX,107,237.34,1739,21.18
ORD,TUL,ORD-TUL,107,95.36,585,34.95
ORF,DCA,ORF-DCA,107,37.19,142,29.29
PDX,ORD,PDX-ORD,107,209.85,1739,15.73
STL,BNA,STL-BNA,107,44.21,272,15.31
TUL,ORD,TUL-ORD,107,85.82,585,25.0
ATL,GRR,ATL-GRR,106,87.5,640,19.23
ATL,MGM,ATL-MGM,106,34.61,147,22.86
DAY,ATL,DAY-ATL,106,75.06,432,13.21
DCA,TYS,DCA-TYS,106,74.54,437,32.29
DTW,HPN,DTW-HPN,106,73.56,505,31.96
GRR,ATL,GRR-ATL,106,96.78,640,25.0
HOU,MAF,HOU-MAF,106,69.17,441,18.27
IND,MSP,IND-MSP,106,82.07,503,20.0
MGM,ATL,MGM-ATL,106,31.54,147,27.62
MSP,IND,MSP-IND,106,71.98,503,34.29
PDX,SNA,PDX-SNA,106,117.59,859,16.33
SNA,PDX,SNA-PDX,106,134.67,859,19.61
TYS,DCA,TYS-DCA,106,65.63,437,31.25
ATL,BTR,ATL-BTR,105,78.51,448,27.72
ATL,MLB,ATL-MLB,105,65.37,442,19.05
ATL,TUL,ATL-TUL,105,104.7,674,21.15
BTR,ATL,BTR-ATL,105,62.99,448,19.19
DTW,RDU,DTW-RDU,105,74.51,501,28.57
HOU,BWI,HOU-BWI,105,142.73,1246,19.8
HPN,DTW,HPN-DTW,105,83.75,505,35.05
IAD,SEA,IAD-SEA,105,311.3,2306,12.2
LAX,TPA,LAX-TPA,105,243.36,2158,16.35
MDW,CMH,MDW-CMH,105,46.87,283,24.18
MLB,ATL,MLB-ATL,105,69.95,442,9.62
OMA,LAS,OMA-LAS,105,149.73,1099,17.35
ORD,FSD,ORD-FSD,105,74.49,462,40.43
RDU,DTW,RDU-DTW,105,79.35,501,16.19
TPA,LAX,TPA-LAX,105,300.01,2158,22.12
TUL,ATL,TUL-ATL,105,86.45,674,20.19
AUS,MSP,AUS-MSP,104,131.99,1042,11.65
CLE,DCA,CLE-DCA,104,55.62,310,27.55
CVG,MIA,CVG-MIA,104,135.1,948,35.92
DAY,DCA,DAY-DCA,104,60.04,391,22.68
DCA,CLE,DCA-CLE,104,56.56,310,27.55
DEN,MAF,DEN-MAF,104,79.25,563,24.51
DEN,MEM,DEN-MEM,104,107.04,872,27.45
FLL,MDW,FLL-MDW,104,160.96,1167,26.53
FSD,ORD,FSD-ORD,104,71.83,462,41.05
LAS,MCO,LAS-MCO,104,231.99,2039,28.85
LAX,LIH,LAX-LIH,104,345.95,2615,15.38
LIH,LAX,LIH-LAX,104,292.36,2615,13.46
MAF,DEN,MAF-DEN,104,86.13,563,18.45
MCO,LAS,MCO-LAS,104,288.73,2039,44.23
MEM,DEN,MEM-DEN,104,131.29,872,21.36
SEA,IAD,SEA-IAD,104,267.55,2306,26.25
DCA,DAY,DCA-DAY,103,68.56,391,19.39
IND,RSW,IND-RSW,103,128.38,945,34.31
MIA,CVG,MIA-CVG,103,132.99,948,24.27
RSW,IND,RSW-IND,103,129.97,945,23.3
ASE,IAH,ASE-IAH,102,124.99,913,39.33
BWI,AUS,BWI-AUS,102,206.51,1342,25.0
DEN,ELP,DEN-ELP,102,79.81,563,13.86
ELP,DEN,ELP-DEN,102,85.33,563,16.83
IND,TPA,IND-TPA,102,115.88,837,21.78
MSP,TPA,MSP-TPA,102,166.61,1306,11.76
MSY,TPA,MSY-TPA,102,68.25,488,21.57
TPA,AUS,TPA-AUS,102,146.81,928,34.65
TPA,IND,TPA-IND,102,115.29,837,20.59
TPA,MSP,TPA-MSP,102,176.85,1306,6.86
TPA,MSY,TPA-MSY,102,83.56,488,22.55
ATL,MYR,ATL-MYR,101,47.29,317,12.87
DEN,JFK,DEN-JFK,101,189.56,1626,20.79
IAH,ASE,IAH-ASE,101,145.05,913,35.63
JFK,DEN,JFK-DEN,101,231.59,1626,20.79
MDW,FLL,MDW-FLL,101,155.13,1167,36.73
MYR,ATL,MYR-ATL,101,59.03,317,7.92
SFO,OGG,SFO-OGG,101,309.03,2338,17.35
SJU,ORD,SJU-ORD,101,282.65,2072,27.55
EWR,SAN,EWR-SAN,100,327.47,2425,17.71
HNL,PHX,HNL-PHX,100,312.99,2917,10.0
MDW,OMA,MDW-OMA,100,66.72,423,32.18
MKE,PHX,MKE-PHX,100,203.21,1460,27.37
OGG,SFO,OGG-SFO,100,262.81,2338,9.47
ORD,SJU,ORD-SJU,100,241.51,2072,28.28
PHX,HNL,PHX-HNL,100,382.91,2917,32.0
SAN,EWR,SAN-EWR,100,274.32,2425,12.63
AUS,IAD,AUS-IAD,99,152.51,1297,13.98
BWI,ROC,BWI-ROC,99,49.62,277,31.96
BZN,LAX,BZN-LAX,99,134.8,902,19.59
CVG,RSW,CVG-RSW,99,122.38,879,21.65
DAL,IAH,DAL-IAH,99,43.14,216,19.15
ELP,LAS,ELP-LAS,99,87.77,583,13.27
IAD,AUS,IAD-AUS,99,200.03,1297,26.6
IAH,DAL,IAH-DAL,99,40.53,216,17.58
LAX,BZN,LAX-BZN,99,136.77,902,14.58
LAX,ELP,LAX-ELP,99,90.31,715,11.22
LIT,CLT,LIT-CLT,99,84.34,640,27.55
MCO,SFO,MCO-SFO,99,337.61,2446,23.94
MDW,LAX,MDW-LAX,99,234.48,1750,23.08
PHX,MKE,PHX-MKE,99,176.32,1460,27.37
RSW,CVG,RSW-CVG,99,119.79,879,16.33
SFO,ONT,SFO-ONT,99,56.72,363,18.18
CLT,LIT,CLT-LIT,98,107.09,640,35.05
CLT,MCI,CLT-MCI,98,124.6,808,30.61
CLT,PVD,CLT-PVD,98,88.69,683,29.47
DEN,XNA,DEN-XNA,98,82.27,616,17.35
FLL,IND,FLL-IND,98,138.87,1005,43.3
IND,FLL,IND-FLL,98,138.03,1005,37.76
MCI,CLT,MCI-CLT,98,102.31,808,36.73
MDW,CLE,MDW-CLE,98,46.97,307,21.11
ONT,SFO,ONT-SFO,98,65.47,363,26.53
ORD,SRQ,ORD-SRQ,98,140.89,1050,35.11
ORD,TVC,ORD-TVC,98,41.87,224,47.67
PVD,CLT,PVD-CLT,98,113.23,683,25.26
RNO,SLC,RNO-SLC,98,64.47,422,21.65
ROC,BWI,ROC-BWI,98,50.55,277,16.84
SFO,MCO,SFO-MCO,98,277.61,2446,14.29
SLC,RNO,SLC-RNO,98,65.84,422,18.75
SRQ,ORD,SRQ-ORD,98,148.45,1050,27.17
TVC,ORD,TVC-ORD,98,46.74,224,44.71
XNA,DEN,XNA-DEN,98,98.27,616,31.96
CLE,MDW,CLE-MDW,97,53.8,307,20.69
DEN,LGB,DEN-LGB,97,119.83,854,20.21
DFW,RNO,DFW-RNO,97,190.67,1345,40.63
GRR,LGA,GRR-LGA,97,86.01,618,27.59
LGA,GRR,LGA-GRR,97,101.85,618,26.14
LGB,DEN,LGB-DEN,97,112.29,854,12.9
MDW,RSW,MDW-RSW,97,145.25,1105,31.18
RNO,DFW,RNO-DFW,97,162.22,1345,26.8
RSW,MDW,RSW-MDW,97,150.74,1105,33.33
SFO,DTW,SFO-DTW,97,241.29,2079,14.89
BNA,MSY,BNA-MSY,96,76.53,471,24.47
BNA,STL,BNA-STL,96,49.18,272,16.48
DFW,PSP,DFW-PSP,96,160.29,1126,35.11
DTW,SFO,DTW-SFO,96,277.53,2079,21.28
HOU,TPA,HOU-TPA,96,95.09,781,13.68
LAS,ELP,LAS-ELP,96,75.26,583,20.83
LGA,TYS,LGA-TYS,96,105.49,647,21.59
MKE,LGA,MKE-LGA,96,104.46,738,36.47
MSY,BNA,MSY-BNA,96,65.9,471,25.81
PSP,DFW,PSP-DFW,96,137.77,1126,25.53
STL,LAX,STL-LAX,96,217.99,1592,26.6
TPA,HOU,TPA-HOU,96,129.24,781,31.25
TYS,LGA,TYS-LGA,96,87.81,647,12.5
BWI,PIT,BWI-PIT,95,38.99,210,21.98
DTW,MKE,DTW-MKE,95,47.8,237,44.44
LEX,ORD,LEX-ORD,95,61.06,323,40.23
LGA,MKE,LGA-MKE,95,120.71,738,23.17
MDW,PIT,MDW-PIT,95,57.9,402,27.38
MKE,DTW,MKE-DTW,95,43.23,237,27.78
MOT,MSP,MOT-MSP,95,67.06,449,32.94
MSP,MOT,MSP-MOT,95,73.5,449,20.93
ONT,SLC,ONT-SLC,95,83.79,558,13.68
ORD,LEX,ORD-LEX,95,54.57,323,32.14
PIT,BWI,PIT-BWI,95,42.0,210,15.38
PIT,MDW,PIT-MDW,95,65.76,402,16.47
SLC,ONT,SLC-ONT,95,81.78,558,20.0
ACV,SFO,ACV-SFO,94,50.42,250,23.66
ATL,ILM,ATL-ILM,94,53.85,377,11.7
BWI,HOU,BWI-HOU,94,193.09,1246,40.66
CAK,CLT,CAK-CLT,94,67.12,394,18.09
CLT,CAK,CLT-CAK,94,63.61,394,32.61
CMH,FLL,CMH-FLL,94,136.8,973,32.61
DAL,TUL,DAL-TUL,94,40.5,238,23.91
DEN,GRR,DEN-GRR,94,122.47,1015,22.99
DFW,DAY,DFW-DAY,94,107.74,861,27.17
EWR,IAD,EWR-IAD,94,47.51,212,27.59
FLL,CMH,FLL-CMH,94,129.23,973,30.85
GRR,DEN,GRR-DEN,94,144.9,1015,31.03
HNL,OAK,HNL-OAK,94,269.9,2409,17.2
MSP,JFK,MSP-JFK,94,131.31,1029,19.78
PHL,SFO,PHL-SFO,94,342.42,2521,22.83
RSW,LGA,RSW-LGA,94,136.24,1080,23.66
SFO,ACV,SFO-ACV,94,48.34,250,28.57
TPA,CVG,TPA-CVG,94,107.52,773,9.68
TUL,DAL,TUL-DAL,94,44.27,238,20.65
ACT,DFW,ACT-DFW,93,27.66,89,26.74
AEX,DFW,AEX-DFW,93,54.78,285,33.33
ALB,CLT,ALB-CLT,93,109.2,646,28.57
AVP,CLT,AVP-CLT,93,85.79,509,29.67
BHM,DEN,BHM-DEN,93,165.0,1083,17.39
BIS,DEN,BIS-DEN,93,80.49,516,26.44
BWI,STL,BWI-STL,93,115.46,738,23.6
CLL,DFW,CLL-DFW,93,38.36,164,21.59
CLT,ALB,CLT-ALB,93,88.18,646,23.91
CLT,AVP,CLT-AVP,93,74.32,509,29.35
CLT,CRW,CLT-CRW,93,41.69,221,32.95
CLT,DAB,CLT-DAB,93,65.54,416,26.37
CLT,MLB,CLT-MLB,93,75.35,490,27.96
CLT,ROC,CLT-ROC,93,79.51,573,31.52
CLT,SYR,CLT-SYR,93,83.18,603,32.97
CLT,VPS,CLT-VPS,93,80.03,460,20.0
COU,DFW,COU-DFW,93,81.78,490,28.21
CRW,CLT,CRW-CLT,93,44.18,221,36.36
CVG,TPA,CVG-TPA,93,110.64,773,19.78
DAB,CLT,DAB-CLT,93,69.99,416,18.68
DAY,DFW,DAY-DFW,93,137.62,861,30.11
DCA,PHX,DCA-PHX,93,279.38,1979,17.39
DEN,BHM,DEN-BHM,93,130.57,1083,36.96
DEN,BIS,DEN-BIS,93,78.29,516,18.39
DEN,EUG,DEN-EUG,93,141.84,996,24.05
DEN,SDF,DEN-SDF,93,122.37,1024,30.43
DFW,ACT,DFW-ACT,93,24.61,89,22.99
DFW,AEX,DFW-AEX,93,46.51,285,24.14
DFW,CLL,DFW-CLL,93,35.76,164,15.12
DFW,COU,DFW-COU,93,68.71,490,23.08
DFW,FSM,DFW-FSM,93,42.6,227,25.0
DFW,LCH,DFW-LCH,93,51.34,295,19.32
DFW,MHK,DFW-MHK,93,66.11,431,24.44
DFW,MKE,DFW-MKE,93,109.08,853,32.18
DFW,MLU,DFW-MLU,93,45.26,293,21.59
DFW,SAF,DFW-SAF,93,88.29,551,17.58
DFW,SJT,DFW-SJT,93,46.09,229,30.34
DFW,TLH,DFW-TLH,93,95.9,767,34.78
DFW,TYR,DFW-TYR,93,25.11,102,21.18
DTW,BUF,DTW-BUF,93,42.33,241,40.48
DTW,IND,DTW-IND,93,43.31,231,43.33
EUG,DEN,EUG-DEN,93,125.1,996,27.27
EWR,MSY,EWR-MSY,93,176.77,1167,17.86
EWR,SNA,EWR-SNA,93,334.71,2434,6.52
EWR,SRQ,EWR-SRQ,93,158.06,1034,19.54
EYW,MIA,EYW-MIA,93,28.25,126,36.26
FLL,HOU,FLL-HOU,93,151.32,957,51.09
FLL,HPN,FLL-HPN,93,144.12,1097,24.18
FLL,PIT,FLL-PIT,93,130.5,994,40.22
FLL,SEA,FLL-SEA,93,363.55,2717,23.88
FSM,DFW,FSM-DFW,93,47.0,227,34.15
GSO,ORD,GSO-ORD,93,97.3,589,25.84
HOU,FLL,HOU-FLL,93,114.6,957,31.52
HPN,FLL,HPN-FLL,93,162.47,1097,30.11
IAD,EWR,IAD-EWR,93,42.64,212,16.28
IAD,TPA,IAD-TPA,93,124.35,811,27.47
ILM,ATL,ILM-ATL,93,69.94,377,13.98
JFK,MSP,JFK-MSP,93,155.78,1029,20.0
LAS,MSY,LAS-MSY,93,170.37,1500,24.73
LAX,MDW,LAX-MDW,93,212.43,1750,25.0
LCH,DFW,LCH-DFW,93,55.34,295,25.0
LGA,BHM,LGA-BHM,93,137.23,866,23.86
LGA,SRQ,LGA-SRQ,93,162.58,1047,25.84
LIH,SEA,LIH-SEA,93,299.07,2701,34.07
MHK,DFW,MHK-DFW,93,73.47,431,20.88
MIA,EYW,MIA-EYW,93,32.64,126,28.57
MIA,SLC,MIA-SLC,93,289.29,2088,27.17
MIA,STL,MIA-STL,93,149.17,1068,36.96
MIA,STT,MIA-STT,93,129.83,1107,30.11
MKE,DFW,MKE-DFW,93,131.37,853,39.08
MLB,CLT,MLB-CLT,93,79.9,490,24.73
MLU,DFW,MLU-DFW,93,57.69,293,31.82
MSP,SAN,MSP-SAN,93,201.46,1532,8.6
MSY,EWR,MSY-EWR,93,137.43,1167,10.47
OAK,HNL,OAK-HNL,93,325.15,2409,53.26
OGG,PHX,OGG-PHX,93,309.42,2845,4.3
ORD,GSO,ORD-GSO,93,83.7,589,26.74
PHL,LAS,PHL-LAS,93,296.9,2176,30.0
PHX,DCA,PHX-DCA,93,220.55,1979,10.99
PHX,OGG,PHX-OGG,93,374.67,2845,20.43
PHX,SBP,PHX-SBP,93,80.04,509,13.04
PIT,DTW,PIT-DTW,93,41.31,201,10.99
PIT,FLL,PIT-FLL,93,141.97,994,33.33
ROC,CLT,ROC-CLT,93,94.49,573,28.57
SAF,DFW,SAF-DFW,93,76.76,551,29.67
SAN,MSP,SAN-MSP,93,191.32,1532,5.43
SBA,SFO,SBA-SFO,93,51.74,262,30.0
SBP,PHX,SBP-PHX,93,72.99,509,11.83
SDF,DEN,SDF-DEN,93,153.86,1024,12.9
SEA,FLL,SEA-FLL,93,312.56,2717,13.89
SEA,LIH,SEA-LIH,93,365.8,2701,54.32
SFO,FAT,SFO-FAT,93,35.49,158,16.13
SFO,SBA,SFO-SBA,93,45.28,262,22.22
SJT,DFW,SJT-DFW,93,40.25,229,27.47
SLC,SUN,SLC-SUN,93,42.24,222,22.22
SNA,EWR,SNA-EWR,93,276.18,2434,11.96
SRQ,EWR,SRQ-EWR,93,133.93,1034,11.49
SRQ,LGA,SRQ-LGA,93,133.02,1047,20.22
STL,MIA,STL-MIA,93,140.85,1068,28.57
STL,TPA,STL-TPA,93,115.11,869,28.89
STT,MIA,STT-MIA,93,155.66,1107,21.51
SUN,SLC,SUN-SLC,93,40.97,222,16.3
SYR,CLT,SYR-CLT,93,100.87,603,32.97
TLH,DFW,TLH-DFW,93,127.99,767,22.83
TPA,IAD,TPA-IAD,93,105.52,811,13.33
TPA,STL,TPA-STL,93,124.32,869,16.3
TYR,DFW,TYR-DFW,93,30.12,102,31.76
VPS,CLT,VPS-CLT,93,65.87,460,17.98
ABE,CLT,ABE-CLT,92,83.13,481,21.84
ACY,MCO,ACY-MCO,92,129.71,852,19.1
ATL,DSM,ATL-DSM,92,108.04,743,17.78
ATL,GPT,ATL-GPT,92,62.51,352,12.5
ATL,ROA,ATL-ROA,92,58.77,357,21.11
BHM,LGA,BHM-LGA,92,110.34,866,18.6
BUF,CLT,BUF-CLT,92,87.68,546,32.1
BUF,DTW,BUF-DTW,92,45.17,241,32.53
CLE,DTW,CLE-DTW,92,25.49,95,24.44
CLE,IAH,CLE-IAH,92,168.46,1091,28.09
CLT,ABE,CLT-ABE,92,72.07,481,18.39
CMH,DTW,CMH-DTW,92,36.6,155,24.44
CVG,DTW,CVG-DTW,92,43.53,229,18.68
DSM,ATL,DSM-ATL,92,98.84,743,30.0
DTW,CLE,DTW-CLE,92,23.84,95,40.0
DTW,CMH,DTW-CMH,92,35.03,155,30.77
DTW,CVG,DTW-CVG,92,44.48,229,32.97
DTW,PIT,DTW-PIT,92,38.18,201,26.97
DTW,ROC,DTW-ROC,92,48.12,296,43.82
ELP,LAX,ELP-LAX,92,107.19,715,14.44
GFK,MSP,GFK-MSP,92,50.78,284,18.48
GPT,ATL,GPT-ATL,92,52.66,352,14.44
GSP,ORD,GSP-ORD,92,96.66,577,11.76
IAD,IND,IAD-IND,92,79.86,476,21.74
IAH,CLE,IAH-CLE,92,128.87,1091,16.09
IND,DTW,IND-DTW,92,42.28,231,26.97
IND,IAD,IND-IAD,92,70.23,476,11.96
JAC,SLC,JAC-SLC,92,39.62,205,23.91
JNU,SEA,JNU-SEA,92,115.15,909,30.34
LAS,PHL,LAS-PHL,92,245.54,2176,11.11
LGA,RSW,LGA-RSW,92,168.21,1080,22.83
MCO,ACY,MCO-ACY,92,108.75,852,21.59
MSP,GFK,MSP-GFK,92,52.08,284,23.91
ORD,GSP,ORD-GSP,92,80.95,577,32.18
PHX,BWI,PHX-BWI,92,224.0,1999,21.74
ROC,DTW,ROC-DTW,92,55.27,296,32.58
SEA,JNU,SEA-JNU,92,128.84,909,32.22
SFO,PHL,SFO-PHL,92,284.76,2521,21.35
SFO,SMF,SFO-SMF,92,23.65,86,15.38
SGU,SLC,SGU-SLC,92,45.84,272,8.7
SLC,JAC,SLC-JAC,92,40.04,205,21.74
SLC,MIA,SLC-MIA,92,240.22,2088,40.22
SLC,SGU,SLC-SGU,92,43.04,272,7.69
ANC,JNU,ANC-JNU,91,79.13,571,29.55
AUS,BWI,AUS-BWI,91,152.51,1342,16.28
BWI,PWM,BWI-PWM,91,64.47,452,31.4
BZN,SLC,BZN-SLC,91,56.7,347,26.67
CLT,BUF,CLT-BUF,91,77.44,546,30.0
DFW,DSM,DFW-DSM,91,84.02,624,39.08
DFW,GSP,DFW-GSP,91,105.49,862,38.46
DFW,LAW,DFW-LAW,91,31.7,140,18.6
DFW,TYS,DFW-TYS,91,91.94,772,43.82
DSM,DFW,DSM-DFW,91,99.16,624,47.13
GSP,DFW,GSP-DFW,91,139.89,862,40.0
HOU,LAX,HOU-LAX,91,196.87,1390,29.67
JNU,ANC,JNU-ANC,91,86.92,571,34.09
KTN,SEA,KTN-SEA,91,90.2,680,14.29
LAW,DFW,LAW-DFW,91,31.3,140,24.42
LAX,HOU,LAX-HOU,91,160.57,1390,23.08
MLI,ORD,MLI-ORD,91,35.95,139,44.0
ORD,MLI,ORD-MLI,91,30.25,139,35.53
PSP,SLC,PSP-SLC,91,81.18,541,15.38
PWM,BWI,PWM-BWI,91,76.0,452,22.09
ROA,ATL,ROA-ATL,91,62.03,357,24.72
SEA,KTN,SEA-KTN,91,99.47,680,29.07
SLC,BZN,SLC-BZN,91,57.52,347,30.0
SLC,PSP,SLC-PSP,91,80.99,541,20.0
SLC,TUS,SLC-TUS,91,85.44,601,20.88
SMF,SFO,SMF-SFO,91,32.29,86,22.22
TUS,SLC,TUS-SLC,91,93.96,601,11.11
TYS,DFW,TYS-DFW,91,126.15,772,37.5
BNA,SEA,BNA-SEA,90,270.0,1978,20.25
BOS,JAX,BOS-JAX,90,154.5,1010,29.55
BWI,MSP,BWI-MSP,90,137.27,936,12.36
DTW,MCI,DTW-MCI,90,99.13,629,17.24
HOU,MIA,HOU-MIA,90,112.79,955,31.11
JAX,BOS,JAX-BOS,90,125.74,1010,21.84
LAS,OKC,LAS-OKC,90,117.48,986,21.35
MCI,DTW,MCI-DTW,90,85.03,629,18.39
MCO,SYR,MCO-SYR,90,135.46,1053,16.85
MIA,HOU,MIA-HOU,90,152.8,955,40.45
MRY,PHX,MRY-PHX,90,83.53,598,8.99
MSP,BWI,MSP-BWI,90,117.73,936,20.45
MSY,LAS,MSY-LAS,90,211.12,1500,28.89
OKC,LAS,OKC-LAS,90,140.71,986,19.1
PHX,MRY,PHX-MRY,90,98.28,598,16.85
SEA,BNA,SEA-BNA,90,228.31,1978,23.46
SEA,TPA,SEA-TPA,90,287.88,2520,24.71
SYR,MCO,SYR-MCO,90,152.77,1053,25.56
TPA,SEA,TPA-SEA,90,341.66,2520,15.66
BDL,DTW,BDL-DTW,89,92.23,549,34.88
BGR,DCA,BGR-DCA,89,98.35,590,18.18
BNA,MCI,BNA-MCI,89,80.31,491,17.5
BWI,IND,BWI-IND,89,84.49,516,27.71
BWI,SYR,BWI-SYR,89,49.01,273,22.73
CHS,BWI,CHS-BWI,89,65.33,472,17.24
DAL,LIT,DAL-LIT,89,44.78,296,25.29
DCA,BGR,DCA-BGR,89,80.84,590,27.85
DTW,BDL,DTW-BDL,89,72.52,549,26.44
FAT,SFO,FAT-SFO,89,35.79,158,17.98
GRB,MSP,GRB-MSP,89,47.08,252,25.88
GRR,MDW,GRR-MDW,89,36.04,137,31.33
HOU,LGA,HOU-LGA,89,164.94,1428,20.24
HOU,MCI,HOU-MCI,89,91.99,666,26.97
ILM,LGA,ILM-LGA,89,73.12,500,13.41
JAX,LGA,JAX-LGA,89,105.17,833,13.95
JFK,MSY,JFK-MSY,89,181.2,1182,30.68
LGA,HOU,LGA-HOU,89,219.38,1428,26.74
LIT,DAL,LIT-DAL,89,52.0,296,10.47
MCI,BNA,MCI-BNA,89,68.52,491,22.78
MCI,HOU,MCI-HOU,89,105.45,666,23.53
MDW,GRR,MDW-GRR,89,29.75,137,27.38
MSP,GRB,MSP-GRB,89,44.21,252,30.59
MSY,JFK,MSY-JFK,89,139.08,1182,18.6
PHX,CLE,PHX-CLE,89,201.97,1737,24.14
SDF,MDW,SDF-MDW,89,50.24,271,15.38
STL,MCI,STL-MCI,89,44.8,237,32.5
SYR,BWI,SYR-BWI,89,53.3,273,12.79
ABQ,SLC,ABQ-SLC,88,79.49,493,13.64
ALB,MCO,ALB-MCO,88,162.07,1073,29.89
BDL,SJU,BDL-SJU,88,211.69,1666,49.41
BOS,SAN,BOS-SAN,88,350.69,2588,13.25
BWI,CHS,BWI-CHS,88,79.51,472,31.03
CLE,PHX,CLE-PHX,88,244.52,1737,27.59
CLT,GRR,CLT-GRR,88,87.06,583,40.24
CMH,MSP,CMH-MSP,88,97.17,626,17.05
DEN,XWA,DEN-XWA,88,86.27,582,25.93
DLH,MSP,DLH-MSP,88,34.36,144,27.59
DTW,MSN,DTW-MSN,88,54.7,311,30.23
DTW,TVC,DTW-TVC,88,40.57,207,38.1
GRR,CLT,GRR-CLT,88,83.13,583,36.9
IND,BWI,IND-BWI,88,70.39,516,18.82
LGA,ILM,LGA-ILM,88,81.84,500,23.17
LGA,JAX,LGA-JAX,88,127.44,833,18.6
LIT,ORD,LIT-ORD,88,84.23,552,41.46
MCO,ALB,MCO-ALB,88,134.05,1073,20.93
MKE,CLT,MKE-CLT,88,94.28,651,38.75
MSN,DTW,MSN-DTW,88,51.45,311,21.43
MSP,CLE,MSP-CLE,88,84.58,622,22.35
MSP,CMH,MSP-CMH,88,86.47,626,25.0
MSP,DLH,MSP-DLH,88,30.92,144,26.74
MSP,DSM,MSP-DSM,88,43.74,232,27.91
OAK,OGG,OAK-OGG,88,315.76,2349,32.18
SAN,BOS,SAN-BOS,88,294.83,2588,22.99
SJU,BDL,SJU-BDL,88,225.02,1666,66.27
SLC,ABQ,SLC-ABQ,88,70.06,493,21.59
SLC,MSO,SLC-MSO,88,72.7,436,21.52
TVC,DTW,TVC-DTW,88,38.62,207,28.57
XWA,DEN,XWA-DEN,88,86.86,582,25.3
ALB,DTW,ALB-DTW,87,80.99,489,25.58
ATL,ICT,ATL-ICT,87,119.2,782,26.44
ATL,MSN,ATL-MSN,87,99.98,707,10.59
ATL,SGF,ATL-SGF,87,92.0,563,35.29
BIL,SLC,BIL-SLC,87,62.69,387,16.09
BOS,SLC,BOS-SLC,87,291.34,2105,20.93
CLE,MSP,CLE-MSP,87,98.7,622,22.62
CLT,MKE,CLT-MKE,87,98.52,651,27.16
CMH,LAS,CMH-LAS,87,243.07,1771,19.54
DSM,MSP,DSM-MSP,87,44.52,232,22.62
DTW,ALB,DTW-ALB,87,65.38,489,40.7
DTW,SYR,DTW-SYR,87,55.16,374,36.47
FAT,SLC,FAT-SLC,87,77.15,501,12.64
FCA,SLC,FCA-SLC,87,78.76,531,27.71
HPN,ORD,HPN-ORD,87,119.86,738,38.75
HSV,CLT,HSV-CLT,87,56.32,333,20.51
ICT,ATL,ICT-ATL,87,97.83,782,29.07
IDA,SLC,IDA-SLC,87,38.9,188,15.12
MCO,SDF,MCO-SDF,87,105.46,719,37.93
MSN,ATL,MSN-ATL,87,102.39,707,21.43
MSO,SLC,MSO-SLC,87,67.5,436,25.0
MSP,RAP,MSP-RAP,87,77.97,489,17.24
OGG,OAK,OGG-OAK,87,266.65,2349,12.79
ORD,HPN,ORD-HPN,87,100.21,738,32.5
ORD,LIT,ORD-LIT,87,86.23,552,42.5
PSC,SLC,PSC-SLC,87,75.56,521,22.09
RAP,MSP,RAP-MSP,87,71.99,489,25.29
SAT,SLC,SAT-SLC,87,151.78,1087,14.94
SGF,ATL,SGF-ATL,87,77.23,563,31.4
SLC,BIL,SLC-BIL,87,60.34,387,14.94
SLC,BOS,SLC-BOS,87,239.62,2105,29.89
SLC,FAT,SLC-FAT,87,78.44,501,14.94
SLC,FCA,SLC-FCA,87,82.52,531,19.28
SLC,IDA,SLC-IDA,87,37.58,188,22.09
SLC,PSC,SLC-PSC,87,83.34,521,38.55
SLC,SAT,SLC-SAT,87,134.31,1087,17.24
SYR,DTW,SYR-DTW,87,64.16,374,22.35
ALB,DCA,ALB-DCA,86,68.4,318,30.0
ATL,CHO,ATL-CHO,86,63.07,457,20.24
BUF,DCA,BUF-DCA,86,57.3,296,29.58
CHO,ATL,CHO-ATL,86,77.45,457,21.43
CHS,ORD,CHS-ORD,86,117.14,760,22.5
CLT,HSV,CLT-HSV,86,61.38,333,21.52
CLT,SBN,CLT-SBN,86,81.73,534,35.37
CLT,SEA,CLT-SEA,86,310.78,2279,19.77
CLT,SGF,CLT-SGF,86,114.91,708,36.25
CMH,PHX,CMH-PHX,86,236.31,1670,15.12
COS,PHX,COS-PHX,86,85.35,551,16.28
CVG,MDW,CVG-MDW,86,45.77,249,25.64
DCA,ALB,DCA-ALB,86,56.26,318,21.79
DCA,BUF,DCA-BUF,86,52.53,296,20.0
DCA,MHT,DCA-MHT,86,65.65,406,30.77
DCA,ROC,DCA-ROC,86,53.39,296,18.18
DCA,SYR,DCA-SYR,86,52.63,298,12.35
DEN,ICT,DEN-ICT,86,56.64,420,37.21
EWR,MYR,EWR-MYR,86,90.58,550,11.76
ICT,DEN,ICT-DEN,86,67.9,420,18.6
MDW,CVG,MDW-CVG,86,43.67,249,24.69
MDW,RDU,MDW-RDU,86,86.12,632,33.78
MDW,SDF,MDW-SDF,86,46.69,271,24.36
MHT,DCA,MHT-DCA,86,83.78,406,29.63
MIA,SAV,MIA-SAV,86,67.59,440,18.82
MYR,EWR,MYR-EWR,86,79.57,550,1.2
ORD,ORF,ORD-ORF,86,96.95,717,29.76
ORD,TYS,ORD-TYS,86,69.58,475,33.78
PHX,CMH,PHX-CMH,86,192.94,1670,19.77
PHX,COS,PHX-COS,86,77.3,551,23.26
PHX,TUL,PHX-TUL,86,113.49,935,11.76
PIT,TPA,PIT-TPA,86,127.64,873,26.74
RDU,MDW,RDU-MDW,86,98.08,632,13.7
ROC,DCA,ROC-DCA,86,58.94,296,24.05
SAV,MIA,SAV-MIA,86,70.27,440,11.76
SBN,CLT,SBN-CLT,86,78.07,534,46.34
SEA,CLT,SEA-CLT,86,261.86,2279,10.47
SFO,TUS,SFO-TUS,86,98.53,751,13.95
SGF,CLT,SGF-CLT,86,91.27,708,29.27
SYR,DCA,SYR-DCA,86,64.49,298,10.98
TPA,PHX,TPA-PHX,86,260.35,1788,25.58
TPA,PIT,TPA-PIT,86,112.95,873,14.12
TUL,PHX,TUL-PHX,86,141.07,935,24.42
TUS,SFO,TUS-SFO,86,125.23,751,17.44
TYS,ORD,TYS-ORD,86,81.31,475,31.08
ATL,SBN,ATL-SBN,85,81.91,566,38.27
AUS,RDU,AUS-RDU,85,135.16,1162,38.55
CHA,ORD,CHA-ORD,85,85.58,501,40.79
CMH,PHL,CMH-PHL,85,62.7,406,8.64
DEN,FCA,DEN-FCA,85,113.5,752,25.0
EWR,SDF,EWR-SDF,85,109.77,642,12.05
FCA,DEN,FCA-DEN,85,100.77,752,31.17
IAH,RSW,IAH-RSW,85,105.57,861,27.16
LAX,STL,LAX-STL,85,187.27,1592,15.48
MCO,ORF,MCO-ORF,85,86.94,655,18.82
MDW,MIA,MDW-MIA,85,157.78,1182,38.46
MEM,DCA,MEM-DCA,85,99.39,762,18.75
MIA,MDW,MIA-MDW,85,162.53,1182,28.95
ORD,CAK,ORD-CAK,85,57.67,343,48.0
ORD,CHA,ORD-CHA,85,74.23,501,47.5
ORF,MCO,ORF-MCO,85,105.91,655,22.35
ORF,ORD,ORF-ORD,85,114.31,717,18.07
PHL,CMH,PHL-CMH,85,70.31,406,12.35
PHL,SAN,PHL-SAN,85,321.99,2370,25.3
PHX,TPA,PHX-TPA,85,201.76,1788,31.76
RDU,AUS,RDU-AUS,85,183.57,1162,25.93
RSW,IAH,RSW-IAH,85,139.58,861,16.46
SAN,PHL,SAN-PHL,85,268.66,2370,6.02
SBN,ATL,SBN-ATL,85,88.03,566,48.75
SDF,EWR,SDF-EWR,85,95.45,642,7.23
STL,BWI,STL-BWI,85,93.13,738,7.89
BWI,PHX,BWI-PHX,84,281.79,1999,28.05
CAK,ORD,CAK-ORD,84,64.49,343,49.33
DCA,MEM,DCA-MEM,84,124.88,762,17.95
EWR,GSP,EWR-GSP,84,99.4,594,12.5
EWR,SAV,EWR-SAV,84,113.2,708,18.29
GSP,EWR,GSP-EWR,84,83.84,594,9.88
LAX,MCI,LAX-MCI,84,166.54,1363,10.71
LGA,SAV,LGA-SAV,84,113.77,722,22.78
MCI,LAX,MCI-LAX,84,185.29,1363,21.95
MIA,PIT,MIA-PIT,84,135.89,1013,23.81
ORD,CHS,ORD-CHS,84,102.91,760,22.78
ORD,SAV,ORD-SAV,84,105.23,773,25.97
PIT,MIA,PIT-MIA,84,144.79,1013,29.76
SAV,EWR,SAV-EWR,84,93.51,708,12.05
SAV,LGA,SAV-LGA,84,94.33,722,12.82
SDF,MCO,SDF-MCO,84,102.42,719,31.33
ATL,BUF,ATL-BUF,83,91.8,712,26.25
BOS,MDW,BOS-MDW,83,135.27,861,24.32
BUF,ATL,BUF-ATL,83,106.2,712,40.0
CMH,TPA,CMH-TPA,83,118.87,829,23.17
DCA,CAE,DCA-CAE,83,69.66,408,24.68
DCA,GSP,DCA-GSP,83,69.37,396,23.29
DCA,HOU,DCA-HOU,83,193.91,1218,25.32
DSM,LGA,DSM-LGA,83,128.73,1031,28.38
ELP,HOU,ELP-HOU,83,84.51,677,9.64
GEG,PHX,GEG-PHX,83,128.2,1020,20.48
GSP,DCA,GSP-DCA,83,64.39,396,21.62
GTF,SLC,GTF-SLC,83,69.41,463,22.89
HOU,DCA,HOU-DCA,83,138.64,1218,21.25
LGA,DSM,LGA-DSM,83,157.36,1031,30.67
LGA,PWM,LGA-PWM,83,48.17,269,20.51
MDW,BOS,MDW-BOS,83,106.47,861,28.38
PHX,GEG,PHX-GEG,83,144.57,1020,27.71
PWM,LGA,PWM-LGA,83,59.9,269,19.48
SAV,ORD,SAV-ORD,83,117.58,773,14.29
SLC,GTF,SLC-GTF,83,71.65,463,18.07
TPA,CMH,TPA-CMH,83,109.54,829,14.46
ATL,CRW,ATL-CRW,82,56.73,363,37.04
ATL,CSG,ATL-CSG,82,24.35,83,36.25
ATL,EVV,ATL-EVV,82,59.05,350,18.75
ATL,FWA,ATL-FWA,82,75.91,508,22.08
ATL,SHV,ATL-SHV,82,92.77,551,21.62
AZO,DTW,AZO-DTW,82,27.8,113,31.08
BHM,DCA,BHM-DCA,82,89.95,653,20.0
CAE,DCA,CAE-DCA,82,62.72,408,25.33
CRW,ATL,CRW-ATL,82,63.19,363,38.27
CSG,ATL,CSG-ATL,82,26.18,83,33.75
DFW,LEX,DFW-LEX,82,99.43,785,25.93
DFW,MSN,DFW-MSN,82,104.35,821,32.5
DTW,AZO,DTW-AZO,82,28.59,113,31.08
DTW,LAN,DTW-LAN,82,21.03,74,48.68
DTW,MBS,DTW-MBS,82,26.57,98,46.05
EVV,ATL,EVV-ATL,82,56.95,350,21.25
FLL,MSP,FLL-MSP,82,200.83,1487,18.29
FLL,STL,FLL-STL,82,149.97,1057,41.03
FWA,ATL,FWA-ATL,82,83.2,508,27.63
JAX,IAH,JAX-IAH,82,134.06,817,25.32
LAN,DTW,LAN-DTW,82,22.32,74,38.16
LAS,CMH,LAS-CMH,82,203.54,1771,20.73
LEX,DFW,LEX-DFW,82,128.56,785,29.63
MBS,DTW,MBS-DTW,82,25.66,98,40.79
MBS,ORD,MBS-ORD,82,45.73,222,53.03
MCO,TTN,MCO-TTN,82,116.43,896,23.68
MSN,DFW,MSN-DFW,82,125.39,821,35.0
MSP,FLL,MSP-FLL,82,188.05,1487,23.17
MSP,RST,MSP-RST,82,21.35,76,23.38
ORD,MBS,ORD-MBS,82,42.78,222,44.93
RST,MSP,RST-MSP,82,23.83,76,12.99
SEA,TUS,SEA-TUS,82,148.75,1216,25.0
SHV,ATL,SHV-ATL,82,75.07,551,20.27
STL,FLL,STL-FLL,82,138.8,1057,37.04
TUS,SEA,TUS-SEA,82,178.06,1216,20.0
CLT,SLC,CLT-SLC,81,240.41,1727,20.99
COS,LAS,COS-LAS,81,91.84,604,16.25
DCA,BHM,DCA-BHM,81,105.42,653,28.38
DTW,OMA,DTW-OMA,81,102.26,651,30.77
EWR,STL,EWR-STL,81,138.01,872,10.13
GJT,PHX,GJT-PHX,81,72.89,438,22.22
HOU,JAN,HOU-JAN,81,50.95,359,16.67
IAH,JAX,IAH-JAX,81,96.83,817,35.9
JAN,HOU,JAN-HOU,81,65.73,359,14.29
LAS,COS,LAS-COS,81,81.84,604,20.0
MCI,STL,MCI-STL,81,39.89,237,25.68
MFR,SEA,MFR-SEA,81,60.96,352,16.46
OMA,DTW,OMA-DTW,81,89.9,651,35.44
PHX,GJT,PHX-GJT,81,66.3,438,20.99
PHX,SBA,PHX-SBA,81,71.94,455,30.86
RDM,SFO,RDM-SFO,81,76.0,462,41.1
RDU,TPA,RDU-TPA,81,94.56,587,17.5
SBA,PHX,SBA-PHX,81,67.46,455,18.52
SEA,MFR,SEA-MFR,81,59.13,352,28.75
SFO,RDM,SFO-RDM,81,73.42,462,26.39
STL,EWR,STL-EWR,81,112.22,872,18.42
TPA,RDU,TPA-RDU,81,80.43,587,18.52
TTN,MCO,TTN-MCO,81,138.17,896,29.33
ABE,ATL,ABE-ATL,80,109.7,692,30.38
ATL,ABE,ATL-ABE,80,91.77,692,20.51
BFL,PHX,BFL-PHX,80,66.71,425,13.75
BWI,CMH,BWI-CMH,80,59.3,337,31.65
CHA,CLT,CHA-CLT,80,45.96,241,25.64
CHA,DFW,CHA-DFW,80,117.83,695,30.67
CHS,DFW,CHS-DFW,80,155.06,987,30.38
CID,DFW,CID-DFW,80,106.38,685,42.25
CLT,CHA,CLT-CHA,80,47.31,241,20.51
CMH,BWI,CMH-BWI,80,54.37,337,15.19
DCA,GSO,DCA-GSO,80,47.69,248,22.97
DCA,SDF,DCA-SDF,80,84.09,474,13.51
DFW,CHA,DFW-CHA,80,87.81,695,25.33
DFW,CHS,DFW-CHS,80,114.78,987,24.36
DFW,CID,DFW-CID,80,91.66,685,40.3
DFW,GPT,DFW-GPT,80,69.05,500,28.57
DFW,MOB,DFW-MOB,80,72.27,539,26.92
DFW,ORF,DFW-ORF,80,138.0,1212,25.97
DFW,RIC,DFW-RIC,80,131.56,1158,30.77
DFW,VPS,DFW-VPS,80,83.32,641,43.04
DRO,PHX,DRO-PHX,80,59.03,351,15.38
FLL,IAD,FLL-IAD,80,119.85,901,15.38
GPT,DFW,GPT-DFW,80,86.04,500,21.79
GSO,DCA,GSO-DCA,80,44.22,248,22.97
IAD,FLL,IAD-FLL,80,139.77,901,24.36
JFK,ORF,JFK-ORF,80,55.86,290,22.08
MCI,AUS,MCI-AUS,80,97.61,650,36.0
MCO,SAT,MCO-SAT,80,165.42,1041,30.77
MOB,DFW,MOB-DFW,80,94.57,539,22.08
ORF,DFW,ORF-DFW,80,190.09,1212,29.87
ORF,JFK,ORF-JFK,80,48.75,290,10.39
PHX,BFL,PHX-BFL,80,67.74,425,16.25
PHX,DRO,PHX-DRO,80,53.35,351,10.13
PHX,YUM,PHX-YUM,80,34.3,160,18.75
RIC,DFW,RIC-DFW,80,186.0,1158,33.33
SAT,MCO,SAT-MCO,80,121.29,1041,24.36
SDF,DCA,SDF-DCA,80,68.59,474,22.37
VPS,DFW,VPS-DFW,80,109.03,641,26.58
YUM,PHX,YUM-PHX,80,32.75,160,20.0
AUS,ABQ,AUS-ABQ,79,94.26,619,21.05
AUS,DTW,AUS-DTW,79,138.14,1149,14.29
BNA,JAX,BNA-JAX,79,67.08,483,27.63
BUR,PDX,BUR-PDX,79,121.45,817,17.91
BWI,CLE,BWI-CLE,79,53.83,314,34.67
CLE,BWI,CLE-BWI,79,52.55,314,21.33
DFW,GRR,DFW-GRR,79,115.87,931,37.33
DTW,AUS,DTW-AUS,79,171.21,1149,26.32
FLG,PHX,FLG-PHX,79,29.28,119,15.19
FWA,ORD,FWA-ORD,79,35.81,157,43.28
GRR,DFW,GRR-DFW,79,141.23,931,49.33
JAX,BNA,JAX-BNA,79,75.95,483,15.38
MSP,PIT,MSP-PIT,79,94.85,726,21.52
MSP,RDU,MSP-RDU,79,120.84,980,18.99
ORD,FWA,ORD-FWA,79,33.87,157,38.24
PDX,BUR,PDX-BUR,79,107.14,817,22.86
PHX,FLG,PHX-FLG,79,29.95,119,12.66
PHX,RDM,PHX-RDM,79,136.14,893,15.07
PIT,MSP,PIT-MSP,79,110.68,726,16.46
RDM,PHX,RDM-PHX,79,114.85,893,20.0
RIC,DTW,RIC-DTW,79,81.8,456,26.58
SLC,CLT,SLC-CLT,79,200.06,1727,12.66
DFW,SAV,DFW-SAV,78,108.35,925,38.96
DTW,RIC,DTW-RIC,78,70.01,456,37.66
LGA,OKC,LGA-OKC,78,212.43,1341,30.56
MDW,SAN,MDW-SAN,78,233.03,1728,17.81
OKC,LGA,OKC-LGA,78,164.14,1341,10.0
ORD,EGE,ORD-EGE,78,145.82,1007,36.36
RDU,MSP,RDU-MSP,78,141.22,980,5.13
SAV,DFW,SAV-DFW,78,148.22,925,35.9
ATL,PDX,ATL-PDX,77,292.11,2172,10.53
AUS,PHL,AUS-PHL,77,168.03,1430,30.67
EGE,ORD,EGE-ORD,77,133.45,1007,41.33
IAD,LAS,IAD-LAS,77,279.34,2065,18.92
PHL,AUS,PHL-AUS,77,219.01,1430,32.43
ABQ,AUS,ABQ-AUS,76,81.34,619,24.32
BZN,ORD,BZN-ORD,76,147.61,1185,25.68
DEN,MSN,DEN-MSN,76,101.22,826,24.32
EWR,GSO,EWR-GSO,76,75.73,445,10.81
GSO,EWR,GSO-EWR,76,67.45,445,8.11
IAH,MFE,IAH-MFE,76,56.99,316,14.29
MSN,DEN,MSN-DEN,76,119.73,826,32.43
PDX,ATL,PDX-ATL,76,245.68,2172,17.33
SMF,ORD,SMF-ORD,76,215.28,1781,10.81
ALB,ATL,ALB-ATL,75,135.11,853,12.16
ATL,ALB,ATL-ALB,75,105.84,853,21.62
ATL,MDT,ATL-MDT,75,83.49,620,17.81
ATL,ROC,ATL-ROC,75,94.04,749,18.67
ATL,SYR,ATL-SYR,75,100.0,794,22.67
COS,DAL,COS-DAL,75,84.36,602,19.44
DAL,COS,DAL-COS,75,92.42,602,17.57
DEN,JAX,DEN-JAX,75,166.07,1447,27.4
DTW,GRB,DTW-GRB,75,52.51,287,45.83
EGE,LAX,EGE-LAX,75,110.29,748,22.67
GRB,DTW,GRB-DTW,75,47.93,287,30.56
HOU,ELP,HOU-ELP,75,100.13,677,34.67
JAX,DEN,JAX-DEN,75,208.82,1447,22.22
LAS,IAD,LAS-IAD,75,232.88,2065,9.38
LAX,EGE,LAX-EGE,75,113.55,748,20.0
MDT,ATL,MDT-ATL,75,100.22,620,18.06
MFE,IAH,MFE-IAH,75,53.04,316,13.24
ORD,BZN,ORD-BZN,75,167.04,1185,23.94
ORD,TUS,ORD-TUS,75,202.3,1437,34.25
ROC,ATL,ROC-ATL,75,110.84,749,25.68
SJU,IAH,SJU-IAH,75,274.37,2007,26.03
SLC,BNA,SLC-BNA,75,165.68,1404,28.77
SYR,ATL,SYR-ATL,75,119.81,794,14.86
TUS,ORD,TUS-ORD,75,173.39,1437,18.92
ABQ,HOU,ABQ-HOU,74,97.42,759,13.7
ATL,LFT,ATL-LFT,74,86.2,503,43.66
ATL,PVD,ATL-PVD,74,109.15,903,22.97
BNA,SLC,BNA-SLC,74,197.74,1404,16.67
DSM,PHX,DSM-PHX,74,159.44,1150,39.44
HOU,ABQ,HOU-ABQ,74,113.07,759,26.39
IAH,SJU,IAH-SJU,74,221.37,2007,28.57
LFT,ATL,LFT-ATL,74,69.2,503,28.57
LGA,ROC,LGA-ROC,74,48.3,254,27.54
LGA,SYR,LGA-SYR,74,41.49,198,18.31
MCI,SLC,MCI-SLC,74,132.55,920,17.81
MEM,MCO,MEM-MCO,74,92.14,684,23.29
ORD,PIA,ORD-PIA,74,31.38,130,41.07
PHX,DSM,PHX-DSM,74,139.59,1150,26.76
PIA,ORD,PIA-ORD,74,35.97,130,48.28
PVD,ATL,PVD-ATL,74,140.09,903,20.27
ROC,LGA,ROC-LGA,74,50.42,254,26.09
SJU,DFW,SJU-DFW,74,301.69,2165,64.86
SLC,MCI,SLC-MCI,74,115.48,920,24.66
SYR,LGA,SYR-LGA,74,43.04,198,14.08
ATL,SMF,ATL-SMF,73,283.5,2092,11.11
BDL,FLL,BDL-FLL,73,171.01,1173,31.43
BWI,MYR,BWI-MYR,73,65.67,399,27.4
CMH,RSW,CMH-RSW,73,131.9,930,30.14
DAL,FLL,DAL-FLL,73,133.51,1108,25.35
DEN,RSW,DEN-RSW,73,188.25,1607,15.25
DFW,SJU,DFW-SJU,73,240.37,2165,35.62
FLL,BDL,FLL-BDL,73,146.18,1173,26.76
FLL,DAL,FLL-DAL,73,166.72,1108,48.61
IAH,STL,IAH-STL,73,91.71,667,18.84
KOA,SFO,KOA-SFO,73,272.87,2367,17.39
LAS,BLI,LAS-BLI,73,142.74,954,17.81
MCO,MEM,MCO-MEM,73,108.75,684,30.56
MYR,BWI,MYR-BWI,73,59.5,399,16.67
ORD,SMF,ORD-SMF,73,239.64,1781,24.64
PHL,STL,PHL-STL,73,124.35,814,36.11
RSW,CMH,RSW-CMH,73,121.94,930,23.61
RSW,DEN,RSW-DEN,73,229.07,1607,13.33
SFO,KOA,SFO-KOA,73,313.29,2367,34.29
SMF,ATL,SMF-ATL,73,237.65,2092,19.44
STL,IAH,STL-IAH,73,108.88,667,18.18
AUS,MCI,AUS-MCI,72,86.5,650,25.0
BLI,LAS,BLI-LAS,72,125.45,954,14.08
BQN,MCO,BQN-MCO,72,158.13,1129,23.61
BWI,IAH,BWI-IAH,72,192.26,1235,15.94
IAH,BWI,IAH-BWI,72,142.21,1235,14.29
JAC,LAX,JAC-LAX,72,114.92,784,21.13
LAX,JAC,LAX-JAC,72,120.57,784,15.71
SAN,MDW,SAN-MDW,72,207.94,1728,22.06
STL,PHL,STL-PHL,72,102.46,814,24.29
ABQ,ATL,ABQ-ATL,71,147.83,1269,8.57
ATL,ABQ,ATL-ABQ,71,183.55,1269,12.68
SAN,FAT,SAN-FAT,71,54.77,314,25.35
SBP,SFO,SBP-SFO,71,41.42,190,19.72
BNA,IAD,BNA-IAD,70,73.25,542,17.91
BOI,LAX,BOI-LAX,70,105.13,674,12.86
BWI,MSY,BWI-MSY,70,156.33,998,34.33
CMH,IAD,CMH-IAD,70,51.87,299,15.71
DTW,SDF,DTW-SDF,70,55.16,306,30.0
FAT,SAN,FAT-SAN,70,52.21,314,10.0
IAD,CMH,IAD-CMH,70,55.9,299,15.71
IND,MIA,IND-MIA,70,140.73,1020,35.71
MCO,BQN,MCO-BQN,70,129.89,1129,18.57
MFR,SFO,MFR-SFO,70,60.46,329,18.57
MSP,PDX,MSP-PDX,70,195.4,1426,14.71
MSY,BWI,MSY-BWI,70,117.43,998,31.34
MSY,PHL,MSY-PHL,70,130.16,1089,38.24
MSY,SEA,MSY-SEA,70,285.72,2086,26.09
PDX,MSP,PDX-MSP,70,170.94,1426,11.59
PHL,MSY,PHL-MSY,70,173.52,1089,33.33
RDU,SJU,RDU-SJU,70,175.3,1433,20.29
SDF,DTW,SDF-DTW,70,53.34,306,32.86
SFO,MFR,SFO-MFR,70,59.0,329,14.29
SFO,SBP,SFO-SBP,70,39.87,190,17.14
ATL,SNA,ATL-SNA,69,264.71,1919,18.84
ATL,TUS,ATL-TUS,69,220.94,1541,14.49
BNA,PIT,BNA-PIT,69,63.34,462,21.54
BNA,VPS,BNA-VPS,69,60.28,389,16.42
BOI,DFW,BOI-DFW,69,153.97,1272,38.24
DFW,DRO,DFW-DRO,69,102.82,674,20.9
DFW,TXK,DFW-TXK,69,35.33,181,17.46
DRO,DFW,DRO-DFW,69,91.01,674,38.24
IAD,BNA,IAD-BNA,69,89.63,542,18.46
MIA,IND,MIA-IND,69,140.3,1020,28.99
MIA,SEA,MIA-SEA,69,365.07,2724,32.76
PIT,BNA,PIT-BNA,69,77.29,462,17.65
RDM,SLC,RDM-SLC,69,77.79,525,32.26
RSW,STL,RSW-STL,69,139.42,979,35.82
SEA,MIA,SEA-MIA,69,312.85,2724,40.0
SJU,RDU,SJU-RDU,69,199.12,1433,20.59
SLC,RDM,SLC-RDM,69,84.92,525,31.75
SLC,STL,SLC-STL,69,138.57,1156,21.74
SNA,ATL,SNA-ATL,69,213.42,1919,18.84
STL,RSW,STL-RSW,69,127.41,979,31.82
STL,SLC,STL-SLC,69,171.43,1156,16.18
TUS,ATL,TUS-ATL,69,174.68,1541,11.59
TXK,DFW,TXK-DFW,69,42.3,181,25.4
VPS,BNA,VPS-BNA,69,62.51,389,14.49
BNA,ECP,BNA-ECP,68,60.91,401,25.37
BWI,SDF,BWI-SDF,68,86.0,495,24.24
DEN,TYS,DEN-TYS,68,140.61,1162,28.79
DFW,BOI,DFW-BOI,68,178.61,1272,44.78
ECP,BNA,ECP-BNA,68,63.19,401,9.38
HLN,SLC,HLN-SLC,68,64.33,402,27.27
LAS,SBA,LAS-SBA,68,50.72,289,29.41
LAX,BOI,LAX-BOI,68,103.15,674,8.82
LGA,BTV,LGA-BTV,68,45.86,258,30.3
MCI,SEA,MCI-SEA,68,209.7,1489,32.79
MDW,MSY,MDW-MSY,68,117.36,825,29.51
MKE,RSW,MKE-RSW,68,156.29,1183,40.0
MSY,MDW,MSY-MDW,68,111.56,825,23.44
RSW,MKE,RSW-MKE,68,158.65,1183,32.31
SAN,RNO,SAN-RNO,68,74.47,488,10.61
SBA,LAS,SBA-LAS,68,49.51,289,11.94
SDF,BWI,SDF-BWI,68,68.73,495,19.4
SEA,MSY,SEA-MSY,68,243.57,2086,31.34
SLC,HLN,SLC-HLN,68,65.53,402,18.18
TYS,DEN,TYS-DEN,68,175.44,1162,21.21
BNA,SRQ,BNA-SRQ,67,91.67,648,26.56
BTV,JFK,BTV-JFK,67,56.61,266,15.63
BTV,LGA,BTV-LGA,67,50.65,258,21.54
BZN,LAS,BZN-LAS,67,96.74,701,20.0
BZN,SEA,BZN-SEA,67,86.82,543,24.19
DEN,CID,DEN-CID,67,88.42,692,17.74
JFK,BTV,JFK-BTV,67,48.56,266,25.4
LAS,BZN,LAS-BZN,67,99.33,701,18.75
LAS,PSP,LAS-PSP,67,34.85,173,25.37
ORD,MDT,ORD-MDT,67,80.48,594,33.33
SEA,BZN,SEA-BZN,67,71.31,543,30.65
SEA,MCI,SEA-MCI,67,178.22,1489,26.67
SRQ,BNA,SRQ-BNA,67,96.71,648,19.05
BHM,MCO,BHM-MCO,66,70.91,479,30.3
BUF,TPA,BUF-TPA,66,150.74,1053,38.6
CID,DEN,CID-DEN,66,103.26,692,26.23
CLT,MDT,CLT-MDT,66,63.08,413,9.38
DFW,GEG,DFW-GEG,66,201.27,1477,40.91
FLL,LAS,FLL-LAS,66,302.6,2173,43.08
GEG,DFW,GEG-DFW,66,179.2,1477,42.42
MCO,BHM,MCO-BHM,66,77.89,479,27.27
MDT,CLT,MDT-CLT,66,73.69,413,20.31
MDT,ORD,MDT-ORD,66,99.61,594,24.59
MSY,PHX,MSY-PHX,66,192.5,1300,27.27
PHX,MSY,PHX-MSY,66,147.77,1300,22.73
PSP,LAS,PSP-LAS,66,38.74,173,16.67
TPA,BUF,TPA-BUF,66,134.11,1053,14.81
ATL,STT,ATL-STT,65,183.95,1599,10.77
BDL,TPA,BDL-TPA,65,168.67,1111,37.5
BNA,CLE,BNA-CLE,65,63.82,448,31.67
CLE,BNA,CLE-BNA,65,75.08,448,22.95
LAS,FLL,LAS-FLL,65,241.94,2173,37.5
PHL,PIT,PHL-PIT,65,49.33,268,26.56
PIT,PHL,PIT-PHL,65,48.16,268,26.56
RNO,SAN,RNO-SAN,65,69.34,488,16.92
STT,ATL,STT-ATL,65,222.95,1599,26.98
TPA,BDL,TPA-BDL,65,136.31,1111,17.19
DTW,SAN,DTW-SAN,64,262.56,1956,17.46
IAH,MDW,IAH-MDW,64,116.09,917,17.24
SAN,DTW,SAN-DTW,64,230.11,1956,28.13
ATL,ONT,ATL-ONT,63,260.41,1900,15.87
AUS,SNA,AUS-SNA,63,174.62,1209,34.43
BHM,DAL,BHM-DAL,63,96.59,587,32.79
DAL,BHM,DAL-BHM,63,72.97,587,24.59
DEN,HSV,DEN-HSV,63,129.02,1048,18.64
DEN,PSC,DEN-PSC,63,131.77,852,27.42
DEN,SBP,DEN-SBP,63,136.32,931,26.98
HNL,PDX,HNL-PDX,63,286.52,2603,30.77
LAS,TPA,LAS-TPA,63,224.95,1984,33.33
MFR,SLC,MFR-SLC,63,83.73,575,12.7
MYR,LGA,MYR-LGA,63,77.74,563,27.42
ONT,ATL,ONT-ATL,63,215.54,1900,1.59
PDX,HNL,PDX-HNL,63,350.31,2603,59.62
PHX,PIT,PHX-PIT,63,205.51,1814,18.03
PIT,PHX,PIT-PHX,63,255.49,1814,24.59
PSC,DEN,PSC-DEN,63,113.33,852,15.87
SAN,BWI,SAN-BWI,63,258.08,2295,18.03
SAT,ELP,SAT-ELP,63,76.27,496,19.05
SFO,MRY,SFO-MRY,63,24.44,77,19.05
SJC,OGG,SJC-OGG,63,316.02,2355,22.03
SLC,MFR,SLC-MFR,63,93.23,575,24.59
SNA,AUS,SNA-AUS,63,142.48,1209,27.87
TPA,LAS,TPA-LAS,63,282.4,1984,30.16
TUS,IAH,TUS-IAH,63,116.36,936,22.95
ABY,ATL,ABY-ATL,62,37.03,145,16.13
AEX,ATL,AEX-ATL,62,70.28,500,23.33
ALB,ORD,ALB-ORD,62,117.5,723,23.33
ALW,SEA,ALW-SEA,62,46.04,213,30.61
ASE,ATL,ASE-ATL,62,163.41,1304,44.44
ASE,SFO,ASE-SFO,62,123.33,848,34.48
ATL,ABY,ATL-ABY,62,30.98,145,16.39
ATL,AEX,ATL-AEX,62,84.53,500,15.52
ATL,ASE,ATL-ASE,62,198.51,1304,29.09
ATL,BMI,ATL-BMI,62,82.78,533,28.81
ATL,BQK,ATL-BQK,62,43.13,238,43.55
ATL,DHN,ATL-DHN,62,36.19,170,29.03
ATL,FAY,ATL-FAY,62,50.24,331,16.13
ATL,GTR,ATL-GTR,62,47.71,241,21.43
ATL,MLI,ATL-MLI,62,93.89,633,26.32
ATL,MLU,ATL-MLU,62,76.28,448,26.67
ATL,OAJ,ATL-OAJ,62,56.7,399,11.48
ATL,VLD,ATL-VLD,62,40.56,208,19.67
ATW,DTW,ATW-DTW,62,48.92,296,33.33
ATW,MSP,ATW-MSP,62,45.47,236,28.33
AVL,LGA,AVL-LGA,62,81.06,599,16.13
BHM,MIA,BHM-MIA,62,92.5,661,16.67
BIL,DEN,BIL-DEN,62,69.0,455,23.33
BLI,SEA,BLI-SEA,62,24.35,93,38.71
BMI,ATL,BMI-ATL,62,81.63,533,35.09
BMI,DFW,BMI-DFW,62,116.11,690,32.14
BNA,CMH,BNA-CMH,62,52.27,337,29.09
BNA,MKE,BNA-MKE,62,69.88,475,19.64
BNA,PNS,BNA-PNS,62,62.26,391,24.59
BOI,OAK,BOI-OAK,62,80.93,512,18.03
BOS,CHS,BOS-CHS,62,130.23,818,23.33
BOS,MSY,BOS-MSY,62,209.48,1368,21.67
BPT,DFW,BPT-DFW,62,51.72,270,26.67
BQK,ATL,BQK-ATL,62,46.32,238,38.71
BTR,CLT,BTR-CLT,62,85.97,675,25.0
BTV,ORD,BTV-ORD,62,121.07,763,27.12
BUR,DFW,BUR-DFW,62,149.97,1231,30.0
BWI,SAV,BWI-SAV,62,88.5,549,30.65
BWI,SLC,BWI-SLC,62,266.11,1865,30.65
CAE,DFW,CAE-DFW,62,146.87,922,35.0
CHS,BOS,CHS-BOS,62,107.3,818,23.33
CHS,MIA,CHS-MIA,62,78.38,489,31.15
CID,MSP,CID-MSP,62,44.29,220,33.93
CLT,BTR,CLT-BTR,62,110.25,675,21.31
CLT,DSM,CLT-DSM,62,122.22,815,35.59
CLT,ECP,CLT-ECP,62,77.73,437,19.35
CLT,GPT,CLT-GPT,62,94.49,577,31.15
CLT,HHH,CLT-HHH,62,40.98,207,15.79
CLT,MSN,CLT-MSN,62,104.26,708,35.48
CLT,OKC,CLT-OKC,62,142.93,940,36.07
CLT,OMA,CLT-OMA,62,136.08,913,24.19
CLT,PIA,CLT-PIA,62,94.36,607,40.0
CLT,SHV,CLT-SHV,62,123.03,764,22.41
CLT,STT,CLT-STT,62,182.92,1520,14.52
CLT,TUL,CLT-TUL,62,128.85,842,27.42
CMH,BNA,CMH-BNA,62,59.22,337,26.67
CMI,DFW,CMI-DFW,62,112.48,693,28.57
CRW,ORD,CRW-ORD,62,73.04,416,33.96
CWA,MSP,CWA-MSP,62,37.53,175,11.67
DAL,SLC,DAL-SLC,62,145.1,999,33.33
DCA,DSM,DCA-DSM,62,133.94,897,24.53
DCA,EYW,DCA-EYW,62,159.66,1023,19.67
DCA,ILM,DCA-ILM,62,58.6,319,25.0
DCA,PNS,DCA-PNS,62,129.42,816,35.0
DCA,SAV,DCA-SAV,62,87.67,519,22.41
DCA,SEA,DCA-SEA,62,318.12,2329,26.67
DCA,SFO,DCA-SFO,62,332.46,2442,13.11
DEN,BIL,DEN-BIL,62,68.34,455,29.51
DEN,GTF,DEN-GTF,62,95.73,623,20.34
DEN,GUC,DEN-GUC,62,36.08,152,26.67
DEN,HLN,DEN-HLN,62,93.86,594,25.42
DEN,MFR,DEN-MFR,62,138.72,964,16.39
DEN,MOT,DEN-MOT,62,90.31,604,29.09
DEN,MSO,DEN-MSO,62,104.53,679,25.45
DEN,RDM,DEN-RDM,62,128.49,898,35.09
DEN,SUN,DEN-SUN,62,92.17,557,20.34
DFW,BMI,DFW-BMI,62,91.02,690,24.07
DFW,BPT,DFW-BPT,62,53.64,270,22.41
DFW,BUR,DFW-BUR,62,181.44,1231,38.71
DFW,CAE,DFW-CAE,62,106.65,922,50.0
DFW,CMI,DFW-CMI,62,92.0,693,25.93
DFW,ECP,DFW-ECP,62,88.34,685,24.19
DFW,EVV,DFW-EVV,62,85.0,642,33.33
DFW,EYW,DFW-EYW,62,136.97,1089,49.15
DFW,FAR,DFW-FAR,62,131.46,968,26.23
DFW,FSD,DFW-FSD,62,101.68,737,37.29
DFW,FWA,DFW-FWA,62,108.62,859,19.67
DFW,GCK,DFW-GCK,62,66.23,404,18.87
DFW,GJT,DFW-GJT,62,117.48,773,26.23
DFW,GRI,DFW-GRI,62,82.05,561,18.97
DFW,GSO,DFW-GSO,62,115.75,999,32.79
DFW,HNL,DFW-HNL,62,473.29,3784,45.16
DFW,MGM,DFW-MGM,62,79.23,622,28.33
DFW,MLI,DFW-MLI,62,92.75,691,21.57
DFW,PIA,DFW-PIA,62,88.57,672,25.86
DFW,RAP,DFW-RAP,62,116.77,835,28.33
DFW,ROW,DFW-ROW,62,70.83,435,22.03
DFW,SBN,DFW-SBN,62,109.93,846,22.41
DFW,SPS,DFW-SPS,62,29.41,113,25.0
DFW,SWO,DFW-SWO,62,42.02,225,10.53
DHN,ATL,DHN-ATL,62,37.15,170,27.42
DLH,ORD,DLH-ORD,62,72.43,397,36.21
DSM,CLT,DSM-CLT,62,104.9,815,47.46
DSM,DCA,DSM-DCA,62,114.17,897,37.74
DTW,ATW,DTW-ATW,62,53.87,296,41.67
DTW,PVD,DTW-PVD,62,81.88,615,25.42
DTW,SAT,DTW-SAT,62,181.02,1214,25.0
ECP,CLT,ECP-CLT,62,63.41,437,21.31
ECP,DFW,ECP-DFW,62,117.08,685,20.97
EUG,SFO,EUG-SFO,62,74.48,451,38.46
EUG,SLC,EUG-SLC,62,88.3,618,16.98
EVV,DFW,EVV-DFW,62,107.97,642,38.98
EWR,SAT,EWR-SAT,62,233.44,1569,11.48
EWR,SYR,EWR-SYR,62,39.92,195,16.39
EYW,DCA,EYW-DCA,62,137.13,1023,21.31
EYW,DFW,EYW-DFW,62,165.84,1089,62.3
EYW,LGA,EYW-LGA,62,156.29,1207,13.56
EYW,ORD,EYW-ORD,62,174.34,1251,43.1
FAR,DFW,FAR-DFW,62,138.03,968,23.33
FAY,ATL,FAY-ATL,62,64.31,331,16.39
FLL,RIC,FLL-RIC,62,106.92,805,45.16
FLL,SAN,FLL-SAN,62,319.49,2269,38.78
FLL,SLC,FLL-SLC,62,290.81,2084,29.03
FSD,DFW,FSD-DFW,62,110.15,737,33.9
FWA,DFW,FWA-DFW,62,138.46,859,47.54
GCK,DFW,GCK-DFW,62,64.15,404,25.93
GJT,DFW,GJT-DFW,62,101.36,773,22.95
GPT,CLT,GPT-CLT,62,75.85,577,19.67
GRI,DFW,GRI-DFW,62,87.28,561,29.31
GSO,DFW,GSO-DFW,62,162.11,999,29.51
GTF,DEN,GTF-DEN,62,87.27,623,16.95
GTR,ATL,GTR-ATL,62,44.63,241,17.86
GUC,DEN,GUC-DEN,62,35.92,152,20.0
HHH,CLT,HHH-CLT,62,44.82,207,17.54
HLN,DEN,HLN-DEN,62,84.47,594,32.2
HNL,DFW,HNL-DFW,62,383.16,3784,0.0
HNL,JFK,HNL-JFK,62,533.35,4983,17.74
HNL,LGB,HNL-LGB,62,284.39,2569,17.74
HNL,SMF,HNL-SMF,62,272.72,2462,24.59
HSV,DEN,HSV-DEN,62,160.95,1048,18.64
IAD,MIA,IAD-MIA,62,142.86,921,29.82
IAD,MSP,IAD-MSP,62,138.94,908,20.97
IAD,RSW,IAD-RSW,62,136.41,891,22.22
IAH,PDX,IAH-PDX,62,251.62,1825,21.67
IAH,RDU,IAH-RDU,62,122.1,1042,29.03
IAH,TUS,IAH-TUS,62,140.03,936,31.15
ILM,DCA,ILM-DCA,62,53.08,319,25.42
ITH,JFK,ITH-JFK,62,44.05,189,15.79
JAC,SFO,JAC-SFO,62,117.91,737,22.41
JFK,HNL,JFK-HNL,62,645.03,4983,32.26
JFK,ITH,JFK-ITH,62,43.37,189,21.05
JFK,MCI,JFK-MCI,62,170.07,1113,29.51
JFK,MKE,JFK-MKE,62,125.22,745,20.69
JFK,PDX,JFK-PDX,62,334.51,2454,16.33
JFK,SAT,JFK-SAT,62,242.87,1587,24.19
JFK,STT,JFK-STT,62,199.1,1623,11.29
LAS,OGG,LAS-OGG,62,357.26,2695,39.34
LAX,OKC,LAX-OKC,62,147.33,1187,6.56
LGA,AVL,LGA-AVL,62,101.27,599,17.74
LGA,MYR,LGA-MYR,62,89.62,563,24.59
LGB,HNL,LGB-HNL,62,344.37,2569,53.23
LGB,RNO,LGB-RNO,62,64.05,402,21.31
LIH,OAK,LIH-OAK,62,276.89,2457,8.06
MCI,JFK,MCI-JFK,62,141.6,1113,45.0
MCO,STT,MCO-STT,62,144.08,1246,20.97
MFR,DEN,MFR-DEN,62,122.05,964,8.06
MGM,DFW,MGM-DFW,62,107.72,622,24.59
MIA,BHM,MIA-BHM,62,99.85,661,25.0
MIA,CHS,MIA-CHS,62,74.62,489,32.79
MIA,IAD,MIA-IAD,62,122.18,921,21.05
MIA,PDX,MIA-PDX,62,366.24,2700,42.86
MIA,PNS,MIA-PNS,62,89.89,530,14.75
MIA,RIC,MIA-RIC,62,111.66,825,22.58
MIA,SAN,MIA-SAN,62,319.11,2267,49.18
MIA,STX,MIA-STX,62,132.23,1139,22.58
MKE,BNA,MKE-BNA,62,71.47,475,25.45
MKE,JFK,MKE-JFK,62,107.92,745,28.81
MLI,ATL,MLI-ATL,62,88.82,633,35.71
MLI,DFW,MLI-DFW,62,113.15,691,28.3
MLU,ATL,MLU-ATL,62,63.6,448,35.0
MOT,DEN,MOT-DEN,62,90.08,604,20.75
MRY,SFO,MRY-SFO,62,22.47,77,9.68
MSN,CLT,MSN-CLT,62,100.35,708,40.32
MSO,DEN,MSO-DEN,62,91.21,679,30.36
MSP,ATW,MSP-ATW,62,42.27,236,25.0
MSP,CID,MSP-CID,62,41.12,220,31.58
MSP,CWA,MSP-CWA,62,37.93,175,16.67
MSP,IAD,MSP-IAD,62,118.39,908,32.26
MSY,BOS,MSY-BOS,62,159.33,1368,19.67
OAJ,ATL,OAJ-ATL,62,72.7,399,18.03
OAK,LIH,OAK-LIH,62,331.48,2457,31.15
OGG,LAS,OGG-LAS,62,302.08,2695,11.48
OKC,CLT,OKC-CLT,62,113.73,940,33.87
OKC,LAX,OKC-LAX,62,175.57,1187,13.11
OMA,CLT,OMA-CLT,62,117.26,913,35.48
ORD,ALB,ORD-ALB,62,90.21,723,40.98
ORD,CRW,ORD-CRW,62,65.44,416,29.63
ORD,DLH,ORD-DLH,62,66.25,397,48.21
ORD,EYW,ORD-EYW,62,164.14,1251,38.6
ORD,PSP,ORD-PSP,62,227.03,1651,32.26
PBI,TTN,PBI-TTN,62,131.44,985,28.07
PHL,SRQ,PHL-SRQ,62,151.03,957,29.51
PHX,SGU,PHX-SGU,62,52.97,262,17.74
PIA,CLT,PIA-CLT,62,84.2,607,38.18
PIA,DFW,PIA-DFW,62,110.72,672,35.09
PIH,SLC,PIH-SLC,62,33.55,150,14.52
PIT,LAS,PIT-LAS,62,260.73,1910,14.52
PNS,BNA,PNS-BNA,62,61.9,391,13.56
PNS,DCA,PNS-DCA,62,104.61,816,27.12
PNS,MIA,PNS-MIA,62,79.56,530,16.39
PSP,ORD,PSP-ORD,62,199.67,1651,16.67
PVD,DTW,PVD-DTW,62,101.05,615,35.59
RAP,DFW,RAP-DFW,62,116.6,835,18.33
RDD,SFO,RDD-SFO,62,43.63,199,8.06
RDM,DEN,RDM-DEN,62,114.61,898,31.58
RDU,IAH,RDU-IAH,62,164.74,1042,17.74
RIC,FLL,RIC-FLL,62,121.81,805,33.87
RIC,MIA,RIC-MIA,62,126.23,825,17.74
RNO,LGB,RNO-LGB,62,63.52,402,12.9
ROW,DFW,ROW-DFW,62,63.81,435,25.42
RSW,IAD,RSW-IAD,62,115.05,891,8.93
SAN,FLL,SAN-FLL,62,248.42,2269,16.0
SAT,DTW,SAT-DTW,62,146.14,1214,11.86
SAT,EWR,SAT-EWR,62,180.74,1569,14.75
SAT,JFK,SAT-JFK,62,192.89,1587,30.65
SAV,BWI,SAV-BWI,62,73.71,549,24.19
SAV,DCA,SAV-DCA,62,77.04,519,21.05
SBN,DFW,SBN-DFW,62,133.88,846,48.28
SBP,DEN,SBP-DEN,62,126.69,931,9.68
SEA,ALW,SEA-ALW,62,40.68,213,20.0
SEA,BLI,SEA-BLI,62,26.63,93,12.9
SEA,DCA,SEA-DCA,62,269.29,2329,29.03
SFO,ABQ,SFO-ABQ,62,114.74,896,22.95
SFO,ASE,SFO-ASE,62,113.93,848,33.33
SFO,DCA,SFO-DCA,62,279.9,2442,18.03
SFO,EUG,SFO-EUG,62,71.75,451,23.08
SFO,JAC,SFO-JAC,62,103.21,737,12.07
SFO,RDD,SFO-RDD,62,39.29,199,16.13
SGU,PHX,SGU-PHX,62,46.63,262,19.35
SHV,CLT,SHV-CLT,62,97.7,764,10.71
SLC,BWI,SLC-BWI,62,215.07,1865,32.79
SLC,DAL,SLC-DAL,62,128.23,999,29.51
SLC,EUG,SLC-EUG,62,99.3,618,22.64
SLC,FLL,SLC-FLL,62,240.08,2084,37.1
SLC,PIH,SLC-PIH,62,32.76,150,9.68
SLC,TWF,SLC-TWF,62,32.83,175,10.0
SMF,HNL,SMF-HNL,62,331.49,2462,57.38
SPS,DFW,SPS-DFW,62,28.56,113,35.09
SRQ,PHL,SRQ-PHL,62,125.92,957,47.54
STT,CLT,STT-CLT,62,220.0,1520,48.33
STT,JFK,STT-JFK,62,226.7,1623,15.0
STT,MCO,STT-MCO,62,180.17,1246,23.73
STX,MIA,STX-MIA,62,160.06,1139,29.03
SUN,DEN,SUN-DEN,62,79.74,557,18.03
SWO,DFW,SWO-DFW,62,45.42,225,15.79
SYR,EWR,SYR-EWR,62,41.13,195,16.67
TTN,PBI,TTN-PBI,62,156.59,985,21.43
TUL,CLT,TUL-CLT,62,105.5,842,24.19
TWF,SLC,TWF-SLC,62,35.28,175,8.33
VLD,ATL,VLD-ATL,62,47.38,208,8.2
ABQ,SFO,ABQ-SFO,61,139.82,896,11.48
ABR,MSP,ABR-MSP,61,47.32,257,12.28
BDL,MSP,BDL-MSP,61,155.79,1050,18.03
BJI,MSP,BJI-MSP,61,38.69,199,29.51
CHS,DEN,CHS-DEN,61,209.15,1449,22.95
CMI,ORD,CMI-ORD,61,37.69,135,27.45
CMX,ORD,CMX-ORD,61,65.44,360,29.17
CVG,PHL,CVG-PHL,61,73.95,507,26.67
DCA,GRR,DCA-GRR,61,82.88,524,41.38
DCA,OKC,DCA-OKC,61,176.34,1158,25.0
DEN,CHS,DEN-CHS,61,165.68,1449,27.12
DEN,GCC,DEN-GCC,61,52.22,313,12.07
DEN,SHR,DEN-SHR,61,56.26,359,12.07
DFW,GGG,DFW-GGG,61,29.26,140,15.52
DSM,DTW,DSM-DTW,61,77.75,533,25.42
DTW,DSM,DTW-DSM,61,84.69,533,33.9
EUG,OAK,EUG-OAK,61,66.48,445,14.0
EWR,EYW,EWR-EYW,61,182.88,1196,25.42
EYW,EWR,EYW-EWR,61,153.83,1196,11.86
GCC,DEN,GCC-DEN,61,53.91,313,20.69
GGG,DFW,GGG-DFW,61,35.52,140,27.59
GRR,DCA,GRR-DCA,61,75.36,524,43.1
IAD,BTV,IAD-BTV,61,66.63,441,23.33
JNU,SIT,JNU-SIT,61,23.53,95,35.09
LGA,EYW,LGA-EYW,61,190.02,1207,12.07
MCO,PSE,MCO-PSE,61,136.1,1179,13.11
MCO,SAN,MCO-SAN,61,301.35,2149,27.5
MSP,ABR,MSP-ABR,61,45.42,257,10.53
MSP,BDL,MSP-BDL,61,127.43,1050,31.15
MSP,BJI,MSP-BJI,61,37.93,199,25.0
MSP,RHI,MSP-RHI,61,35.32,190,23.33
MSP,XWA,MSP-XWA,61,84.14,553,27.12
MSY,STL,MSY-STL,61,83.31,604,27.12
OAK,BOI,OAK-BOI,61,70.63,512,20.0
OAK,EUG,OAK-EUG,61,70.04,445,15.69
OGG,SJC,OGG-SJC,61,266.63,2355,12.5
OKC,DCA,OKC-DCA,61,137.96,1158,18.52
ORD,BTV,ORD-BTV,61,98.27,763,25.42
ORD,CMI,ORD-CMI,61,29.86,135,39.22
ORD,CMX,ORD-CMX,61,59.96,360,20.83
PDX,IAH,PDX-IAH,61,215.5,1825,25.0
PDX,JFK,PDX-JFK,61,286.16,2454,16.33
PDX,MIA,PDX-MIA,61,306.92,2700,45.1
PDX,PSP,PDX-PSP,61,118.65,873,15.22
PHL,CVG,PHL-CVG,61,90.24,507,17.24
PSE,MCO,PSE-MCO,61,166.2,1179,22.95
PSP,PDX,PSP-PDX,61,130.26,873,28.26
RHI,MSP,RHI-MSP,61,37.95,190,11.67
SAN,MCO,SAN-MCO,61,240.04,2149,30.43
SAN,MIA,SAN-MIA,61,250.07,2267,21.31
SHR,DEN,SHR-DEN,61,59.88,359,12.5
SIT,JNU,SIT-JNU,61,24.6,95,24.56
XWA,MSP,XWA-MSP,61,77.79,553,22.41
ANC,BET,ANC-BET,60,62.34,399,27.59
BET,ANC,BET-ANC,60,57.36,399,41.38
BOI,MSP,BOI-MSP,60,141.93,1142,31.67
BTV,IAD,BTV-IAD,60,81.47,441,16.95
BTV,PHL,BTV-PHL,60,63.85,335,27.12
BWI,CVG,BWI-CVG,60,74.35,430,19.3
BWI,SAT,BWI-SAT,60,213.93,1407,37.29
CAE,CLT,CAE-CLT,60,28.05,88,12.07
CAE,ORD,CAE-ORD,60,109.21,666,15.79
CLT,MHT,CLT-MHT,60,98.3,737,19.3
CLT,MLI,CLT-MLI,60,101.58,674,19.23
CMH,IAH,CMH-IAH,60,153.98,986,23.64
CVG,BWI,CVG-BWI,60,64.02,430,14.04
ELP,SAT,ELP-SAT,60,63.83,496,5.0
EWR,MKE,EWR-MKE,60,117.96,725,3.77
IAH,CMH,IAH-CMH,60,121.31,986,31.03
MHT,CLT,MHT-CLT,60,126.77,737,17.54
MKE,EWR,MKE-EWR,60,103.24,725,12.96
MLI,CLT,MLI-CLT,60,92.25,674,36.54
MSP,BOI,MSP-BOI,60,159.47,1142,15.0
OMA,STL,OMA-STL,60,51.84,342,32.14
ORD,CAE,ORD-CAE,60,92.87,666,41.82
PHL,BTV,PHL-BTV,60,58.69,335,30.51
SAT,BWI,SAT-BWI,60,159.9,1407,17.24
STL,OMA,STL-OMA,60,55.65,342,27.27
ABQ,ORD,ABQ-ORD,59,142.72,1118,36.21
AUS,IND,AUS-IND,59,113.59,919,24.14
BNA,RSW,BNA-RSW,59,100.83,722,27.59
BNA,SAN,BNA-SAN,59,242.33,1751,24.14
BNA,SAT,BNA-SAT,59,129.25,822,22.64
BWI,MKE,BWI-MKE,59,99.56,641,22.22
CLT,CAE,CLT-CAE,59,24.5,88,17.24
CLT,MDW,CLT-MDW,59,89.48,584,21.15
CLT,TLH,CLT-TLH,59,67.24,386,16.95
CVG,SEA,CVG-SEA,59,267.4,1965,12.0
DAL,IND,DAL-IND,59,95.12,755,40.35
DAY,ORD,DAY-ORD,59,48.21,240,32.08
DEN,RIC,DEN-RIC,59,167.63,1482,28.81
DTW,MSY,DTW-MSY,59,135.14,926,29.82
GEG,MSP,GEG-MSP,59,143.54,1175,30.51
GRR,EWR,GRR-EWR,59,82.59,605,16.67
IAD,CHS,IAD-CHS,59,82.76,441,22.41
IND,AUS,IND-AUS,59,145.2,919,27.12
IND,DAL,IND-DAL,59,119.88,755,26.32
MDW,CLT,MDW-CLT,59,80.98,584,30.36
MKE,BWI,MKE-BWI,59,87.02,641,30.36
MKE,STL,MKE-STL,59,56.11,317,20.37
MSP,GEG,MSP-GEG,59,160.95,1175,3.45
MSY,DTW,MSY-DTW,59,118.48,926,19.64
ORD,ABQ,ORD-ABQ,59,162.56,1118,33.33
ORD,DAY,ORD-DAY,59,45.44,240,35.19
PHL,SEA,PHL-SEA,59,324.33,2378,31.37
PIT,RDU,PIT-RDU,59,55.0,328,10.17
RDU,PIT,RDU-PIT,59,55.88,328,8.47
RDU,SEA,RDU-SEA,59,321.38,2354,18.87
RIC,DEN,RIC-DEN,59,216.7,1482,26.32
SAT,BNA,SAT-BNA,59,102.25,822,8.93
SEA,CVG,SEA-CVG,59,228.16,1965,10.0
SEA,PHL,SEA-PHL,59,273.1,2378,41.18
SEA,RDU,SEA-RDU,59,266.85,2354,24.53
STL,MKE,STL-MKE,59,52.02,317,34.55
TLH,CLT,TLH-CLT,59,59.24,386,13.56
ATL,SJC,ATL-SJC,58,287.55,2116,12.07
BDL,MDW,BDL-MDW,58,125.25,776,16.98
BNA,SAV,BNA-SAV,58,60.44,417,29.82
CHS,IAD,CHS-IAD,58,65.45,441,22.41
CLE,STL,CLE-STL,58,78.24,487,20.0
CMH,MIA,CMH-MIA,58,140.34,990,29.31
DFW,JAC,DFW-JAC,58,151.46,1047,29.82
DSM,STL,DSM-STL,58,42.87,259,28.85
EWR,GRR,EWR-GRR,58,99.04,605,15.69
GEG,OAK,GEG-OAK,58,102.9,723,17.24
GEG,SFO,GEG-SFO,58,113.9,733,10.34
ICT,STL,ICT-STL,58,55.14,392,16.07
JAC,DFW,JAC-DFW,58,132.66,1047,36.21
JAC,ORD,JAC-ORD,58,148.32,1162,30.19
JFK,RIC,JFK-RIC,58,60.79,288,19.3
LAX,RDU,LAX-RDU,58,253.61,2239,10.53
LIT,STL,LIT-STL,58,49.88,296,5.36
MDW,BDL,MDW-BDL,58,94.36,776,23.64
MDW,SLC,MDW-SLC,58,182.25,1259,28.3
MHT,MCO,MHT-MCO,58,178.68,1142,28.57
MIA,CMH,MIA-CMH,58,134.14,990,36.21
OAK,GEG,OAK-GEG,58,99.11,723,22.81
OGG,SAN,OGG-SAN,58,284.74,2541,17.95
OKC,STL,OKC-STL,58,63.04,462,19.64
ORD,JAC,ORD-JAC,58,164.58,1162,36.36
RDU,LAX,RDU-LAX,58,309.23,2239,19.3
RSW,BNA,RSW-BNA,58,105.0,722,21.05
SAN,OGG,SAN-OGG,58,338.85,2541,22.5
SAV,BNA,SAV-BNA,58,70.11,417,17.54
SFO,GEG,SFO-GEG,58,106.6,733,10.34
SJC,ATL,SJC-ATL,58,241.38,2116,10.34
SLC,MDW,SLC-MDW,58,157.43,1259,35.19
SLC,TUL,SLC-TUL,58,120.24,926,25.86
STL,CLE,STL-CLE,58,67.6,487,40.0
STL,CMH,STL-CMH,58,58.87,409,20.0
STL,DSM,STL-DSM,58,44.4,259,30.77
STL,ICT,STL-ICT,58,66.16,392,30.36
STL,LIT,STL-LIT,58,49.15,296,25.45
STL,MSY,STL-MSY,58,87.49,604,31.58
STL,OKC,STL-OKC,58,74.07,462,38.18
STT,SJU,STT-SJU,58,22.72,68,19.3
TUL,SLC,TUL-SLC,58,145.4,926,28.07
TUL,STL,TUL-STL,58,51.21,351,10.71
ANC,ADQ,ANC-ADQ,57,42.17,253,25.0
CVG,FLL,CVG-FLL,57,130.82,932,26.32
CYS,DEN,CYS-DEN,57,20.94,90,5.66
DEN,CYS,DEN-CYS,57,20.22,90,10.91
DTW,MEM,DTW-MEM,57,97.67,610,34.55
FLL,CVG,FLL-CVG,57,127.51,932,33.33
IAH,IND,IAH-IND,57,103.09,844,22.22
IND,IAH,IND-IAH,57,133.54,844,25.0
JFK,BWI,JFK-BWI,57,40.42,184,18.18
MCO,RIC,MCO-RIC,57,88.18,667,19.64
MEM,DTW,MEM-DTW,57,82.58,610,30.77
MSP,SAT,MSP-SAT,57,152.39,1097,19.3
MSP,SDF,MSP-SDF,57,86.64,604,26.79
OMA,SLC,OMA-SLC,57,132.5,840,32.14
ORD,AVL,ORD-AVL,57,78.27,536,26.92
RIC,JFK,RIC-JFK,57,51.65,288,21.82
RIC,MCO,RIC-MCO,57,104.98,667,37.5
SAN,HOU,SAN-HOU,57,153.05,1313,19.3
SAT,MSP,SAT-MSP,57,139.91,1097,22.81
SDF,MSP,SDF-MSP,57,101.38,604,23.21
SLC,OKC,SLC-OKC,57,113.74,866,21.05
SLC,OMA,SLC-OMA,57,114.61,840,24.56
STL,TUL,STL-TUL,57,58.76,351,30.91
ADQ,ANC,ADQ-ANC,56,41.38,253,28.3
AUS,STL,AUS-STL,56,95.48,721,12.5
AVL,ORD,AVL-ORD,56,90.06,536,23.53
BGR,LGA,BGR-LGA,56,73.55,378,13.73
BTM,SLC,BTM-SLC,56,56.45,358,10.71
BWI,JFK,BWI-JFK,56,41.51,184,30.19
DAL,OAK,DAL-OAK,56,205.71,1468,29.09
GRR,MCO,GRR-MCO,56,137.16,1024,31.37
IAD,JAX,IAD-JAX,56,102.39,630,21.43
IAD,JFK,IAD-JFK,56,49.96,228,24.07
IAD,MSY,IAD-MSY,56,148.42,955,24.0
IAD,SAT,IAD-SAT,56,204.02,1362,21.74
JAX,IAD,JAX-IAD,56,83.87,630,16.67
JFK,IAD,JFK-IAD,56,51.74,228,29.63
LGA,BGR,LGA-BGR,56,55.47,378,19.61
MCO,GRR,MCO-GRR,56,139.55,1024,22.64
MDW,BUF,MDW-BUF,56,65.04,468,38.78
MDW,IAH,MDW-IAH,56,139.1,917,24.0
MEM,MSP,MEM-MSP,56,100.75,700,25.0
MFR,PHX,MFR-PHX,56,110.77,854,3.57
MSP,MEM,MSP-MEM,56,102.45,700,32.08
MSY,IAD,MSY-IAD,56,115.02,955,4.17
OKC,SLC,OKC-SLC,56,135.23,866,23.21
PHX,MFR,PHX-MFR,56,132.56,854,12.73
SAT,IAD,SAT-IAD,56,159.39,1362,10.87
SAT,MDW,SAT-MDW,56,127.89,1036,18.87
SLC,BTM,SLC-BTM,56,61.11,358,14.29
AUS,LGB,AUS-LGB,55,175.48,1226,22.22
BOS,BUF,BOS-BUF,55,70.69,395,40.82
BOS,MEM,BOS-MEM,55,180.4,1139,21.15
BWI,SAN,BWI-SAN,55,315.63,2295,14.81
CMH,STL,CMH-STL,55,67.55,409,16.33
DAL,LGB,DAL-LGB,55,176.78,1232,20.0
DCA,CID,DCA-CID,55,123.05,801,34.15
DTW,ELM,DTW-ELM,55,50.28,332,41.51
ELM,DTW,ELM-DTW,55,58.39,332,42.59
EUG,PHX,EUG-PHX,55,122.98,952,10.64
FLL,CHS,FLL-CHS,55,73.47,470,30.91
GRR,MIA,GRR-MIA,55,167.18,1214,33.33
HOU,LGB,HOU-LGB,55,195.63,1374,29.63
LGB,AUS,LGB-AUS,55,144.02,1226,12.96
LGB,DAL,LGB-DAL,55,152.81,1232,20.75
LGB,HOU,LGB-HOU,55,160.75,1374,20.0
LGB,MDW,LGB-MDW,55,209.98,1741,16.67
LIT,DEN,LIT-DEN,55,115.76,771,16.67
MCO,ROC,MCO-ROC,55,130.0,1033,22.64
MDW,LGB,MDW-LGB,55,236.98,1741,22.92
MEM,BOS,MEM-BOS,55,138.06,1139,21.15
MIA,GRR,MIA-GRR,55,167.14,1214,28.0
MRY,LAX,MRY-LAX,55,53.44,266,5.45
OAK,PSP,OAK-PSP,55,64.62,418,16.36
OAK,RNO,OAK-RNO,55,34.26,181,9.26
PHL,BDL,PHL-BDL,55,40.34,196,24.53
PHX,EUG,PHX-EUG,55,142.94,952,14.58
PSP,OAK,PSP-OAK,55,69.2,418,27.27
RNO,OAK,RNO-OAK,55,39.09,181,14.55
ROC,MCO,ROC-MCO,55,149.21,1033,43.4
SFO,TPA,SFO-TPA,55,271.83,2393,18.75
TPA,ISP,TPA-ISP,55,130.7,1034,14.81
TPA,SFO,TPA-SFO,55,330.38,2393,18.92
ACY,FLL,ACY-FLL,54,144.4,977,26.42
AUS,HRL,AUS-HRL,54,47.87,273,20.37
BDL,MIA,BDL-MIA,54,176.13,1194,32.69
BDL,PHL,BDL-PHL,54,53.02,196,17.31
BUF,BOS,BUF-BOS,54,58.7,395,30.43
BZN,DFW,BZN-DFW,54,145.48,1163,37.04
CHS,FLL,CHS-FLL,54,75.02,470,14.81
CID,DCA,CID-DCA,54,103.67,801,47.62
DEN,LIT,DEN-LIT,54,97.04,771,29.63
DFW,BZN,DFW-BZN,54,169.34,1163,33.96
DFW,HDN,DFW-HDN,54,118.77,769,26.92
DFW,MTJ,DFW-MTJ,54,110.85,722,31.48
EWR,ORF,EWR-ORF,54,53.6,284,9.62
FAT,LAX,FAT-LAX,54,43.46,209,9.26
FLL,ACY,FLL-ACY,54,124.81,977,26.42
GEG,LAX,GEG-LAX,54,131.53,945,14.89
HDN,DFW,HDN-DFW,54,102.57,769,35.19
HOU,SAN,HOU-SAN,54,187.15,1313,22.64
HRL,AUS,HRL-AUS,54,47.36,273,9.43
IAH,BTR,IAH-BTR,54,41.14,253,29.41
ICT,IAH,ICT-IAH,54,85.84,542,26.0
ISP,TPA,ISP-TPA,54,166.53,1034,22.64
LAS,PIT,LAS-PIT,54,218.94,1910,29.63
LAX,GEG,LAX-GEG,54,137.72,945,17.02
LAX,MRY,LAX-MRY,54,51.17,266,12.96
LAX,SBA,LAX-SBA,54,24.56,89,11.11
LGA,PHL,LGA-PHL,54,36.29,96,11.76
LGA,XNA,LGA-XNA,54,184.25,1147,15.38
MIA,BDL,MIA-BDL,54,150.39,1194,31.37
MSP,PSP,MSP-PSP,54,194.13,1454,31.48
MTJ,DFW,MTJ-DFW,54,95.46,722,27.78
OGG,PDX,OGG-PDX,54,287.71,2562,35.71
ORF,EWR,ORF-EWR,54,58.19,284,9.62
PDX,OGG,PDX-OGG,54,346.63,2562,39.53
PHL,LGA,PHL-LGA,54,27.13,96,13.21
PSP,MSP,PSP-MSP,54,177.76,1454,12.96
SAN,BNA,SAN-BNA,54,199.38,1751,20.0
SBA,LAX,SBA-LAX,54,27.46,89,3.7
XNA,LGA,XNA-LGA,54,147.2,1147,25.49
ALB,LGA,ALB-LGA,53,33.0,136,8.16
ATL,ELP,ATL-ELP,53,183.06,1282,15.38
AZA,PVU,AZA-PVU,53,73.9,477,20.0
BNA,CHS,BNA-CHS,53,59.4,439,21.15
BTR,IAH,BTR-IAH,53,54.29,253,30.61
CHS,BNA,CHS-BNA,53,73.37,439,15.38
CVG,PHX,CVG-PHX,53,228.33,1569,28.85
DCA,MSN,DCA-MSN,53,110.26,707,18.0
DEN,DIK,DEN-DIK,53,74.32,488,12.77
DEN,SGU,DEN-SGU,53,80.0,517,15.09
DIK,DEN,DIK-DEN,53,75.0,488,16.33
ELP,ATL,ELP-ATL,53,145.89,1282,20.75
IAH,ICT,IAH-ICT,53,81.75,542,27.45
IAH,VCT,IAH-VCT,53,29.36,123,12.0
LGA,ALB,LGA-ALB,53,30.78,136,10.2
LGA,PVD,LGA-PVD,53,30.94,143,16.67
MAF,IAH,MAF-IAH,53,63.69,429,19.23
MIA,MCI,MIA-MCI,53,177.4,1251,40.0
MIA,ORF,MIA-ORF,53,108.77,802,16.98
MSN,DCA,MSN-DCA,53,93.2,707,26.53
ORF,MIA,ORF-MIA,53,121.15,802,15.09
PHX,CVG,PHX-CVG,53,183.08,1569,23.08
PIT,IAD,PIT-IAD,53,39.87,182,13.21
PIT,RSW,PIT-RSW,53,140.45,966,35.85
PVD,LGA,PVD-LGA,53,41.55,143,14.89
PVU,AZA,PVU-AZA,53,71.41,477,15.69
RSW,PIT,RSW-PIT,53,125.0,966,18.87
SGU,DEN,SGU-DEN,53,76.83,517,24.53
VCT,IAH,VCT-IAH,53,28.96,123,16.0
AUS,SMF,AUS-SMF,52,212.49,1481,49.02
BRD,MSP,BRD-MSP,52,27.87,114,23.08
BZN,MSP,BZN-MSP,52,111.9,874,13.46
CDC,SLC,CDC-SLC,52,39.79,221,15.38
DCA,OMA,DCA-OMA,52,154.72,1012,21.28
DEC,ORD,DEC-ORD,52,37.4,156,20.0
DEN,LAR,DEN-LAR,52,27.67,113,15.56
DEN,VEL,DEN-VEL,52,45.98,259,15.69
DTW,LEX,DTW-LEX,52,50.76,296,35.29
IAD,PIT,IAD-PIT,52,37.38,182,25.0
IAH,MAF,IAH-MAF,52,72.88,429,29.41
IAH,PIB,IAH-PIB,52,57.35,372,14.29
LAR,DEN,LAR-DEN,52,28.91,113,8.7
LEX,DTW,LEX-DTW,52,53.75,296,33.33
MCI,MIA,MCI-MIA,52,159.96,1251,40.0
MEI,IAH,MEI-IAH,52,75.74,422,8.7
MSP,BRD,MSP-BRD,52,29.63,114,21.15
OMA,DCA,OMA-DCA,52,122.17,1012,25.0
ORD,DEC,ORD-DEC,52,32.44,156,20.93
PLN,DTW,PLN-DTW,52,43.43,243,27.5
SDF,BOS,SDF-BOS,52,111.67,829,25.49
SLC,CDC,SLC-CDC,52,37.82,221,11.76
SMF,AUS,SMF-AUS,52,175.49,1481,15.69
VEL,DEN,VEL-DEN,52,46.31,259,11.54
APN,DTW,APN-DTW,51,39.63,198,31.58
ATL,EGE,ATL-EGE,51,187.53,1312,15.69
AUS,OKC,AUS-OKC,51,54.1,358,30.61
BFF,DEN,BFF-DEN,51,36.29,150,10.2
BOI,SAN,BOI-SAN,51,112.88,749,27.45
BOS,SDF,BOS-SDF,51,135.84,829,21.57
CHS,PHL,CHS-PHL,51,79.66,550,34.0
CVG,RDU,CVG-RDU,51,58.69,390,20.83
DEN,BFF,DEN-BFF,51,30.46,150,12.5
DEN,LBB,DEN-LBB,51,64.08,456,24.0
DEN,LBF,DEN-LBF,51,39.32,228,18.0
DTW,APN,DTW-APN,51,38.84,198,39.47
DTW,PLN,DTW-PLN,51,42.48,243,37.5
EGE,ATL,EGE-ATL,51,154.04,1312,27.45
HIB,MSP,HIB-MSP,51,36.75,174,19.61
IAH,OKC,IAH-OKC,51,62.3,395,15.22
INL,MSP,INL-MSP,51,45.4,255,10.0
JFK,PWM,JFK-PWM,51,49.15,273,31.25
LAX,FAT,LAX-FAT,51,41.08,209,9.8
LBB,DEN,LBB-DEN,51,72.1,456,20.0
LBF,DEN,LBF-DEN,51,42.18,228,20.0
MCO,PDX,MCO-PDX,51,346.52,2534,23.81
MDW,MEM,MDW-MEM,51,78.6,480,34.0
MEM,MDW,MEM-MDW,51,73.21,480,21.28
MSP,BZN,MSP-BZN,51,124.78,874,13.73
MSP,HIB,MSP-HIB,51,34.64,174,26.0
MSP,INL,MSP-INL,51,46.3,255,14.0
OKC,AUS,OKC-AUS,51,59.32,358,16.0
ORF,PHL,ORF-PHL,51,42.14,212,14.0
PHL,CHS,PHL-CHS,51,90.0,550,37.25
PHL,ORF,PHL-ORF,51,40.9,212,42.0
RDU,CVG,RDU-CVG,51,73.86,390,17.65
SAN,BOI,SAN-BOI,51,113.38,749,22.0
SAN,STS,SAN-STS,51,83.1,508,17.65
SFB,TYS,SFB-TYS,51,74.82,511,22.45
STS,SAN,STS-SAN,51,73.29,508,19.61
TYS,SFB,TYS-SFB,51,74.88,511,20.41
ABE,SFB,ABE-SFB,50,133.78,882,16.0
CAE,LGA,CAE-LGA,50,83.65,617,19.57
CVG,SLC,CVG-SLC,50,203.52,1450,12.0
DEN,HNL,DEN-HNL,50,425.74,3365,30.0
DTW,ORF,DTW-ORF,50,77.76,529,30.61
FLL,JAX,FLL-JAX,50,51.32,319,36.0
HNL,DEN,HNL-DEN,50,367.02,3365,2.08
LAS,TUL,LAS-TUL,50,127.3,1076,28.0
LGA,CAE,LGA-CAE,50,99.52,617,23.91
MCI,BWI,MCI-BWI,50,117.6,967,34.04
MCO,MHT,MCO-MHT,50,143.1,1142,10.42
ORD,ROA,ORD-ROA,50,79.51,531,35.56
ORF,DTW,ORF-DTW,50,89.23,529,22.92
PDX,GEG,PDX-GEG,50,46.61,279,18.18
PDX,MCO,PDX-MCO,50,291.18,2534,34.09
PWM,JFK,PWM-JFK,50,56.19,273,27.66
ROA,ORD,ROA-ORD,50,90.72,531,34.88
SFB,ABE,SFB-ABE,50,118.8,882,8.16
SLC,CVG,SLC-CVG,50,172.4,1450,24.0
TUL,LAS,TUL-LAS,50,152.45,1076,14.29
BQN,TPA,BQN-TPA,49,163.65,1175,27.08
CLE,MIA,CLE-MIA,49,151.85,1080,27.66
DAY,LGA,DAY-LGA,49,82.35,549,18.75
GEG,PDX,GEG-PDX,49,54.24,279,16.67
JAX,FLL,JAX-FLL,49,54.45,319,32.65
LGA,DAY,LGA-DAY,49,92.88,549,16.67
LGA,LIT,LGA-LIT,49,171.93,1085,21.74
LIT,LGA,LIT-LGA,49,144.98,1085,31.25
MCI,SAN,MCI-SAN,49,185.33,1334,26.53
MIA,CLE,MIA-CLE,49,142.83,1080,43.75
TPA,BQN,TPA-BQN,49,139.17,1175,31.25
BHM,MDW,BHM-MDW,48,85.48,570,7.14
BUF,MDW,BUF-MDW,48,79.95,468,10.81
CLT,ROA,CLT-ROA,48,37.0,155,34.09
CVG,LAS,CVG-LAS,48,232.49,1678,17.02
DDC,DEN,DDC-DEN,48,53.8,292,20.0
DSM,LAS,DSM-LAS,48,166.36,1216,30.95
FAT,SEA,FAT-SEA,48,114.3,748,13.95
GEG,LAS,GEG-LAS,48,110.88,806,18.75
LAS,CVG,LAS-CVG,48,192.49,1678,14.89
LAS,DSM,LAS-DSM,48,146.45,1216,30.95
LAS,GEG,LAS-GEG,48,118.94,806,25.53
LGA,ROA,LGA-ROA,48,72.78,405,26.67
LNK,ORD,LNK-ORD,48,76.36,466,37.78
MDW,BHM,MDW-BHM,48,80.83,570,26.19
MDW,SAT,MDW-SAT,48,153.75,1036,20.45
OAK,DAL,OAK-DAL,48,180.11,1468,21.28
ROA,CLT,ROA-CLT,48,44.67,155,40.0
ROA,LGA,ROA-LGA,48,61.93,405,17.78
SEA,FAT,SEA-FAT,48,100.52,748,16.67
ALB,MDW,ALB-MDW,47,114.7,717,18.6
AVL,FLL,AVL-FLL,47,96.57,661,25.53
BWI,MCI,BWI-MCI,47,144.89,967,26.67
CLE,LAX,CLE-LAX,47,274.55,2052,4.76
DAL,SJC,DAL-SJC,47,205.28,1450,25.53
DTW,PBI,DTW-PBI,47,159.13,1086,42.55
FLL,AVL,FLL-AVL,47,92.68,661,19.15
LAX,CLE,LAX-CLE,47,238.1,2052,14.29
LAX,IND,LAX-IND,47,210.62,1814,14.89
MDW,ALB,MDW-ALB,47,87.26,717,36.96
ORD,FNT,ORD-FNT,47,40.24,223,47.62
ORD,LNK,ORD-LNK,47,75.91,466,41.86
PBI,DTW,PBI-DTW,47,143.81,1086,40.43
PSP,SMF,PSP-SMF,47,73.91,439,12.77
SJC,DAL,SJC-DAL,47,175.64,1450,4.26
SJU,STT,SJU-STT,47,17.3,68,17.02
SMF,PSP,SMF-PSP,47,66.28,439,21.28
ANC,SCC,ANC-SCC,46,87.23,626,27.5
BDL,PBI,BDL-PBI,46,167.21,1133,20.93
BQN,JFK,BQN-JFK,46,211.87,1576,13.04
FNT,ORD,FNT-ORD,46,47.18,223,52.5
IAD,ROC,IAD-ROC,46,49.87,288,19.57
IND,LAX,IND-LAX,46,245.59,1814,23.91
JFK,BQN,JFK-BQN,46,195.83,1576,41.3
LAX,MEM,LAX-MEM,46,188.78,1619,15.56
MEM,LAX,MEM-LAX,46,226.23,1619,20.45
OAK,MDW,OAK-MDW,46,221.07,1844,21.95
PBI,BDL,PBI-BDL,46,140.61,1133,11.36
PHL,SLC,PHL-SLC,46,270.46,1927,13.04
ROC,IAD,ROC-IAD,46,53.15,288,21.74
SCC,ANC,SCC-ANC,46,85.55,626,15.0
SLC,PHL,SLC-PHL,46,222.07,1927,21.74
ACY,TPA,ACY-TPA,45,141.3,913,13.64
DEN,DDC,DEN-DDC,45,47.84,292,13.51
LAX,RDM,LAX-RDM,45,113.08,726,33.33
RDM,LAX,RDM-LAX,45,101.22,726,29.73
SAT,TPA,SAT-TPA,45,115.07,972,20.0
STL,AUS,STL-AUS,45,109.05,721,26.19
TPA,ACY,TPA-ACY,45,117.02,913,9.09
TPA,SAT,TPA-SAT,45,155.29,972,37.78
BUF,FLL,BUF-FLL,44,166.84,1166,50.0
FLL,BUF,FLL-BUF,44,151.16,1166,18.92
MCO,OMA,MCO-OMA,44,173.16,1211,39.53
OMA,MCO,OMA-MCO,44,152.12,1211,50.0
ORD,PVD,ORD-PVD,44,108.53,849,39.53
ORD,RIC,ORD-RIC,44,89.14,642,30.95
PHL,BUF,PHL-BUF,44,54.2,279,34.29
PVD,ORD,PVD-ORD,44,135.31,849,26.19
RIC,ORD,RIC-ORD,44,104.4,642,28.57
SNA,STS,SNA-STS,44,78.48,433,9.09
STS,SNA,STS-SNA,44,68.66,433,11.36
BUF,PHL,BUF-PHL,43,53.82,279,32.35
HOU,MEM,HOU-MEM,43,64.79,484,20.93
MEM,HOU,MEM-HOU,43,84.12,484,23.26
SJU,IAD,SJU-IAD,43,211.92,1571,17.95
AVL,SFB,AVL-SFB,42,71.0,465,34.15
HOU,TUL,HOU-TUL,42,64.79,453,19.05
IAD,SJU,IAD-SJU,42,195.38,1571,23.08
IAH,MCI,IAH-MCI,42,88.92,643,30.56
LIH,SFO,LIH-SFO,42,279.12,2447,7.14
MCI,IAH,MCI-IAH,42,101.86,643,22.22
SFB,AVL,SFB-AVL,42,67.83,465,39.02
SFO,LIH,SFO-LIH,42,325.33,2447,11.9
SJU,MDW,SJU-MDW,42,288.49,2057,41.46
TUL,HOU,TUL-HOU,42,75.05,453,21.43
ABQ,SAN,ABQ-SAN,41,93.73,628,19.51
AVL,PIE,AVL-PIE,41,83.41,519,26.83
CLE,LAS,CLE-LAS,41,245.9,1824,67.5
DAL,MEM,DAL-MEM,41,58.78,423,15.0
IDA,DEN,IDA-DEN,41,67.68,458,17.5
MDW,SJU,MDW-SJU,41,250.13,2057,39.47
MEM,DAL,MEM-DAL,41,70.53,423,27.5
PIE,AVL,PIE-AVL,41,71.29,519,24.39
SAN,ABQ,SAN-ABQ,41,80.2,628,7.32
SAN,SAT,SAN-SAT,41,133.29,1129,24.39
ACY,RSW,ACY-RSW,40,152.72,982,23.08
AMA,DEN,AMA-DEN,40,60.38,359,27.03
AVL,EWR,AVL-EWR,40,82.95,583,10.0
BHM,HOU,BHM-HOU,40,97.93,570,12.5
BLI,OAK,BLI-OAK,40,103.15,764,20.51
BNA,MYR,BNA-MYR,40,61.88,471,25.0
BOI,SMF,BOI-SMF,40,66.75,437,20.0
BOS,SRQ,BOS-SRQ,40,189.62,1220,30.77
BTV,EWR,BTV-EWR,40,52.49,266,12.82
COS,ORD,COS-ORD,40,125.1,911,15.38
CVG,IAD,CVG-IAD,40,61.68,388,15.0
DEN,IDA,DEN-IDA,40,75.38,458,15.38
EUG,LAS,EUG-LAS,40,93.53,700,44.12
EWR,BTV,EWR-BTV,40,48.44,266,28.21
HOU,BHM,HOU-BHM,40,73.2,570,35.0
IAD,CVG,IAD-CVG,40,70.8,388,20.0
ICT,LAS,ICT-LAS,40,139.95,986,25.64
LAS,EUG,LAS-EUG,40,109.61,700,18.18
LAS,ICT,LAS-ICT,40,119.88,986,22.5
MSP,SRQ,MSP-SRQ,40,171.51,1342,17.95
MYR,BNA,MYR-BNA,40,80.18,471,20.0
OAK,BLI,OAK-BLI,40,107.38,764,23.08
PSC,SFO,PSC-SFO,40,98.58,620,40.0
PWM,IAD,PWM-IAD,40,89.05,493,18.92
RSW,ACY,RSW-ACY,40,123.48,982,20.0
SAN,TUS,SAN-TUS,40,54.1,368,27.5
SAV,BOS,SAV-BOS,40,113.44,901,20.51
SMF,BOI,SMF-BOI,40,65.43,437,22.5
SRQ,BOS,SRQ-BOS,40,155.33,1220,25.64
SRQ,MSP,SRQ-MSP,40,185.73,1342,12.5
TUS,SAN,TUS-SAN,40,60.05,368,12.5
ABE,ORD,ABE-ORD,39,108.94,655,16.13
ABQ,IAH,ABQ-IAH,39,97.32,744,23.68
BIL,DFW,BIL-DFW,39,143.44,1081,33.33
BOS,SAV,BOS-SAV,39,143.36,901,33.33
CVG,IAH,CVG-IAH,39,142.26,871,15.79
DEN,RIW,DEN-RIW,39,49.08,296,13.51
DEN,RKS,DEN-RKS,39,43.63,260,7.89
EWR,AVL,EWR-AVL,39,96.92,583,10.26
EWR,PWM,EWR-PWM,39,50.33,284,21.21
EWR,ROC,EWR-ROC,39,47.06,246,13.89
IAD,PHX,IAD-PHX,39,270.5,1956,26.92
IAD,PWM,IAD-PWM,39,71.31,493,22.22
IAD,SRQ,IAD-SRQ,39,133.95,849,26.32
IAH,ABQ,IAH-ABQ,39,112.45,744,23.68
IAH,CVG,IAH-CVG,39,108.37,871,26.32
IAH,OMA,IAH-OMA,39,106.3,781,32.43
IAH,PBI,IAH-PBI,39,117.87,956,30.77
LAS,MEM,LAS-MEM,39,167.26,1416,2.56
LAX,SUN,LAX-SUN,39,107.26,696,5.13
LAX,TUL,LAX-TUL,39,160.08,1283,7.69
MCI,TPA,MCI-TPA,39,130.11,1048,34.21
MEM,LAS,MEM-LAS,39,201.0,1416,15.38
MSP,SNA,MSP-SNA,39,204.1,1522,20.51
OMA,IAH,OMA-IAH,39,117.41,781,40.54
ORD,ABE,ORD-ABE,39,86.47,655,21.88
ORD,COS,ORD-COS,39,138.39,911,26.32
PBI,IAH,PBI-IAH,39,155.95,956,35.9
PHX,IAD,PHX-IAD,39,221.82,1956,10.71
PIT,IAH,PIT-IAH,39,175.82,1117,21.05
PVU,SNA,PVU-SNA,39,83.18,565,10.26
PWM,EWR,PWM-EWR,39,64.09,284,3.03
RIW,DEN,RIW-DEN,39,47.73,296,13.51
RKS,DEN,RKS-DEN,39,43.5,260,15.79
ROC,EWR,ROC-EWR,39,47.81,246,13.89
SFO,PSC,SFO-PSC,39,96.28,620,12.82
SFO,SUN,SFO-SUN,39,87.97,587,15.79
SNA,MSP,SNA-MSP,39,191.33,1522,7.69
SNA,PVU,SNA-PVU,39,82.41,565,23.08
SRQ,IAD,SRQ-IAD,39,111.63,849,10.53
SUN,LAX,SUN-LAX,39,112.59,696,7.69
SUN,SFO,SUN-SFO,39,103.26,587,30.77
TPA,MCI,TPA-MCI,39,153.05,1048,21.62
TUL,LAX,TUL-LAX,39,188.54,1283,20.51
AVL,DFW,AVL-DFW,38,138.43,848,18.92
COU,ORD,COU-ORD,38,56.61,315,36.36
DAL,MIA,DAL-MIA,38,134.16,1109,27.03
DEN,AMA,DEN-AMA,38,54.27,359,29.73
DFW,AVL,DFW-AVL,38,101.24,848,18.92
DFW,BIL,DFW-BIL,38,153.21,1081,26.32
DFW,GUC,DFW-GUC,38,107.95,678,37.84
EWR,PDX,EWR-PDX,38,328.76,2434,23.53
FLL,SAT,FLL-SAT,38,178.24,1145,48.65
GEG,SMF,GEG-SMF,38,88.47,649,21.05
GUC,DFW,GUC-DFW,38,90.37,678,36.84
HOU,OAK,HOU-OAK,38,231.39,1642,36.84
IAD,RDU,IAD-RDU,38,43.92,224,28.95
IAH,PIT,IAH-PIT,38,130.39,1117,23.68
KOA,PHX,KOA-PHX,38,313.39,2860,10.53
LAS,CLE,LAS-CLE,38,213.16,1824,21.62
LAX,STS,LAX-STS,38,71.29,400,28.95
LIH,PHX,LIH-PHX,38,325.16,2979,23.68
MDW,OAK,MDW-OAK,38,248.34,1844,22.86
MIA,DAL,MIA-DAL,38,167.46,1109,56.76
MIA,SDF,MIA-SDF,38,130.08,910,34.21
ORD,COU,ORD-COU,38,55.63,315,31.25
PDX,EWR,PDX-EWR,38,278.19,2434,16.22
PHL,SAV,PHL-SAV,38,99.92,629,28.95
PHX,KOA,PHX-KOA,38,371.24,2860,28.95
PHX,LIH,PHX-LIH,38,390.89,2979,36.84
PHX,STS,PHX-STS,38,114.38,699,32.43
RDU,SFO,RDU-SFO,38,329.67,2400,16.67
SAN,MCI,SAN-MCI,38,160.92,1334,21.62
SAT,SAN,SAT-SAN,38,163.61,1129,23.68
SAT,SEA,SAT-SEA,38,242.69,1774,28.57
SAV,PHL,SAV-PHL,38,90.0,629,15.79
SDF,MIA,SDF-MIA,38,129.47,910,39.47
SFO,BFL,SFO-BFL,38,40.34,238,7.89
SMF,GEG,SMF-GEG,38,90.39,649,21.05
STL,SEA,STL-SEA,38,235.13,1709,9.38
STS,LAX,STS-LAX,38,62.05,400,23.68
STS,PHX,STS-PHX,38,95.5,699,18.42
TRI,DFW,TRI-DFW,38,143.0,868,21.62
BFL,SFO,BFL-SFO,37,47.97,238,5.41
DFW,TRI,DFW-TRI,37,105.69,868,27.78
EGE,IAH,EGE-IAH,37,126.89,934,25.71
FLL,MCI,FLL-MCI,37,179.03,1242,43.24
FLL,PVD,FLL-PVD,37,144.68,1188,41.18
GSP,PHL,GSP-PHL,37,75.14,515,19.44
IAH,EGE,IAH-EGE,37,147.76,934,48.65
MCI,FLL,MCI-FLL,37,153.83,1242,41.67
MKE,TPA,MKE-TPA,37,143.8,1075,25.71
PHL,GSP,PHL-GSP,37,86.3,515,21.62
PVD,FLL,PVD-FLL,37,175.09,1188,25.71
RDU,IAD,RDU-IAD,37,39.24,224,10.81
SAT,FLL,SAT-FLL,37,134.03,1145,11.43
SDF,LAS,SDF-LAS,37,224.38,1624,18.92
SEA,SAT,SEA-SAT,37,209.15,1774,29.41
SEA,STL,SEA-STL,37,202.19,1709,25.0
SFO,RDU,SFO-RDU,37,271.85,2400,6.06
TPA,MKE,TPA-MKE,37,145.14,1075,25.71
BOI,PDX,BOI-PDX,36,64.76,344,33.33
DAL,OMA,DAL-OMA,36,80.97,586,18.18
DAL,SMF,DAL-SMF,36,203.86,1442,42.86
FLL,SDF,FLL-SDF,36,126.42,895,36.11
ICT,PHX,ICT-PHX,36,128.92,870,33.33
LAS,SDF,LAS-SDF,36,188.61,1624,27.78
LAX,OMA,LAX-OMA,36,172.17,1330,14.29
OMA,DAL,OMA-DAL,36,88.82,586,32.35
OMA,LAX,OMA-LAX,36,187.6,1330,25.71
ORD,AVP,ORD-AVP,36,82.5,632,20.59
ORD,PNS,ORD-PNS,36,112.0,794,25.71
PHX,ICT,PHX-ICT,36,108.86,870,13.89
PNS,ORD,PNS-ORD,36,119.09,794,22.86
SDF,FLL,SDF-FLL,36,129.72,895,38.89
ATL,BZN,ATL-BZN,35,226.69,1640,20.0
AVP,ORD,AVP-ORD,35,107.58,632,21.21
BHM,TPA,BHM-TPA,35,66.37,459,25.71
BUF,EWR,BUF-EWR,35,55.07,282,3.45
BZN,ATL,BZN-ATL,35,194.49,1640,22.86
CHS,MDW,CHS-MDW,35,111.0,745,23.53
DEN,LIH,DEN-LIH,35,450.88,3414,38.24
DEN,ORF,DEN-ORF,35,173.94,1553,34.29
EGE,MIA,EGE-MIA,35,216.12,1810,85.29
EWR,BUF,EWR-BUF,35,53.25,282,10.71
HDN,ORD,HDN-ORD,35,130.89,1009,28.57
IAH,PNS,IAH-PNS,35,63.94,489,34.38
ITO,OGG,ITO-OGG,35,25.23,121,11.43
LIH,DEN,LIH-DEN,35,374.74,3414,11.76
MDW,CHS,MDW-CHS,35,97.37,745,17.14
MIA,EGE,MIA-EGE,35,255.83,1810,40.0
MIA,SAT,MIA-SAT,35,178.03,1143,45.45
OGG,ITO,OGG-ITO,35,25.71,121,51.43
ORD,HDN,ORD-HDN,35,145.31,1009,22.86
ORF,DEN,ORF-DEN,35,224.77,1553,20.0
PNS,IAH,PNS-IAH,35,86.72,489,15.63
SAT,MIA,SAT-MIA,35,131.67,1143,15.15
TPA,BHM,TPA-BHM,35,71.2,459,31.43
ATL,ATW,ATL-ATW,34,106.7,765,18.18
ATL,CID,ATL-CID,34,101.27,694,15.15
ATL,FSD,ATL-FSD,34,134.85,954,11.76
ATW,ATL,ATW-ATL,34,109.61,765,36.36
AVL,DEN,AVL-DEN,34,190.0,1248,14.71
BDL,RSW,BDL-RSW,34,180.39,1180,33.33
BNA,ORF,BNA-ORF,34,78.74,585,26.47
BOS,MKE,BOS-MKE,34,134.23,860,16.13
CID,ATL,CID-ATL,34,95.21,694,33.33
CMH,DAL,CMH-DAL,34,140.97,919,22.58
DAL,CMH,DAL-CMH,34,110.59,919,47.06
DEN,AVL,DEN-AVL,34,148.24,1248,23.53
DFW,MSO,DFW-MSO,34,193.76,1320,21.21
DTW,SJU,DTW-SJU,34,227.41,1930,32.35
FSD,ATL,FSD-ATL,34,120.94,954,50.0
IAD,SAV,IAD-SAV,34,91.68,515,32.35
MDW,RIC,MDW-RIC,34,86.12,629,23.53
MEM,MIA,MEM-MIA,34,115.7,859,21.21
MIA,MEM,MIA-MEM,34,129.82,859,33.33
MKE,BOS,MKE-BOS,34,108.9,860,29.03
MSO,DFW,MSO-DFW,34,167.12,1320,33.33
ORF,BNA,ORF-BNA,34,100.18,585,26.47
PDX,BOI,PDX-BOI,34,50.45,344,36.36
RDU,DAL,RDU-DAL,34,163.03,1052,43.75
RIC,MDW,RIC-MDW,34,99.32,629,23.53
RSW,BDL,RSW-BDL,34,146.15,1180,24.24
SJU,DTW,SJU-DTW,34,258.94,1930,20.59
SRQ,STL,SRQ-STL,34,129.5,903,17.65
STL,SRQ,STL-SRQ,34,118.12,903,30.3
CPR,DEN,CPR-DEN,33,44.42,230,6.06
GRR,RSW,GRR-RSW,33,156.29,1147,25.81
LAX,XNA,LAX-XNA,33,169.39,1371,21.21
MCO,PNS,MCO-PNS,33,71.45,381,27.27
OGG,SMF,OGG-SMF,33,269.58,2404,12.12
ONT,PDX,ONT-PDX,33,124.09,838,22.73
PHX,RDU,PHX-RDU,33,214.21,1891,36.36
PNS,MCO,PNS-MCO,33,65.24,381,21.21
RSW,GRR,RSW-GRR,33,152.03,1147,20.69
SAV,IAD,SAV-IAD,33,71.82,515,6.06
SJC,ORD,SJC-ORD,33,222.94,1829,9.38
SLC,MKE,SLC-MKE,33,152.91,1247,15.63
SMF,DAL,SMF-DAL,33,172.61,1442,6.06
SMF,OGG,SMF-OGG,33,318.66,2404,21.88
TPA,TTN,TPA-TTN,33,122.0,955,3.23
TTN,TPA,TTN-TPA,33,147.86,955,31.03
XNA,LAX,XNA-LAX,33,199.85,1371,36.36
ATW,DEN,ATW-DEN,32,134.77,883,32.26
AVL,DCA,AVL-DCA,32,61.45,384,10.34
BDL,DEN,BDL-DEN,32,236.26,1671,4.35
BOS,EYW,BOS-EYW,32,208.66,1373,31.25
DAL,PNS,DAL-PNS,32,75.44,592,28.13
DCA,SRQ,DCA-SRQ,32,133.1,851,25.81
DEN,ATW,DEN-ATW,32,114.19,883,32.26
DEN,BDL,DEN-BDL,32,190.68,1671,22.73
DEN,CPR,DEN-CPR,32,41.19,230,12.5
DEN,MRY,DEN-MRY,32,140.16,959,25.0
DFW,MDW,DFW-MDW,32,105.65,797,19.35
EYW,BOS,EYW-BOS,32,175.81,1373,29.63
HNL,ONT,HNL-ONT,32,294.52,2603,51.61
HSV,ORD,HSV-ORD,32,98.38,510,31.03
IND,MCI,IND-MCI,32,73.31,451,18.75
JFK,BGR,JFK-BGR,32,59.67,382,30.0
LAX,PSP,LAX-PSP,32,32.59,110,21.88
MCI,IND,MCI-IND,32,62.28,451,25.0
MDW,DFW,MDW-DFW,32,121.29,797,51.61
MDW,PVD,MDW-PVD,32,103.31,842,42.31
MKE,SLC,MKE-SLC,32,176.06,1247,18.75
MRY,DEN,MRY-DEN,32,128.41,959,12.5
MSO,MSP,MSO-MSP,32,128.74,1013,45.16
MSP,FCA,MSP-FCA,32,146.5,1026,9.38
ONT,HNL,ONT-HNL,32,350.87,2603,38.71
PDX,ONT,PDX-ONT,32,109.62,838,23.81
PNS,DAL,PNS-DAL,32,95.28,592,25.0
PSP,LAX,PSP-LAX,32,27.25,110,18.75
PVD,MDW,PVD-MDW,32,129.61,842,14.29
PVD,PHL,PVD-PHL,32,57.27,237,26.67
PVD,TPA,PVD-TPA,32,174.62,1136,20.69
RDU,PHX,RDU-PHX,32,273.53,1891,25.0
RDU,STL,RDU-STL,32,113.31,667,18.75
SAN,STL,SAN-STL,32,182.53,1557,21.88
SAT,STL,SAT-STL,32,100.07,786,3.57
SDF,TPA,SDF-TPA,32,104.97,727,12.5
SLC,MEM,SLC-MEM,32,150.1,1262,19.35
SRQ,DCA,SRQ-DCA,32,112.48,851,32.26
STL,RDU,STL-RDU,32,86.33,667,23.33
STL,SAN,STL-SAN,32,213.44,1557,28.13
STL,SAT,STL-SAT,32,119.35,786,19.35
TPA,PVD,TPA-PVD,32,139.34,1136,25.0
TPA,SDF,TPA-SDF,32,103.25,727,9.38
TUL,IAH,TUL-IAH,32,76.23,429,26.67
ABQ,BWI,ABQ-BWI,31,188.9,1670,36.67
ABQ,MDW,ABQ-MDW,31,138.16,1121,12.9
ACV,LAX,ACV-LAX,31,84.83,577,10.34
ACY,PBI,ACY-PBI,31,142.0,936,19.35
AGS,DFW,AGS-DFW,31,143.97,874,40.0
ALB,DFW,ALB-DFW,31,220.16,1435,32.26
ALB,TPA,ALB-TPA,31,175.03,1130,32.26
AMA,LAS,AMA-LAS,31,110.1,758,29.03
ANC,DEN,ANC-DEN,31,276.03,2405,22.58
ANC,FAI,ANC-FAI,31,42.1,261,30.0
ANC,HNL,ANC-HNL,31,353.12,2777,28.0
ANC,LAX,ANC-LAX,31,283.78,2345,37.04
ANC,PHX,ANC-PHX,31,302.0,2552,36.0
ASE,PHX,ASE-PHX,31,81.78,491,37.04
ATL,BOI,ATL-BOI,31,251.71,1838,25.81
ATL,BTV,ATL-BTV,31,118.97,961,12.9
ATL,COS,ATL-COS,31,169.55,1184,22.58
ATL,GEG,ATL-GEG,31,265.87,1969,29.03
ATL,GRB,ATL-GRB,31,105.94,774,22.58
ATL,HDN,ATL-HDN,31,194.97,1340,3.33
ATL,HNL,ATL-HNL,31,585.39,4502,32.26
ATL,PSP,ATL-PSP,31,253.87,1840,9.68
ATL,PWM,ATL-PWM,31,121.87,1027,9.68
ATW,CLT,ATW-CLT,31,108.27,742,3.33
AUS,DCA,AUS-DCA,31,151.9,1315,10.34
AUS,ONT,AUS-ONT,31,168.3,1196,40.0
AUS,PDX,AUS-PDX,31,238.03,1715,48.28
AUS,PIT,AUS-PIT,31,138.9,1210,43.33
BDL,BNA,BDL-BNA,31,133.27,852,20.0
BDL,DFW,BDL-DFW,31,226.28,1471,31.03
BFL,DEN,BFL-DEN,31,121.1,845,12.9
BFL,DFW,BFL-DFW,31,153.9,1271,16.67
BGR,EWR,BGR-EWR,31,78.41,393,11.11
BGR,JFK,BGR-JFK,31,68.62,382,20.69
BHM,PHL,BHM-PHL,31,100.39,772,25.81
BIH,DEN,BIH-DEN,31,104.41,760,27.59
BIL,MSP,BIL-MSP,31,98.61,748,19.35
BIL,PHX,BIL-PHX,31,126.42,873,35.48
BIS,DFW,BIS-DFW,31,134.2,977,23.33
BNA,BDL,BNA-BDL,31,106.39,852,22.58
BNA,LGB,BNA-LGB,31,249.3,1785,13.33
BNA,SFO,BNA-SFO,31,267.19,1969,12.5
BOI,ATL,BOI-ATL,31,210.45,1838,32.26
BOI,ORD,BOI-ORD,31,182.3,1437,23.33
BOS,MCI,BOS-MCI,31,194.7,1256,23.33
BOS,SAT,BOS-SAT,31,269.19,1764,22.58
BQN,EWR,BQN-EWR,31,215.74,1585,19.35
BQN,FLL,BQN-FLL,31,134.94,982,12.9
BTV,ATL,BTV-ATL,31,147.9,961,26.67
BTV,CLT,BTV-CLT,31,123.54,761,21.43
BUF,DEN,BUF-DEN,31,191.32,1359,20.0
BUF,DFW,BUF-DFW,31,181.11,1212,25.93
BUF,LAX,BUF-LAX,31,293.15,2218,11.11
BUR,DAL,BUR-DAL,31,153.81,1243,6.45
BUR,JFK,BUR-JFK,31,284.0,2465,17.24
BUR,RNO,BUR-RNO,31,60.94,374,12.9
BWI,ABQ,BWI-ABQ,31,242.97,1670,33.33
BWI,GRR,BWI-GRR,31,81.96,528,21.43
BWI,GSP,BWI-GSP,31,73.13,426,40.0
BWI,OAK,BWI-OAK,31,333.62,2447,31.03
BWI,SFO,BWI-SFO,31,328.25,2457,12.5
BZN,EWR,BZN-EWR,31,222.17,1882,10.34
BZN,SFO,BZN-SFO,31,124.14,807,31.03
CAK,DCA,CAK-DCA,31,48.69,274,13.79
CHO,ORD,CHO-ORD,31,94.44,566,24.0
CID,CLT,CID-CLT,31,98.68,742,35.71
CID,PHX,CID-PHX,31,172.97,1252,41.38
CIU,DTW,CIU-DTW,31,49.31,284,37.93
CLE,SFO,CLE-SFO,31,293.0,2161,22.73
CLE,SRQ,CLE-SRQ,31,138.9,967,43.33
CLT,ATW,CLT-ATW,31,113.4,742,43.33
CLT,BTV,CLT-BTV,31,100.89,761,59.26
CLT,CID,CLT-CID,31,108.54,742,32.14
CLT,DAL,CLT-DAL,31,147.68,926,19.35
CLT,LFT,CLT-LFT,31,117.89,729,39.29
CLT,ONT,CLT-ONT,31,286.26,2078,38.71
CLT,PDX,CLT-PDX,31,308.73,2282,40.0
CLT,PWM,CLT-PWM,31,101.68,813,51.61
CLT,SMF,CLT-SMF,31,305.94,2244,45.16
CLT,SNA,CLT-SNA,31,282.9,2099,26.67
CLT,STX,CLT-STX,31,187.97,1562,22.58
CNY,DEN,CNY-DEN,31,48.31,283,10.34
COS,ATL,COS-ATL,31,137.8,1184,20.0
COS,IAH,COS-IAH,31,112.47,809,23.33
COS,MDW,COS-MDW,31,116.9,917,20.0
COS,SLC,COS-SLC,31,81.06,411,9.68
CPR,SLC,CPR-SLC,31,55.9,320,12.9
DAL,BUR,DAL-BUR,31,184.84,1243,38.71
DAL,CLT,DAL-CLT,31,110.58,926,45.16
DAL,ECP,DAL-ECP,31,83.39,674,16.13
DAL,ONT,DAL-ONT,31,170.0,1200,33.33
DAL,RDU,DAL-RDU,31,124.29,1052,16.13
DAL,SNA,DAL-SNA,31,175.35,1216,22.58
DAL,VPS,DAL-VPS,31,80.35,630,12.9
DAY,DEN,DAY-DEN,31,167.74,1085,25.81
DCA,AUS,DCA-AUS,31,200.57,1315,40.0
DCA,AVL,DCA-AVL,31,67.96,384,7.14
DCA,CAK,DCA-CAK,31,51.46,274,35.71
DCA,LAS,DCA-LAS,31,287.7,2089,10.0
DCA,LIT,DCA-LIT,31,141.82,888,25.0
DCA,MYR,DCA-MYR,31,68.19,372,12.9
DCA,PDX,DCA-PDX,31,322.76,2350,27.59
DCA,SJU,DCA-SJU,31,192.77,1554,29.03
DCA,SLC,DCA-SLC,31,258.97,1851,29.03
DCA,TLH,DCA-TLH,31,114.97,716,36.67
DCA,TUL,DCA-TUL,31,162.29,1049,19.35
DCA,VPS,DCA-VPS,31,126.37,789,26.67
DCA,XNA,DCA-XNA,31,152.3,963,16.67
DEC,JLN,DEC-JLN,31,60.44,357,24.0
DEN,ANC,DEN-ANC,31,316.19,2405,19.35
DEN,BFL,DEN-BFL,31,127.94,845,12.9
DEN,BIH,DEN-BIH,31,116.03,760,36.67
DEN,CNY,DEN-CNY,31,51.1,283,20.69
DEN,DAY,DEN-DAY,31,133.52,1085,29.03
DEN,GSO,DEN-GSO,31,162.19,1370,22.58
DEN,GSP,DEN-GSP,31,155.16,1278,19.35
DEN,JMS,DEN-JMS,31,86.18,573,10.71
DEN,KOA,DEN-KOA,31,416.7,3329,30.0
DEN,LEX,DEN-LEX,31,134.27,1086,10.0
DEN,LWS,DEN-LWS,31,119.9,768,40.0
DEN,OGG,DEN-OGG,31,415.84,3302,32.26
DEN,PRC,DEN-PRC,31,83.03,557,16.13
DEN,SJU,DEN-SJU,31,299.7,2733,13.33
DEN,SUX,DEN-SUX,31,69.72,466,0.0
DEN,SYR,DEN-SYR,31,171.13,1492,12.9
DFW,AGS,DFW-AGS,31,102.93,874,31.03
DFW,ALB,DFW-ALB,31,161.03,1435,38.71
DFW,BDL,DFW-BDL,31,168.23,1471,46.67
DFW,BFL,DFW-BFL,31,178.97,1271,22.58
DFW,BIS,DFW-BIS,31,136.43,977,16.67
DFW,BUF,DFW-BUF,31,143.15,1212,44.44
DFW,EUG,DFW-EUG,31,219.89,1606,44.44
DFW,FAY,DFW-FAY,31,119.9,1051,33.33
DFW,FLG,DFW-FLG,31,126.1,853,25.81
DFW,GNV,DFW-GNV,31,111.03,900,23.33
DFW,IDA,DFW-IDA,31,157.28,1095,17.24
DFW,ILM,DFW-ILM,31,129.87,1106,16.13
DFW,MDT,DFW-MDT,31,142.9,1231,48.39
DFW,MRY,DFW-MRY,31,200.84,1430,35.48
DFW,OGG,DFW-OGG,31,463.63,3711,30.0
DFW,SBA,DFW-SBA,31,186.03,1316,48.39
DFW,SBP,DFW-SBP,31,193.74,1360,35.48
DFW,SRQ,DFW-SRQ,31,122.03,945,46.67
DFW,SYR,DFW-SYR,31,152.23,1336,64.52
DFW,YUM,DFW-YUM,31,151.52,1022,35.48
DSM,MIA,DSM-MIA,31,174.0,1327,28.0
DTW,CIU,DTW-CIU,31,50.48,284,28.0
DTW,HNL,DTW-HNL,31,578.1,4475,53.33
DTW,MDT,DTW-MDT,31,56.03,371,27.59
DTW,MQT,DTW-MQT,31,58.96,349,17.86
DTW,PWM,DTW-PWM,31,85.9,668,31.03
DTW,SBN,DTW-SBN,31,31.79,157,34.48
DTW,TYS,DTW-TYS,31,68.63,443,26.67
DVL,DEN,DVL-DEN,31,92.77,638,3.85
ECP,DAL,ECP-DAL,31,107.1,674,22.58
ECP,HOU,ECP-HOU,31,100.03,570,29.03
EGE,EWR,EGE-EWR,31,202.48,1725,34.48
EGE,JFK,EGE-JFK,31,212.17,1746,48.28
EGE,SFO,EGE-SFO,31,134.16,847,16.13
EKO,SLC,EKO-SLC,31,38.23,200,10.0
ELP,ORD,ELP-ORD,31,154.03,1236,20.69
EUG,DFW,EUG-DFW,31,191.23,1606,34.62
EWR,BGR,EWR-BGR,31,58.31,393,13.79
EWR,BQN,EWR-BQN,31,195.97,1585,35.48
EWR,BZN,EWR-BZN,31,258.53,1882,10.0
EWR,EGE,EWR-EGE,31,245.33,1725,20.0
EWR,HNL,EWR-HNL,31,634.48,4962,24.14
EWR,JAC,EWR-JAC,31,262.59,1874,27.59
EWR,STT,EWR-STT,31,205.87,1634,6.45
EYW,IAD,EYW-IAD,31,129.7,1023,20.0
EYW,IAH,EYW-IAH,31,152.67,915,20.0
EYW,PHL,EYW-PHL,31,146.0,1121,33.33
FAI,ANC,FAI-ANC,31,43.61,261,16.13
FAR,PHX,FAR-PHX,31,170.34,1225,6.9
FAY,DFW,FAY-DFW,31,173.53,1051,20.0
FCA,MSP,FCA-MSP,31,130.52,1026,38.71
FLG,DFW,FLG-DFW,31,109.65,853,38.71
FLL,BQN,FLL-BQN,31,115.06,982,16.13
FLL,MYR,FLL-MYR,31,78.65,529,25.81
FLL,PDX,FLL-PDX,31,358.5,2694,14.29
FLL,STT,FLL-STT,31,130.03,1107,22.58
FLL,STX,FLL-STX,31,131.29,1140,29.03
FSD,PHX,FSD-PHX,31,152.68,1081,38.71
FWA,MSP,FWA-MSP,31,76.89,488,14.29
GEG,ATL,GEG-ATL,31,226.32,1969,19.35
GNV,DFW,GNV-DFW,31,147.63,900,20.0
GNV,MIA,GNV-MIA,31,55.13,294,9.68
GRB,ATL,GRB-ATL,31,109.61,774,25.81
GRR,BWI,GRR-BWI,31,74.86,528,34.48
GRR,IAH,GRR-IAH,31,159.16,1042,36.0
GRR,PHX,GRR-PHX,31,221.47,1574,36.67
GSO,DEN,GSO-DEN,31,207.68,1370,6.45
GSO,MIA,GSO-MIA,31,106.87,710,12.9
GSP,BWI,GSP-BWI,31,62.23,426,12.9
GSP,DEN,GSP-DEN,31,197.13,1278,12.9
GSP,IAH,GSP-IAH,31,138.35,837,9.68
GSP,MIA,GSP-MIA,31,94.97,637,20.69
GTF,MSP,GTF-MSP,31,120.65,887,16.13
GUM,HNL,GUM-HNL,31,385.9,3801,3.23
GUM,SPN,GUM-SPN,31,24.45,129,0.0
HDN,ATL,HDN-ATL,31,155.26,1340,29.03
HDN,IAH,HDN-IAH,31,132.68,985,16.13
HLN,SEA,HLN-SEA,31,82.32,491,25.81
HNL,ANC,HNL-ANC,31,322.72,2777,68.0
HNL,ATL,HNL-ATL,31,470.94,4502,9.68
HNL,DTW,HNL-DTW,31,477.61,4475,48.39
HNL,EWR,HNL-EWR,31,525.27,4962,16.67
HNL,GUM,HNL-GUM,31,434.77,3801,16.13
HNL,IAH,HNL-IAH,31,405.74,3904,6.45
HNL,MSP,HNL-MSP,31,430.06,3972,12.9
HNL,ORD,HNL-ORD,31,442.45,4243,16.13
HNL,PAE,HNL-PAE,31,309.09,2694,56.52
HNL,SLC,HNL-SLC,31,325.68,2994,12.9
HOU,ECP,HOU-ECP,31,73.16,570,25.81
HOU,IND,HOU-IND,31,104.9,861,32.26
HOU,JAX,HOU-JAX,31,94.23,816,16.13
HOU,OMA,HOU-OMA,31,106.48,804,10.34
HOU,PNS,HOU-PNS,31,64.27,488,26.67
HOU,SJC,HOU-SJC,31,228.58,1621,22.58
HOU,SLC,HOU-SLC,31,173.16,1214,29.03
HOU,SMF,HOU-SMF,31,229.47,1624,50.0
HOU,TUS,HOU-TUS,31,139.84,945,25.81
HOU,VPS,HOU-VPS,31,68.77,527,29.03
HPN,MIA,HPN-MIA,31,165.23,1118,23.33
HPN,RSW,HPN-RSW,31,169.13,1102,46.67
HPN,TPA,HPN-TPA,31,154.93,1032,20.0
HRL,MSP,HRL-MSP,31,160.35,1310,6.45
HYS,SLN,HYS-SLN,31,23.0,88,40.74
IAD,EYW,IAD-EYW,31,155.5,1023,26.67
IAD,JST,IAD-JST,31,26.65,120,38.46
IAD,SDF,IAD-SDF,31,79.97,451,19.35
IAD,SLC,IAD-SLC,31,255.45,1828,12.9
IAD,STT,IAD-STT,31,204.0,1606,22.58
IAH,COS,IAH-COS,31,121.73,809,26.67
IAH,EYW,IAH-EYW,31,114.9,915,16.67
IAH,GRR,IAH-GRR,31,133.28,1042,36.0
IAH,GSP,IAH-GSP,31,101.55,837,16.13
IAH,HDN,IAH-HDN,31,151.3,985,20.0
IAH,HNL,IAH-HNL,31,496.68,3904,61.29
IAH,JFK,IAH-JFK,31,170.59,1417,33.33
IAH,MEI,IAH-MEI,31,59.25,422,17.86
IAH,MEM,IAH-MEM,31,64.39,468,14.29
IAH,ORF,IAH-ORF,31,135.13,1201,23.33
IAH,PSP,IAH-PSP,31,179.26,1269,22.58
IAH,RIC,IAH-RIC,31,130.6,1157,36.67
IAH,SMF,IAH-SMF,31,225.04,1609,46.15
IDA,DFW,IDA-DFW,31,136.77,1095,26.67
IDA,PHX,IDA-PHX,31,94.84,695,9.68
ILM,DFW,ILM-DFW,31,182.32,1106,35.48
IMT,MSP,IMT-MSP,31,47.97,257,29.03
IND,HOU,IND-HOU,31,136.32,861,12.9
IND,SFO,IND-SFO,31,267.7,1943,20.0
ISP,RSW,ISP-RSW,31,174.97,1101,30.0
JAC,EWR,JAC-EWR,31,220.84,1874,38.71
JAX,HOU,JAX-HOU,31,131.57,816,33.33
JAX,PHX,JAX-PHX,31,265.03,1786,40.0
JAX,SJU,JAX-SJU,31,150.7,1288,20.0
JFK,BUR,JFK-BUR,31,345.42,2465,25.81
JFK,EGE,JFK-EGE,31,250.17,1746,10.0
JFK,IAH,JFK-IAH,31,219.69,1417,44.83
JFK,ONT,JFK-ONT,31,329.48,2429,29.03
JFK,PSE,JFK-PSE,31,200.97,1617,25.81
JFK,SMF,JFK-SMF,31,339.81,2521,32.26
JFK,SNA,JFK-SNA,31,342.52,2454,3.23
JFK,SRQ,JFK-SRQ,31,164.1,1041,16.67
JLN,DEC,JLN-DEC,31,55.27,357,34.62
JMS,DVL,JMS-DVL,31,22.23,83,0.0
JST,IAD,JST-IAD,31,31.0,120,26.92
JST,ORD,JST-ORD,31,83.7,487,33.33
KOA,DEN,KOA-DEN,31,352.74,3329,6.45
KOA,LAS,KOA-LAS,31,301.87,2717,3.23
KOA,LIH,KOA-LIH,31,42.68,263,9.68
KOA,OAK,KOA-OAK,31,269.55,2378,3.23
KTN,SIT,KTN-SIT,31,36.97,183,34.48
LAS,AMA,LAS-AMA,31,93.57,758,13.33
LAS,DCA,LAS-DCA,31,233.77,2089,23.33
LAS,KOA,LAS-KOA,31,356.93,2717,36.67
LAS,LBB,LAS-LBB,31,94.9,775,25.81
LAS,LIH,LAS-LIH,31,379.03,2818,54.84
LAS,LIT,LAS-LIT,31,149.9,1294,16.13
LAS,MAF,LAS-MAF,31,98.5,795,23.33
LAS,SBP,LAS-SBP,31,60.42,314,32.26
LAX,ACV,LAX-ACV,31,98.06,577,12.9
LAX,ANC,LAX-ANC,31,310.46,2345,33.33
LAX,BUF,LAX-BUF,31,256.89,2218,21.43
LAX,PAE,LAX-PAE,31,146.57,984,39.13
LAX,PBI,LAX-PBI,31,261.16,2330,16.13
LAX,PIT,LAX-PIT,31,244.42,2136,19.35
LAX,PRC,LAX-PRC,31,56.16,346,9.68
LAX,RDD,LAX-RDD,31,84.23,501,6.45
LAX,SBP,LAX-SBP,31,34.57,156,10.0
LBB,LAS,LBB-LAS,31,111.84,775,22.58
LBB,PHX,LBB-PHX,31,98.63,588,6.67
LBE,MCO,LBE-MCO,31,120.23,823,23.33
LEX,DEN,LEX-DEN,31,171.23,1086,22.58
LFT,CLT,LFT-CLT,31,93.97,729,13.79
LGA,PNS,LGA-PNS,31,162.5,1030,23.33
LGB,BNA,LGB-BNA,31,205.87,1785,26.67
LGB,STL,LGB-STL,31,185.5,1581,13.33
LIH,KOA,LIH-KOA,31,38.83,263,36.67
LIH,LAS,LIH-LAS,31,311.13,2818,3.23
LIT,DCA,LIT-DCA,31,112.83,888,34.48
LIT,LAS,LIT-LAS,31,183.94,1294,35.48
LWS,DEN,LWS-DEN,31,102.9,768,36.67
LWS,SEA,LWS-SEA,31,54.31,261,31.03
LWS,SLC,LWS-SLC,31,68.74,461,19.35
MAF,LAS,MAF-LAS,31,116.68,795,16.13
MAF,PHX,MAF-PHX,31,92.83,581,10.0
MCI,BOS,MCI-BOS,31,153.52,1256,38.71
MCI,MKE,MCI-MKE,31,66.7,436,20.0
MCI,MSY,MCI-MSY,31,94.97,689,41.94
MCI,PHL,MCI-PHL,31,126.4,1038,33.33
MCO,LBE,MCO-LBE,31,111.7,823,16.67
MCO,MYR,MCO-MYR,31,57.9,388,23.33
MCO,PWM,MCO-PWM,31,149.14,1214,27.59
MDT,DFW,MDT-DFW,31,186.48,1231,38.71
MDT,DTW,MDT-DTW,31,67.24,371,24.14
MDW,ABQ,MDW-ABQ,31,160.24,1121,13.79
MDW,COS,MDW-COS,31,132.07,917,24.14
MDW,ONT,MDW-ONT,31,229.65,1706,15.38
MDW,PDX,MDW-PDX,31,239.83,1751,24.14
MDW,SEA,MDW-SEA,31,239.06,1733,35.48
MDW,SJC,MDW-SJC,31,251.87,1838,30.0
MDW,SRQ,MDW-SRQ,31,140.93,1035,37.93
MDW,TUL,MDW-TUL,31,90.41,583,20.69
MEM,IAH,MEM-IAH,31,84.1,468,34.48
MEM,PHL,MEM-PHL,31,114.4,875,20.0
MEM,PHX,MEM-PHX,31,187.81,1264,19.35
MEM,SLC,MEM-SLC,31,180.0,1262,16.13
MHT,MDW,MHT-MDW,31,130.74,838,32.26
MIA,DSM,MIA-DSM,31,186.08,1327,12.0
MIA,GNV,MIA-GNV,31,51.0,294,0.0
MIA,GSO,MIA-GSO,31,101.35,710,35.48
MIA,GSP,MIA-GSP,31,92.55,637,6.9
MIA,HPN,MIA-HPN,31,152.93,1118,14.81
MIA,MKE,MIA-MKE,31,168.64,1258,53.57
MIA,OKC,MIA-OKC,31,179.3,1222,36.67
MIA,OMA,MIA-OMA,31,192.33,1393,66.67
MIA,SMF,MIA-SMF,31,355.97,2552,51.61
MIA,TYS,MIA-TYS,31,103.72,724,13.79
MKE,MIA,MKE-MIA,31,167.82,1258,46.43
MQT,DTW,MQT-DTW,31,52.81,349,7.41
MRY,DFW,MRY-DFW,31,173.26,1430,25.81
MSN,PHX,MSN-PHX,31,194.68,1396,35.48
MSP,BIL,MSP-BIL,31,106.13,748,19.35
MSP,FWA,MSP-FWA,31,68.61,488,28.57
MSP,GTF,MSP-GTF,31,132.32,887,19.35
MSP,HNL,MSP-HNL,31,514.74,3972,22.58
MSP,HRL,MSP-HRL,31,174.68,1310,9.68
MSP,IMT,MSP-IMT,31,43.07,257,10.71
MSP,MSO,MSP-MSO,31,144.68,1013,32.26
MSP,MSY,MSP-MSY,31,137.26,1039,12.9
MSP,OKC,MSP-OKC,31,103.03,694,33.33
MSP,PSC,MSP-PSC,31,182.14,1254,24.14
MSP,SBN,MSP-SBN,31,61.03,411,26.67
MSP,SMF,MSP-SMF,31,204.52,1517,3.23
MSY,MCI,MSY-MCI,31,97.07,689,20.0
MSY,MSP,MSY-MSP,31,138.65,1039,9.68
MSY,SAN,MSY-SAN,31,227.26,1599,54.84
MSY,SAT,MSY-SAT,31,83.35,494,38.71
MSY,SFO,MSY-SFO,31,265.87,1911,26.67
MTJ,ORD,MTJ-ORD,31,142.03,1081,33.33
MYR,BOS,MYR-BOS,31,99.74,738,16.13
MYR,DCA,MYR-DCA,31,59.03,372,10.0
MYR,FLL,MYR-FLL,31,89.07,529,3.33
MYR,MCO,MYR-MCO,31,66.13,388,20.0
OAK,AUS,OAK-AUS,31,177.4,1497,20.0
OAK,BWI,OAK-BWI,31,279.23,2447,13.33
OAK,KOA,OAK-KOA,31,319.77,2378,54.84
OAK,SBA,OAK-SBA,31,45.32,263,12.9
OGG,DEN,OGG-DEN,31,351.43,3302,16.67
OGG,DFW,OGG-DFW,31,375.77,3711,0.0
OGG,SLC,OGG-SLC,31,320.21,2935,27.59
OKC,IAH,OKC-IAH,31,67.24,395,20.69
OKC,MIA,OKC-MIA,31,150.16,1222,32.26
OKC,MSP,OKC-MSP,31,98.63,694,10.0
OMA,HOU,OMA-HOU,31,120.4,804,23.33
OMA,MIA,OMA-MIA,31,173.47,1393,33.33
ONT,AUS,ONT-AUS,31,140.16,1196,9.68
ONT,CLT,ONT-CLT,31,232.84,2078,12.9
ONT,DAL,ONT-DAL,31,148.1,1200,6.45
ONT,JFK,ONT-JFK,31,277.94,2429,32.26
ONT,MDW,ONT-MDW,31,206.52,1706,13.79
ORD,BOI,ORD-BOI,31,204.86,1437,17.24
ORD,CHO,ORD-CHO,31,83.08,566,46.15
ORD,ELP,ORD-ELP,31,175.31,1236,20.69
ORD,HNL,ORD-HNL,31,524.32,4243,38.71
ORD,HSV,ORD-HSV,31,78.38,510,31.03
ORD,HYS,ORD-HYS,31,101.26,637,51.85
ORD,JST,ORD-JST,31,69.92,487,16.0
ORD,MTJ,ORD-MTJ,31,166.97,1081,40.0
ORD,PWM,ORD-PWM,31,111.22,900,25.93
ORD,SJC,ORD-SJC,31,246.83,1829,30.0
ORD,SUN,ORD-SUN,31,196.93,1341,35.71
ORF,IAH,ORF-IAH,31,188.97,1201,6.67
PAE,HNL,PAE-HNL,31,360.33,2694,46.67
PAE,LAX,PAE-LAX,31,129.64,984,12.0
PBI,ACY,PBI-ACY,31,121.65,936,12.9
PBI,LAX,PBI-LAX,31,323.39,2330,29.03
PDX,CLT,PDX-CLT,31,258.33,2282,20.0
PDX,DCA,PDX-DCA,31,270.69,2350,34.48
PDX,FLL,PDX-FLL,31,318.37,2694,36.84
PDX,KOA,PDX-KOA,31,349.3,2607,50.0
PDX,MDW,PDX-MDW,31,212.93,1751,23.33
PDX,RNO,PDX-RNO,31,63.74,444,32.26
PDX,STS,PDX-STS,31,78.63,489,25.93
PHL,BHM,PHL-BHM,31,124.7,772,20.0
PHL,EYW,PHL-EYW,31,166.79,1121,20.69
PHL,MCI,PHL-MCI,31,154.8,1038,26.67
PHL,MEM,PHL-MEM,31,142.21,875,10.34
PHL,PVD,PHL-PVD,31,45.04,237,17.86
PHL,PWM,PHL-PWM,31,57.9,364,13.33
PHL,STT,PHL-STT,31,202.13,1605,25.81
PHL,TYS,PHL-TYS,31,90.75,554,28.57
PHX,ANC,PHX-ANC,31,332.8,2552,36.0
PHX,ASE,PHX-ASE,31,83.41,491,51.85
PHX,BIL,PHX-BIL,31,124.26,873,9.68
PHX,CID,PHX-CID,31,153.41,1252,31.03
PHX,FAR,PHX-FAR,31,160.24,1225,27.59
PHX,FSD,PHX-FSD,31,141.87,1081,38.71
PHX,GRR,PHX-GRR,31,185.67,1574,20.0
PHX,IDA,PHX-IDA,31,101.32,695,16.13
PHX,JAX,PHX-JAX,31,199.2,1786,40.0
PHX,LBB,PHX-LBB,31,76.57,588,6.67
PHX,MAF,PHX-MAF,31,72.9,581,0.0
PHX,MEM,PHX-MEM,31,151.74,1264,32.26
PHX,MSN,PHX-MSN,31,168.52,1396,29.03
PHX,PAE,PHX-PAE,31,166.88,1133,7.69
PHX,SAF,PHX-SAF,31,55.58,370,12.9
PHX,SDF,PHX-SDF,31,171.55,1506,19.35
PHX,XNA,PHX-XNA,31,125.67,1023,26.67
PIB,IAH,PIB-IAH,31,69.72,372,3.45
PIT,AUS,PIT-AUS,31,185.4,1210,33.33
PIT,SEA,PIT-SEA,31,287.72,2125,16.0
PIT,SFO,PIT-SFO,31,307.48,2254,22.58
PIT,STL,PIT-STL,31,86.8,554,13.33
PNS,HOU,PNS-HOU,31,84.97,488,20.0
PNS,LGA,PNS-LGA,31,124.4,1030,23.33
PRC,DEN,PRC-DEN,31,81.7,557,26.67
PRC,LAX,PRC-LAX,31,59.9,346,12.9
PSC,MSP,PSC-MSP,31,159.03,1254,23.33
PSE,JFK,PSE-JFK,31,223.2,1617,23.33
PSP,ATL,PSP-ATL,31,207.97,1840,0.0
PSP,IAH,PSP-IAH,31,151.55,1269,19.35
PSP,SJC,PSP-SJC,31,65.94,390,12.9
PWM,ATL,PWM-ATL,31,156.43,1027,13.33
PWM,CLT,PWM-CLT,31,126.68,813,25.81
PWM,DTW,PWM-DTW,31,108.25,668,17.86
PWM,MCO,PWM-MCO,31,181.03,1214,24.14
PWM,ORD,PWM-ORD,31,142.45,900,6.9
PWM,PHL,PWM-PHL,31,72.83,364,26.67
RDD,LAX,RDD-LAX,31,73.9,501,3.23
RDU,SLC,RDU-SLC,31,255.87,1823,22.58
RIC,IAH,RIC-IAH,31,178.61,1157,16.13
RNO,BUR,RNO-BUR,31,55.81,374,0.0
RNO,PDX,RNO-PDX,31,77.11,444,28.57
RNO,SJC,RNO-SJC,31,44.23,188,35.48
RSW,HPN,RSW-HPN,31,144.1,1102,23.33
RSW,ISP,RSW-ISP,31,138.9,1101,34.48
RSW,SEA,RSW-SEA,31,356.16,2623,24.0
SAF,PHX,SAF-PHX,31,60.87,370,9.68
SAN,MSY,SAN-MSY,31,179.03,1599,12.9
SAN,TPA,SAN-TPA,31,233.06,2087,5.56
SAT,BOS,SAT-BOS,31,203.1,1764,20.0
SAT,MSY,SAT-MSY,31,63.74,494,25.81
SAT,SFO,SAT-SFO,31,221.47,1482,20.0
SBA,DFW,SBA-DFW,31,156.57,1316,16.67
SBA,OAK,SBA-OAK,31,49.81,263,6.45
SBN,DTW,SBN-DTW,31,32.14,157,31.03
SBN,MSP,SBN-MSP,31,66.13,411,30.0
SBP,DFW,SBP-DFW,31,165.13,1360,32.26
SBP,LAS,SBP-LAS,31,58.26,314,32.26
SBP,LAX,SBP-LAX,31,36.53,156,13.33
SDF,PHX,SDF-PHX,31,215.19,1506,22.58
SEA,CLE,SEA-CLE,31,236.19,2021,7.69
SEA,HLN,SEA-HLN,31,73.74,491,19.35
SEA,LWS,SEA-LWS,31,43.59,261,20.69
SEA,MDW,SEA-MDW,31,213.17,1733,16.67
SEA,RSW,SEA-RSW,31,299.88,2623,44.0
SEA,STS,SEA-STS,31,96.28,618,44.83
SFO,BNA,SFO-BNA,31,225.12,1969,17.65
SFO,BWI,SFO-BWI,31,276.74,2457,3.23
SFO,BZN,SFO-BZN,31,105.28,807,20.69
SFO,CLE,SFO-CLE,31,246.47,2161,36.84
SFO,EGE,SFO-EGE,31,122.68,847,16.13
SFO,MSY,SFO-MSY,31,219.67,1911,23.33
SFO,PIT,SFO-PIT,31,257.71,2254,25.81
SFO,SAT,SFO-SAT,31,181.77,1482,10.0
SIT,KTN,SIT-KTN,31,34.38,183,17.24
SJC,HOU,SJC-HOU,31,191.52,1621,22.58
SJC,MDW,SJC-MDW,31,223.42,1838,16.13
SJC,PSP,SJC-PSP,31,59.52,390,12.9
SJC,RNO,SJC-RNO,31,40.19,188,6.45
SJU,DCA,SJU-DCA,31,216.65,1554,41.94
SJU,DEN,SJU-DEN,31,365.0,2733,24.0
SJU,JAX,SJU-JAX,31,189.13,1288,26.67
SLC,COS,SLC-COS,31,67.03,411,25.81
SLC,CPR,SLC-CPR,31,47.39,320,3.23
SLC,DCA,SLC-DCA,31,215.1,1851,12.9
SLC,EKO,SLC-EKO,31,34.57,200,10.0
SLC,HNL,SLC-HNL,31,399.84,2994,51.61
SLC,HOU,SLC-HOU,31,151.61,1214,29.03
SLC,IAD,SLC-IAD,31,207.1,1828,12.9
SLC,LWS,SLC-LWS,31,76.43,461,16.67
SLC,OGG,SLC-OGG,31,389.77,2935,29.03
SLC,RDU,SLC-RDU,31,208.03,1823,16.67
SLC,TPA,SLC-TPA,31,215.61,1888,12.9
SLN,ORD,SLN-ORD,31,82.7,559,18.52
SMF,CLT,SMF-CLT,31,250.65,2244,3.23
SMF,HOU,SMF-HOU,31,190.23,1624,19.35
SMF,IAH,SMF-IAH,31,191.12,1609,7.69
SMF,JFK,SMF-JFK,31,289.58,2521,29.03
SMF,MDW,SMF-MDW,31,215.93,1790,3.33
SMF,MIA,SMF-MIA,31,282.63,2552,40.0
SMF,MSP,SMF-MSP,31,182.71,1517,6.45
SMF,STL,SMF-STL,31,193.72,1679,0.0
SNA,CLT,SNA-CLT,31,230.73,2099,6.67
SNA,DAL,SNA-DAL,31,149.55,1216,16.13
SNA,JFK,SNA-JFK,31,289.58,2454,22.58
SNA,TUS,SNA-TUS,31,60.19,417,6.45
SPN,GUM,SPN-GUM,31,26.45,129,3.23
SRQ,CLE,SRQ-CLE,31,127.67,967,36.67
SRQ,DFW,SRQ-DFW,31,148.57,945,56.67
SRQ,JFK,SRQ-JFK,31,133.03,1041,17.24
SRQ,MDW,SRQ-MDW,31,142.65,1035,29.03
STL,LGB,STL-LGB,31,218.6,1581,30.0
STL,PIT,STL-PIT,31,71.74,554,25.81
STL,SMF,STL-SMF,31,230.71,1679,41.94
STS,PDX,STS-PDX,31,77.25,489,7.14
STS,SEA,STS-SEA,31,96.77,618,16.67
STT,EWR,STT-EWR,31,238.1,1634,19.35
STT,FLL,STT-FLL,31,156.19,1107,19.35
STT,IAD,STT-IAD,31,232.39,1606,12.9
STT,PHL,STT-PHL,31,229.07,1605,10.0
STX,CLT,STX-CLT,31,221.8,1562,26.67
STX,FLL,STX-FLL,31,158.0,1140,48.39
SUN,ORD,SUN-ORD,31,173.5,1341,46.43
SUX,DEN,SUX-DEN,31,73.04,466,3.7
SYR,DEN,SYR-DEN,31,210.94,1492,6.45
SYR,DFW,SYR-DFW,31,205.74,1336,29.03
TLH,DCA,TLH-DCA,31,105.1,716,20.0
TPA,HPN,TPA-HPN,31,135.43,1032,23.33
TPA,SAN,TPA-SAN,31,298.22,2087,33.33
TPA,SLC,TPA-SLC,31,261.45,1888,9.68
TTN,RSW,TTN-RSW,31,162.03,1028,13.79
TUL,DCA,TUL-DCA,31,131.19,1049,14.81
TUL,MDW,TUL-MDW,31,80.48,583,20.69
TUS,HOU,TUS-HOU,31,112.74,945,3.23
TUS,SNA,TUS-SNA,31,72.9,417,6.45
TYS,DTW,TYS-DTW,31,69.8,443,13.33
TYS,MIA,TYS-MIA,31,106.69,724,24.14
TYS,PHL,TYS-PHL,31,78.5,554,17.86
VPS,DAL,VPS-DAL,31,103.9,630,16.67
VPS,DCA,VPS-DCA,31,103.8,789,23.33
VPS,HOU,VPS-HOU,31,95.06,527,19.35
XNA,DCA,XNA-DCA,31,119.21,963,13.79
XNA,PHX,XNA-PHX,31,159.26,1023,38.71
YUM,DFW,YUM-DFW,31,126.42,1022,12.9
ABQ,OAK,ABQ-OAK,30,132.07,889,10.0
ANC,BRW,ANC-BRW,30,97.95,725,31.82
ANC,CDV,ANC-CDV,30,33.41,160,41.38
ANC,OME,ANC-OME,30,75.89,539,22.22
AZA,FSD,AZA-FSD,30,139.0,1072,10.0
BOS,MYR,BOS-MYR,30,116.63,738,13.33
BRW,ANC,BRW-ANC,30,94.82,725,40.91
CDV,ANC,CDV-ANC,30,35.07,160,27.59
CDV,YAK,CDV-YAK,30,36.93,213,25.93
CHS,IAH,CHS-IAH,30,144.73,925,30.77
CIU,MSP,CIU-MSP,30,69.28,435,20.0
CLE,IAD,CLE-IAD,30,51.1,288,20.69
CLT,FAY,CLT-FAY,30,27.13,118,10.0
CMH,LAX,CMH-LAX,30,276.24,1995,13.79
DAL,SRQ,DAL-SRQ,30,115.87,934,23.33
DEN,MLI,DEN-MLI,30,98.24,752,28.0
DEN,SGF,DEN-SGF,30,84.33,637,14.81
DEN,SLN,DEN-SLN,30,57.81,383,18.52
DTW,IMT,DTW-IMT,30,56.3,344,50.0
DTW,MYR,DTW-MYR,30,90.53,636,23.33
ESC,MSP,ESC-MSP,30,52.9,304,17.24
FAY,CLT,FAY-CLT,30,37.32,118,10.71
FOD,ORD,FOD-ORD,30,55.54,325,23.08
FSD,AZA,FSD-AZA,30,145.23,1072,13.33
GRR,PGD,GRR-PGD,30,150.58,1118,38.46
GRR,PIE,GRR-PIE,30,143.73,1044,40.0
GRR,SFB,GRR-SFB,30,133.53,1001,26.67
HOU,ONT,HOU-ONT,30,190.33,1345,33.33
HYS,DEN,HYS-DEN,30,57.22,298,14.81
IAH,CHS,IAH-CHS,30,108.19,925,34.62
IAH,MTJ,IAH-MTJ,30,145.31,927,34.48
IMT,DTW,IMT-DTW,30,55.86,344,44.83
JNU,KTN,JNU-KTN,30,41.65,234,34.62
JNU,PSG,JNU-PSG,30,28.46,123,14.29
JNU,YAK,JNU-YAK,30,40.63,198,33.33
KOA,PDX,KOA-PDX,30,293.3,2607,45.0
KTN,JNU,KTN-JNU,30,41.79,234,12.5
KTN,WRG,KTN-WRG,30,23.28,82,27.59
LAS,SCK,LAS-SCK,30,60.66,359,24.14
LAX,CMH,LAX-CMH,30,232.97,1995,3.33
LGA,MSN,LGA-MSN,30,126.04,812,18.52
MCI,SFO,MCI-SFO,30,215.97,1499,30.0
MCW,FOD,MCW-FOD,30,20.0,61,37.5
MDW,ROC,MDW-ROC,30,69.93,523,42.86
MDW,SAV,MDW-SAV,30,99.8,758,23.33
MLI,DEN,MLI-DEN,30,115.92,752,16.67
MSN,LGA,MSN-LGA,30,106.75,812,28.57
MSP,CIU,MSP-CIU,30,65.0,435,35.71
MSP,ESC,MSP-ESC,30,50.0,304,17.24
MSP,ICT,MSP-ICT,30,81.59,545,20.69
MSY,SLC,MSY-SLC,30,199.0,1428,20.0
MTJ,IAH,MTJ-IAH,30,125.24,927,24.14
MYR,DTW,MYR-DTW,30,94.47,636,6.67
OAK,ABQ,OAK-ABQ,30,109.77,889,13.33
OAK,HOU,OAK-HOU,30,192.2,1642,10.0
OME,OTZ,OME-OTZ,30,33.5,183,15.38
ONT,HOU,ONT-HOU,30,156.9,1345,6.9
ORD,MCW,ORD-MCW,30,54.12,288,20.0
ORD,SUX,ORD-SUX,30,73.35,436,30.77
OTZ,ANC,OTZ-ANC,30,74.04,548,15.38
PAE,PHX,PAE-PHX,30,143.28,1133,16.67
PDX,AUS,PDX-AUS,30,202.0,1715,37.5
PGD,GRR,PGD-GRR,30,147.32,1118,42.86
PIE,GRR,PIE-GRR,30,137.9,1044,40.0
PIT,LAX,PIT-LAX,30,295.23,2136,26.67
PSG,JNU,PSG-JNU,30,29.43,123,28.57
PSG,WRG,PSG-WRG,30,11.11,31,17.86
ROC,MDW,ROC-MDW,30,88.7,523,11.11
RSW,TTN,RSW-TTN,30,132.07,1028,28.57
SAV,MDW,SAV-MDW,30,110.43,758,23.33
SCK,LAS,SCK-LAS,30,59.9,359,33.33
SDF,IAD,SDF-IAD,30,64.67,451,10.0
SFB,GRR,SFB-GRR,30,135.0,1001,26.67
SFO,IND,SFO-IND,30,223.38,1943,34.48
SFO,MCI,SFO-MCI,30,183.9,1499,26.67
SGF,DEN,SGF-DEN,30,102.93,637,10.71
SLC,MSY,SLC-MSY,30,167.9,1428,24.14
SLN,HYS,SLN-HYS,30,24.93,88,18.52
SRQ,DAL,SRQ-DAL,30,144.69,934,41.38
SUX,ORD,SUX-ORD,30,68.04,436,33.33
WRG,KTN,WRG-KTN,30,22.32,82,14.29
WRG,PSG,WRG-PSG,30,12.45,31,37.93
YAK,CDV,YAK-CDV,30,39.52,213,29.63
YAK,JNU,YAK-JNU,30,34.85,198,22.22
ALB,FLL,ALB-FLL,29,181.79,1204,50.0
AUS,CVG,AUS-CVG,29,117.14,958,34.48
BDL,IAD,BDL-IAD,29,60.5,325,17.86
BOI,SJC,BOI-SJC,29,84.62,523,20.69
CLT,TRI,CLT-TRI,29,29.24,119,13.79
CVG,AUS,CVG-AUS,29,151.28,958,31.03
FLL,ALB,FLL-ALB,29,149.82,1204,39.29
FLL,TYS,FLL-TYS,29,100.04,709,40.74
IAD,BDL,IAD-BDL,29,52.96,325,35.71
IAD,CLE,IAD-CLE,29,52.39,288,17.86
IAD,ORF,IAD-ORF,29,35.62,157,20.69
ICT,MSP,ICT-MSP,29,80.86,545,17.86
MDW,OKC,MDW-OKC,29,106.27,691,19.23
OKC,MDW,OKC-MDW,29,90.74,691,25.93
ORF,IAD,ORF-IAD,29,35.97,157,3.45
SJC,BOI,SJC-BOI,29,76.62,523,17.24
TRI,CLT,TRI-CLT,29,30.14,119,14.29
TYS,FLL,TYS-FLL,29,102.36,709,32.14
ABQ,MCI,ABQ-MCI,28,90.71,718,25.0
ANC,PDX,ANC-PDX,28,187.52,1542,39.13
AUS,BUR,AUS-BUR,28,182.79,1241,25.0
AUS,CMH,AUS-CMH,28,126.11,1073,11.11
AUS,PSP,AUS-PSP,28,167.64,1132,46.43
AUS,TUL,AUS-TUL,28,59.96,426,14.29
AZA,FAR,AZA-FAR,28,155.57,1220,7.14
BHM,BWI,BHM-BWI,28,88.93,682,33.33
BHM,LAS,BHM-LAS,28,228.82,1618,28.57
BHM,ORD,BHM-ORD,28,103.92,584,34.62
BNA,BUR,BNA-BUR,28,255.85,1791,33.33
BOI,GEG,BOI-GEG,28,53.08,287,12.5
BOS,SYR,BOS-SYR,28,52.11,265,44.44
BUF,LAS,BUF-LAS,28,267.88,1986,23.08
BUR,ABQ,BUR-ABQ,28,86.74,672,7.41
BUR,AUS,BUR-AUS,28,147.18,1241,3.57
BUR,BNA,BUR-BNA,28,204.93,1791,25.93
BWI,BHM,BWI-BHM,28,107.85,682,18.52
CMH,AUS,CMH-AUS,28,163.96,1073,7.41
CMH,HOU,CMH-HOU,28,157.56,1000,29.63
DAL,MKE,DAL-MKE,28,108.5,850,26.92
DAL,PIT,DAL-PIT,28,124.54,1060,17.86
DAL,SAV,DAL-SAV,28,106.0,914,17.86
EUG,SJC,EUG-SJC,28,69.08,471,8.33
FAR,AZA,FAR-AZA,28,162.79,1220,3.57
FLL,TLH,FLL-TLH,28,62.78,393,3.7
FLL,TTN,FLL-TTN,28,133.75,1026,3.57
GEG,BOI,GEG-BOI,28,47.21,287,16.67
GEG,SJC,GEG-SJC,28,106.75,742,17.86
HOU,CMH,HOU-CMH,28,119.85,1000,40.74
HOU,PIT,HOU-PIT,28,129.5,1131,25.0
HOU,SDF,HOU-SDF,28,99.96,803,25.0
LAS,BHM,LAS-BHM,28,181.57,1618,42.86
LAX,CVG,LAX-CVG,28,217.61,1900,10.71
MCI,ABQ,MCI-ABQ,28,106.07,718,25.93
MCI,SAT,MCI-SAT,28,105.86,706,21.43
MDW,MHT,MDW-MHT,28,100.0,838,25.0
MDW,MYR,MDW-MYR,28,95.0,738,17.86
MDW,SMF,MDW-SMF,28,244.07,1790,33.33
MKE,DAL,MKE-DAL,28,129.74,850,22.22
MYR,MDW,MYR-MDW,28,109.93,738,14.81
OAK,MCI,OAK-MCI,28,178.21,1489,17.86
ORD,BHM,ORD-BHM,28,84.73,584,26.92
PDX,ANC,PDX-ANC,28,203.52,1542,47.62
PIT,DAL,PIT-DAL,28,161.86,1060,14.29
PIT,HOU,PIT-HOU,28,177.59,1131,37.04
PSP,AUS,PSP-AUS,28,135.86,1132,32.14
SAT,MCI,SAT-MCI,28,91.67,706,25.93
SAV,DAL,SAV-DAL,28,145.89,914,28.57
SBA,SEA,SBA-SEA,28,135.71,908,21.43
SBA,SMF,SBA-SMF,28,57.79,310,7.14
SDF,HOU,SDF-HOU,28,130.38,803,7.69
SEA,SBA,SEA-SBA,28,117.36,908,25.0
SJC,EUG,SJC-EUG,28,76.67,471,33.33
SJC,GEG,SJC-GEG,28,107.71,742,10.71
SMF,SBA,SMF-SBA,28,50.64,310,7.14
TLH,FLL,TLH-FLL,28,61.44,393,7.41
TTN,FLL,TTN-FLL,28,153.7,1026,14.81
TUL,AUS,TUL-AUS,28,68.61,426,17.86
ABQ,LGB,ABQ-LGB,27,98.56,664,22.22
ANC,KOA,ANC-KOA,27,357.19,2874,47.62
ATL,MTJ,ATL-MTJ,27,197.52,1352,11.11
AUS,LBB,AUS-LBB,27,53.73,341,19.23
AUS,RSW,AUS-RSW,27,124.26,1001,25.93
BHM,DTW,BHM-DTW,27,90.08,625,15.38
BUF,RSW,BUF-RSW,27,158.81,1144,33.33
BWI,JAN,BWI-JAN,27,138.38,888,23.08
COS,LGB,COS-LGB,27,123.93,825,14.81
CVG,LAX,CVG-LAX,27,257.93,1900,18.52
DAL,RSW,DAL-RSW,27,122.92,1005,23.08
DTW,BHM,DTW-BHM,27,95.38,625,30.77
ELP,LGB,ELP-LGB,27,105.85,699,11.54
FLL,PHX,FLL-PHX,27,283.12,1972,65.38
JAN,BWI,JAN-BWI,27,108.74,888,11.11
JAX,STL,JAX-STL,27,112.15,753,22.22
KOA,ANC,KOA-ANC,27,332.09,2874,40.91
LAS,MFE,LAS-MFE,27,146.85,1210,11.54
LBB,AUS,LBB-AUS,27,50.27,341,7.69
LGA,TUL,LGA-TUL,27,194.54,1231,23.08
LGB,ABQ,LGB-ABQ,27,83.96,664,15.38
LGB,COS,LGB-COS,27,111.04,825,19.23
LGB,ELP,LGB-ELP,27,87.96,699,22.22
LGB,MCI,LGB-MCI,27,164.04,1353,33.33
MCI,LGB,MCI-LGB,27,187.46,1353,30.77
MFE,LAS,MFE-LAS,27,173.7,1210,14.81
MSP,SJC,MSP-SJC,27,217.26,1575,14.81
MSP,TUS,MSP-TUS,27,176.07,1298,11.11
MTJ,ATL,MTJ-ATL,27,156.93,1352,7.41
OAK,STL,OAK-STL,27,201.96,1725,11.11
OKC,SAT,OKC-SAT,27,67.26,407,22.22
PHX,FLL,PHX-FLL,27,219.93,1972,59.26
RSW,AUS,RSW-AUS,27,159.78,1001,22.22
RSW,BUF,RSW-BUF,27,145.52,1144,23.81
SAT,OKC,SAT-OKC,27,57.38,407,11.54
SJC,MSP,SJC-MSP,27,197.0,1575,3.7
STL,JAX,STL-JAX,27,96.96,753,18.52
STL,OAK,STL-OAK,27,236.41,1725,37.04
SYR,BOS,SYR-BOS,27,43.08,265,19.23
TUL,LGA,TUL-LGA,27,155.0,1231,23.08
TUS,MSP,TUS-MSP,27,162.37,1298,11.11
FLL,ORF,FLL-ORF,26,103.08,781,34.62
IND,SRQ,IND-SRQ,26,119.52,876,24.0
JFK,PSP,JFK-PSP,26,319.54,2378,7.69
MCI,RSW,MCI-RSW,26,144.85,1155,46.15
ORF,FLL,ORF-FLL,26,117.96,781,26.92
PSP,JFK,PSP-JFK,26,280.4,2378,45.0
RNO,SEA,RNO-SEA,26,91.67,564,25.0
RSW,MCI,RSW-MCI,26,167.23,1155,30.77
SEA,RNO,SEA-RNO,26,75.91,564,34.78
DAL,HDN,DAL-HDN,25,117.96,779,16.67
DAL,MTJ,DAL-MTJ,25,112.4,733,24.0
DCA,BTR,DCA-BTR,25,151.25,985,58.33
DEN,DVL,DEN-DVL,25,93.0,638,5.0
DTW,SRQ,DTW-SRQ,25,141.4,1022,36.0
DVL,JMS,DVL-JMS,25,25.65,83,10.0
HDN,DAL,HDN-DAL,25,103.8,779,36.0
JFK,ORH,JFK-ORH,25,32.48,150,4.35
JMS,DEN,JMS-DEN,25,90.81,573,19.05
MCI,OAK,MCI-OAK,25,205.12,1489,24.0
MTJ,DAL,MTJ-DAL,25,95.8,733,24.0
ORH,JFK,ORH-JFK,25,39.87,150,13.04
PIE,TYS,PIE-TYS,25,75.56,550,44.0
SRQ,DTW,SRQ-DTW,25,137.24,1022,28.0
TYS,PIE,TYS-PIE,25,85.48,550,40.0
ABQ,SEA,ABQ-SEA,24,171.82,1180,50.0
BGM,DTW,BGM-DTW,24,64.2,378,15.0
BHM,IAH,BHM-IAH,24,98.38,562,23.81
BTR,DCA,BTR-DCA,24,118.39,985,13.04
BWI,SEA,BWI-SEA,24,316.4,2335,40.0
CHS,SEA,CHS-SEA,24,326.17,2415,0.0
CLE,PIT,CLE-PIT,24,24.85,106,25.0
CMH,SEA,CMH-SEA,24,274.44,2016,22.22
DAL,PSP,DAL-PSP,24,162.78,1137,17.39
DAL,SEA,DAL-SEA,24,235.5,1670,22.22
DCA,AGS,DCA-AGS,24,77.1,468,38.1
DCA,CRW,DCA-CRW,24,46.63,249,15.79
DCA,ICT,DCA-ICT,24,172.22,1110,21.74
DEN,ACV,DEN-ACV,24,155.71,1026,29.17
DTW,BGM,DTW-BGM,24,54.5,378,40.0
FLL,ISP,FLL-ISP,24,140.22,1092,26.09
GEG,SAN,GEG-SAN,24,138.52,1027,8.7
GTF,SEA,GTF-SEA,24,83.92,512,33.33
HNL,IAD,HNL-IAD,24,513.22,4817,8.7
IAD,HNL,IAD-HNL,24,617.3,4817,26.09
IAH,DSM,IAH-DSM,24,111.09,802,36.36
ICT,DCA,ICT-DCA,24,135.58,1110,16.67
IND,SEA,IND-SEA,24,253.88,1866,37.5
ISP,FLL,ISP-FLL,24,166.74,1092,39.13
MDT,EWR,MDT-EWR,24,40.63,141,20.83
MDW,ORF,MDW-ORF,24,94.04,704,25.0
MIA,SNA,MIA-SNA,24,327.63,2310,37.5
MKE,MCI,MKE-MCI,24,72.17,436,4.35
MKE,SEA,MKE-SEA,24,230.75,1694,15.0
MYR,PHL,MYR-PHL,24,70.92,473,37.5
OKC,SEA,OKC-SEA,24,212.84,1519,10.53
OMA,SEA,OMA-SEA,24,191.55,1368,30.0
ORF,MDW,ORF-MDW,24,110.57,704,17.39
PHL,MYR,PHL-MYR,24,78.5,473,25.0
PSP,DAL,PSP-DAL,24,140.67,1137,20.83
RSW,DAL,RSW-DAL,24,154.65,1005,34.78
SAN,GEG,SAN-GEG,24,148.42,1027,16.67
SEA,ABQ,SEA-ABQ,24,140.68,1180,45.45
SEA,BWI,SEA-BWI,24,269.87,2335,40.0
SEA,CHS,SEA-CHS,24,274.0,2415,16.67
SEA,CMH,SEA-CMH,24,233.11,2016,27.78
SEA,DAL,SEA-DAL,24,202.22,1670,22.22
SEA,GTF,SEA-GTF,24,71.58,512,16.67
SEA,IND,SEA-IND,24,218.19,1866,37.5
SEA,MKE,SEA-MKE,24,202.3,1694,30.0
SEA,OKC,SEA-OKC,24,184.47,1519,21.05
SEA,OMA,SEA-OMA,24,164.6,1368,35.0
SNA,MIA,SNA-MIA,24,261.17,2310,54.17
ACV,DEN,ACV-DEN,23,131.96,1026,17.39
AGS,DCA,AGS-DCA,23,68.5,468,25.0
ASE,AUS,ASE-AUS,23,110.58,812,42.11
ATL,JAC,ATL-JAC,23,218.09,1572,0.0
AUS,ASE,AUS-ASE,23,140.3,812,60.0
BIH,SFO,BIH-SFO,23,45.82,221,13.64
BNA,OAK,BNA-OAK,23,269.48,1959,47.83
CLT,JAN,CLT-JAN,23,92.57,562,43.48
CMH,SFO,CMH-SFO,23,291.83,2120,43.48
CRW,DCA,CRW-DCA,23,43.64,249,36.36
CVG,PGD,CVG-PGD,23,121.74,850,17.39
DCA,LEX,DCA-LEX,23,70.73,414,13.64
DEN,BUF,DEN-BUF,23,160.05,1359,60.0
DEN,SAV,DEN-SAV,23,162.3,1414,13.04
DSM,IAH,DSM-IAH,23,124.21,802,31.58
ELP,IAH,ELP-IAH,23,86.82,667,4.55
EWR,MDT,EWR-MDT,23,34.65,141,17.39
EWR,MSN,EWR-MSN,23,121.05,799,14.29
EWR,MTJ,EWR-MTJ,23,263.0,1795,13.64
FLL,ORH,FLL-ORH,23,149.64,1211,13.64
FLL,PNS,FLL-PNS,23,86.35,525,4.35
FNT,PGD,FNT-PGD,23,157.65,1111,39.13
FNT,SFB,FNT-SFB,23,135.65,988,21.74
HDN,LAX,HDN-LAX,23,112.09,763,8.7
IAH,BHM,IAH-BHM,23,77.2,562,15.0
IAH,ELP,IAH-ELP,23,102.24,667,9.52
IAH,MKE,IAH-MKE,23,129.5,984,50.0
IAH,SJC,IAH-SJC,23,225.78,1608,21.74
JAC,ATL,JAC-ATL,23,181.3,1572,26.09
JAN,CLT,JAN-CLT,23,76.22,562,34.78
JAX,MDW,JAX-MDW,23,122.3,849,13.04
LAX,HDN,LAX-HDN,23,108.57,763,26.09
MCO,OKC,MCO-OKC,23,162.83,1069,30.43
MCO,ORH,MCO-ORH,23,133.14,1091,23.81
MDT,SFB,MDT-SFB,23,124.57,827,21.74
MDW,JAX,MDW-JAX,23,110.25,849,15.0
MKE,IAH,MKE-IAH,23,150.4,984,50.0
MRY,SAN,MRY-SAN,23,58.7,375,21.74
MSN,EWR,MSN-EWR,23,99.24,799,47.62
MSP,PBI,MSP-PBI,23,187.82,1451,9.09
MTJ,EWR,MTJ-EWR,23,206.59,1795,22.73
OAK,BNA,OAK-BNA,23,228.04,1959,0.0
OGG,ORD,OGG-ORD,23,438.09,4184,0.0
OKC,MCO,OKC-MCO,23,131.17,1069,30.43
ORD,OGG,ORD-OGG,23,516.26,4184,21.74
ORH,FLL,ORH-FLL,23,175.77,1211,31.82
ORH,MCO,ORH-MCO,23,159.27,1091,40.91
PBI,MSP,PBI-MSP,23,199.17,1451,13.04
PBI,PVD,PBI-PVD,23,141.05,1148,27.27
PGD,CVG,PGD-CVG,23,114.65,850,21.74
PGD,FNT,PGD-FNT,23,152.35,1111,26.09
PNS,FLL,PNS-FLL,23,82.3,525,13.04
PVD,PBI,PVD-PBI,23,170.77,1148,36.36
SAN,MRY,SAN-MRY,23,62.05,375,4.55
SAV,DEN,SAV-DEN,23,208.26,1414,8.7
SFB,FNT,SFB-FNT,23,134.57,988,13.04
SFB,MDT,SFB-MDT,23,108.52,827,13.04
SFO,BIH,SFO-BIH,23,41.27,221,13.64
SFO,CMH,SFO-CMH,23,244.67,2120,4.76
SJC,IAH,SJC-IAH,23,197.78,1608,13.04
SJC,KOA,SJC-KOA,23,314.74,2384,31.58
SRQ,IND,SRQ-IND,23,120.43,876,26.09
TPA,ALB,TPA-ALB,23,139.17,1130,13.04
ATL,STX,ATL-STX,22,187.95,1638,13.64
BDL,LGA,BDL-LGA,22,28.95,101,25.0
BUF,IAD,BUF-IAD,22,50.89,283,22.22
CLE,PHL,CLE-PHL,22,57.55,363,50.0
DTW,ESC,DTW-ESC,22,53.9,306,20.0
ESC,DTW,ESC-DTW,22,50.2,306,20.0
FOD,MCW,FOD-MCW,22,19.61,61,38.89
IAD,BUF,IAD-BUF,22,51.28,283,22.22
KOA,SJC,KOA-SJC,22,278.08,2384,8.33
LAS,RDU,LAS-RDU,22,223.73,2026,9.09
LEX,DCA,LEX-DCA,22,60.0,414,22.73
LGA,BDL,LGA-BDL,22,25.05,101,20.0
LGA,ORH,LGA-ORH,22,33.78,146,22.22
MCW,ORD,MCW-ORD,22,51.22,288,33.33
MSP,VPS,MSP-VPS,22,133.55,1058,4.55
ORD,FOD,ORD-FOD,22,59.0,325,31.58
ORH,LGA,ORH-LGA,22,37.56,146,11.11
STX,ATL,STX-ATL,22,228.27,1638,18.18
VPS,MSP,VPS-MSP,22,144.91,1058,9.09
XNA,IAH,XNA-IAH,22,86.36,438,22.73
CHA,DCA,CHA-DCA,21,76.5,523,18.75
DCA,CHA,DCA-CHA,21,85.39,523,22.22
DCA,JAN,DCA-JAN,21,136.78,860,22.22
DCA,LAN,DCA-LAN,21,80.83,479,33.33
DCA,MGM,DCA-MGM,21,109.06,693,27.78
DTW,SNA,DTW-SNA,21,262.1,1960,33.33
EWR,HDN,EWR-HDN,21,245.1,1728,14.29
FAT,PDX,FAT-PDX,21,97.75,626,35.0
HDN,EWR,HDN-EWR,21,199.9,1728,23.81
IAH,XNA,IAH-XNA,21,66.38,438,14.29
JAC,SEA,JAC-SEA,21,107.05,621,33.33
KOA,SAN,KOA-SAN,21,290.25,2556,25.0
LAN,DCA,LAN-DCA,21,76.42,479,36.84
MGM,DCA,MGM-DCA,21,93.41,693,41.18
PIB,MEI,PIB-MEI,21,19.0,69,21.05
RDU,LAS,RDU-LAS,21,286.57,2026,28.57
SCE,ORD,SCE-ORD,21,90.26,528,10.53
SEA,JAC,SEA-JAC,21,89.9,621,23.81
SNA,DTW,SNA-DTW,21,223.4,1960,5.0
ABQ,BUR,ABQ-BUR,20,104.7,672,25.0
AGS,CLT,AGS-CLT,20,33.15,140,25.0
AUS,OAK,AUS-OAK,20,210.1,1497,50.0
AZA,BIS,AZA-BIS,20,144.47,1092,15.79
BIS,AZA,BIS-AZA,20,144.11,1092,36.84
BOS,PDX,BOS-PDX,20,347.6,2537,20.0
BWI,MEM,BWI-MEM,20,123.8,787,30.0
CHA,DTW,CHA-DTW,20,78.84,505,36.84
CLT,AGS,CLT-AGS,20,33.35,140,25.0
CVG,PIE,CVG-PIE,20,110.35,776,15.0
CVG,SFB,CVG-SFB,20,103.5,735,15.0
CVG,SRQ,CVG-SRQ,20,117.55,812,20.0
DEN,JLN,DEN-JLN,20,81.11,582,5.26
DTW,CHA,DTW-CHA,20,77.0,505,21.05
DTW,GSO,DTW-GSO,20,71.21,460,15.79
DTW,GSP,DTW-GSP,20,76.67,508,38.89
DTW,HSV,DTW-HSV,20,86.05,554,36.84
ELP,SAN,ELP-SAN,20,95.84,636,21.05
FLL,USA,FLL-USA,20,94.75,643,20.0
GSP,DTW,GSP-DTW,20,78.11,508,44.44
HSV,DTW,HSV-DTW,20,81.74,554,26.32
JAN,DCA,JAN-DCA,20,111.44,860,12.5
JLN,DEN,JLN-DEN,20,94.84,582,10.53
LAS,BUF,LAS-BUF,20,227.42,1986,21.05
LAS,PAE,LAS-PAE,20,140.54,894,38.46
MCO,MSN,MCO-MSN,20,158.74,1109,31.58
MEM,BWI,MEM-BWI,20,95.8,787,25.0
MSN,MCO,MSN-MCO,20,148.95,1109,31.58
MSP,XNA,MSP-XNA,20,86.95,596,10.0
ORD,SCE,ORD-SCE,20,74.72,528,16.67
PAE,LAS,PAE-LAS,20,118.89,894,22.22
PDX,BOS,PDX-BOS,20,290.56,2537,31.25
PDX,FAT,PDX-FAT,20,87.0,626,26.32
PGD,PIA,PGD-PIA,20,144.06,1045,0.0
PHL,CLE,PHL-CLE,20,64.6,363,40.0
PIA,PGD,PIA-PGD,20,140.58,1045,10.53
PIE,CVG,PIE-CVG,20,105.9,776,15.0
PIE,USA,PIE-USA,20,76.95,528,10.0
SAN,ELP,SAN-ELP,20,79.79,636,5.26
SAN,KOA,SAN-KOA,20,337.75,2556,25.0
SFB,CVG,SFB-CVG,20,106.55,735,15.0
SRQ,CVG,SRQ-CVG,20,111.55,812,15.0
USA,FLL,USA-FLL,20,97.2,643,25.0
USA,PIE,USA-PIE,20,82.6,528,15.0
XNA,MSP,XNA-MSP,20,86.05,596,10.0
AMA,AUS,AMA-AUS,19,60.83,418,22.22
AUS,AMA,AUS-AMA,19,62.53,418,21.05
AUS,MAF,AUS-MAF,19,48.68,294,36.84
AZA,BIL,AZA-BIL,19,123.56,878,22.22
BIL,AZA,BIL-AZA,19,115.83,878,27.78
DSM,MCO,DSM-MCO,19,143.47,1141,26.32
DTW,JAX,DTW-JAX,19,113.89,813,42.11
GSO,DTW,GSO-DTW,19,71.94,460,5.56
IAG,PGD,IAG-PGD,19,159.67,1129,44.44
JAX,DTW,JAX-DTW,19,111.21,813,21.05
MAF,AUS,MAF-AUS,19,44.79,294,10.53
MCO,DSM,MCO-DSM,19,163.79,1141,15.79
PGD,IAG,PGD-IAG,19,146.42,1129,10.53
ATW,AZA,ATW-AZA,18,201.0,1452,11.11
AZA,ATW,AZA-ATW,18,172.39,1452,16.67
AZA,CID,AZA-CID,18,150.44,1240,22.22
AZA,GRR,AZA-GRR,18,183.78,1561,11.11
AZA,RAP,AZA-RAP,18,114.5,873,11.11
BNA,DSM,BNA-DSM,18,79.57,530,35.71
BOS,HNL,BOS-HNL,18,653.65,5095,64.71
CID,AZA,CID-AZA,18,169.5,1240,27.78
CID,PGD,CID-PGD,18,150.18,1170,47.06
EWR,OAK,EWR-OAK,18,347.94,2555,29.41
FNT,PIE,FNT-PIE,18,151.11,1040,38.89
FWA,PGD,FWA-PGD,18,135.67,986,33.33
GRR,AZA,GRR-AZA,18,212.67,1561,22.22
HNL,BOS,HNL-BOS,18,542.0,5095,22.22
OAK,EWR,OAK-EWR,18,291.65,2555,17.65
ORD,STT,ORD-STT,18,246.61,2116,11.11
PGD,CID,PGD-CID,18,164.24,1170,23.53
PGD,FWA,PGD-FWA,18,133.44,986,11.11
PIE,FNT,PIE-FNT,18,141.28,1040,38.89
RAP,AZA,RAP-AZA,18,119.76,873,17.65
RSW,SJU,RSW-SJU,18,133.33,1150,27.78
SAN,SBP,SAN-SBP,18,49.11,263,16.67
SBP,SAN,SBP-SAN,18,50.89,263,16.67
SJU,RSW,SJU-RSW,18,163.28,1150,38.89
STT,ORD,STT-ORD,18,298.59,2116,17.65
ABE,PIE,ABE-PIE,17,149.82,970,23.53
ANC,MSP,ANC-MSP,17,287.76,2519,23.53
ATW,SFB,ATW-SFB,17,154.35,1141,29.41
BNA,SJC,BNA-SJC,17,266.81,1947,43.75
BOI,SNA,BOI-SNA,17,106.12,688,41.18
BUR,STS,BUR-STS,17,67.0,387,35.29
CHS,LAS,CHS-LAS,17,284.12,2005,41.18
DCA,EWR,DCA-EWR,17,42.75,199,25.0
DSM,BNA,DSM-BNA,17,74.93,530,42.86
DSM,PGD,DSM-PGD,17,154.44,1206,31.25
EWR,DCA,EWR-DCA,17,47.56,199,31.25
FSD,LAS,FSD-LAS,17,149.71,1104,23.53
GRR,LAS,GRR-LAS,17,223.0,1642,43.75
IND,PGD,IND-PGD,17,130.35,916,35.29
LAS,CHS,LAS-CHS,17,224.82,2005,11.76
LAS,FSD,LAS-FSD,17,138.41,1104,5.88
LAS,GRR,LAS-GRR,17,190.44,1642,31.25
LAS,RIC,LAS-RIC,17,233.82,2086,11.76
LAX,RSW,LAX-RSW,17,247.88,2238,0.0
LIH,PDX,LIH-PDX,17,284.59,2631,70.59
MSP,ANC,MSP-ANC,17,330.53,2519,0.0
OTH,SFO,OTH-SFO,17,73.31,412,18.75
PDX,LIH,PDX-LIH,17,365.5,2631,68.75
PDX,SBA,PDX-SBA,17,106.53,784,29.41
PGD,DSM,PGD-DSM,17,165.94,1206,31.25
PGD,IND,PGD-IND,17,125.76,916,41.18
PIE,ABE,PIE-ABE,17,128.18,970,17.65
RIC,LAS,RIC-LAS,17,292.94,2086,11.76
RSW,SFO,RSW-SFO,17,346.13,2481,0.0
SBA,PDX,SBA-PDX,17,121.71,784,52.94
SFB,ATW,SFB-ATW,17,155.24,1141,17.65
SFB,USA,SFB-USA,17,69.12,457,11.76
SFO,OTH,SFO-OTH,17,69.57,412,14.29
SFO,RSW,SFO-RSW,17,279.53,2481,5.88
SJC,BNA,SJC-BNA,17,229.18,1947,23.53
SNA,BOI,SNA-BOI,17,110.47,688,23.53
STS,BUR,STS-BUR,17,57.65,387,47.06
USA,SFB,USA-SFB,17,71.35,457,11.76
ABE,PGD,ABE-PGD,16,153.0,1018,25.0
AZA,IDA,AZA-IDA,16,102.38,704,12.5
BLV,VPS,BLV-VPS,16,81.56,587,12.5
CLE,SJU,CLE-SJU,16,235.73,1839,40.0
IDA,AZA,IDA-AZA,16,92.94,704,18.75
MSP,SJU,MSP-SJU,16,274.06,2404,12.5
PGD,ABE,PGD-ABE,16,136.13,1018,18.75
RSW,LAX,RSW-LAX,16,317.75,2238,18.75
SJU,CLE,SJU-CLE,16,258.94,1839,81.25
SJU,MSP,SJU-MSP,16,323.38,2404,12.5
SRQ,HOU,SRQ-HOU,16,126.94,789,31.25
VPS,BLV,VPS-BLV,16,81.56,587,18.75
ATW,PGD,ATW-PGD,15,168.07,1250,20.0
ATW,PIE,ATW-PIE,15,150.64,1173,21.43
AZA,DSM,AZA-DSM,15,142.23,1138,38.46
DEN,PNS,DEN-PNS,15,142.47,1179,33.33
DSM,AZA,DSM-AZA,15,154.57,1138,42.86
FLL,PBG,FLL-PBG,15,166.07,1334,33.33
IND,PIE,IND-PIE,15,114.67,840,20.0
MHT,EWR,MHT-EWR,15,53.79,209,7.14
PBG,FLL,PBG-FLL,15,193.33,1334,53.33
PBG,SFB,PBG-SFB,15,169.07,1175,26.67
PGD,ATW,PGD-ATW,15,164.87,1250,20.0
PGD,SBN,PGD-SBN,15,141.53,1049,33.33
PIE,ATW,PIE-ATW,15,156.71,1173,14.29
PIE,IND,PIE-IND,15,113.33,840,20.0
PIT,SRQ,PIT-SRQ,15,133.67,912,26.67
PNS,DEN,PNS-DEN,15,167.2,1179,33.33
SBN,PGD,SBN-PGD,15,144.4,1049,40.0
SFB,PBG,SFB-PBG,15,142.87,1175,33.33
SRQ,PIT,SRQ-PIT,15,120.0,912,26.67
AZA,MOT,AZA-MOT,14,156.15,1164,30.77
AZA,PSC,AZA-PSC,14,144.71,977,42.86
BGR,SFB,BGR-SFB,14,186.29,1299,14.29
BZN,IAH,BZN-IAH,14,169.86,1385,42.86
BZN,SAN,BZN-SAN,14,135.71,956,28.57
CHS,TPA,CHS-TPA,14,64.21,370,14.29
EWR,MHT,EWR-MHT,14,42.23,209,0.0
FCA,ORD,FCA-ORD,14,172.85,1352,61.54
HDN,SAN,HDN-SAN,14,112.71,769,21.43
IAH,BZN,IAH-BZN,14,189.36,1385,35.71
IAH,JAC,IAH-JAC,14,178.07,1265,7.14
JAC,IAH,JAC-IAH,14,158.36,1265,7.14
LCK,PGD,LCK-PGD,14,127.64,890,28.57
MCO,MDT,MCO-MDT,14,112.71,851,28.57
MDT,MCO,MDT-MCO,14,138.07,851,35.71
MOT,AZA,MOT-AZA,14,149.5,1164,58.33
MTJ,SFO,MTJ-SFO,14,118.36,791,14.29
ORD,FCA,ORD-FCA,14,202.85,1352,38.46
ORF,TPA,ORF-TPA,14,114.29,717,14.29
PGD,LCK,PGD-LCK,14,119.71,890,14.29
PGD,PSM,PGD-PSM,14,157.14,1279,21.43
PGD,RFD,PGD-RFD,14,152.43,1127,14.29
PGD,TOL,PGD-TOL,14,135.5,1016,28.57
PIA,PIE,PIA-PIE,14,121.14,965,0.0
PIE,PIA,PIE-PIA,14,129.86,965,0.0
PSC,AZA,PSC-AZA,14,124.07,977,42.86
PSM,PGD,PSM-PGD,14,197.07,1279,50.0
RFD,PGD,RFD-PGD,14,150.5,1127,42.86
RIC,TPA,RIC-TPA,14,115.14,723,28.57
SAN,BZN,SAN-BZN,14,140.0,956,35.71
SAN,HDN,SAN-HDN,14,112.69,769,7.69
SFB,BGR,SFB-BGR,14,153.57,1299,14.29
SFO,MTJ,SFO-MTJ,14,105.21,791,28.57
TOL,PGD,TOL-PGD,14,146.71,1016,42.86
TPA,CHS,TPA-CHS,14,57.43,370,0.0
TPA,ORF,TPA-ORF,14,93.0,717,21.43
TPA,RIC,TPA-RIC,14,93.29,723,28.57
BNA,FNT,BNA-FNT,13,71.0,497,25.0
BNA,SFB,BNA-SFB,13,85.5,598,33.33
CHS,DAL,CHS-DAL,13,150.69,977,0.0
DAL,CHS,DAL-CHS,13,110.31,977,7.69
FNT,BNA,FNT-BNA,13,80.08,497,41.67
FNT,SRQ,FNT-SRQ,13,153.31,1075,23.08
HOU,SAV,HOU-SAV,13,97.31,853,0.0
HOU,SRQ,HOU-SRQ,13,94.62,789,0.0
IAD,MDW,IAD-MDW,13,90.62,577,15.38
ILM,PHL,ILM-PHL,13,66.18,413,18.18
PHL,ILM,PHL-ILM,13,69.42,413,25.0
PHL,SYR,PHL-SYR,13,48.23,228,30.77
RDM,SAN,RDM-SAN,13,110.58,823,41.67
RSW,SYR,RSW-SYR,13,154.85,1186,30.77
SAN,RDM,SAN-RDM,13,125.25,823,8.33
SAV,HOU,SAV-HOU,13,141.92,853,30.77
SFB,BNA,SFB-BNA,13,90.92,598,33.33
SRQ,FNT,SRQ-FNT,13,145.23,1075,15.38
SYR,PHL,SYR-PHL,13,47.69,228,23.08
SYR,RSW,SYR-RSW,13,175.54,1186,38.46
AUS,HNL,AUS-HNL,12,500.36,3764,63.64
AVL,PGD,AVL-PGD,12,90.33,588,25.0
AZA,PIA,AZA-PIA,12,154.0,1312,33.33
BLV,PGD,BLV-PGD,12,123.08,921,33.33
BLV,PIE,BLV-PIE,12,113.64,841,18.18
CVG,VPS,CVG-VPS,12,87.92,600,8.33
DSM,SFB,DSM-SFB,12,144.64,1124,63.64
ELM,SFB,ELM-SFB,12,135.0,954,16.67
FLL,GRR,FLL-GRR,12,161.27,1198,36.36
FWA,PIE,FWA-PIE,12,123.83,912,50.0
GRR,FLL,GRR-FLL,12,166.09,1198,36.36
GRR,SRQ,GRR-SRQ,12,145.25,1080,33.33
HOU,RDU,HOU-RDU,12,121.67,1050,8.33
IND,SFB,IND-SFB,12,111.75,807,16.67
MDW,IAD,MDW-IAD,12,78.67,577,50.0
PGD,AVL,PGD-AVL,12,79.64,588,18.18
PGD,BLV,PGD-BLV,12,130.0,921,33.33
PGD,SPI,PGD-SPI,12,140.83,994,41.67
PIA,AZA,PIA-AZA,12,182.25,1312,25.0
PIE,BLV,PIE-BLV,12,119.0,841,27.27
PIE,FWA,PIE-FWA,12,121.75,912,16.67
PIE,SBN,PIE-SBN,12,131.0,973,8.33
RDU,HOU,RDU-HOU,12,168.0,1050,0.0
SBN,PIE,SBN-PIE,12,129.25,973,33.33
SFB,DSM,SFB-DSM,12,158.36,1124,54.55
SFB,ELM,SFB-ELM,12,126.83,954,16.67
SFB,IND,SFB-IND,12,114.75,807,25.0
SPI,PGD,SPI-PGD,12,129.58,994,50.0
SRQ,GRR,SRQ-GRR,12,141.58,1080,33.33
VPS,CVG,VPS-CVG,12,83.36,600,9.09
ABE,FLL,ABE-FLL,11,155.09,1041,36.36
ALB,PGD,ALB-PGD,11,179.91,1185,18.18
AZA,MSO,AZA-MSO,11,138.1,948,0.0
AZA,RFD,AZA-RFD,11,160.64,1373,0.0
AZA,SGF,AZA-SGF,11,126.0,1066,9.09
BGR,PIE,BGR-PIE,11,200.55,1394,9.09
BLV,SFB,BLV-SFB,11,110.18,835,18.18
BNA,SYR,BNA-SYR,11,98.1,741,30.0
BOS,STT,BOS-STT,11,213.73,1693,18.18
BUF,MIA,BUF-MIA,11,167.36,1185,45.45
CID,PIE,CID-PIE,11,132.9,1090,0.0
CID,SFB,CID-SFB,11,138.8,1078,10.0
CMH,SRQ,CMH-SRQ,11,125.73,869,27.27
CVG,JAX,CVG-JAX,11,85.82,613,9.09
DEN,SRQ,DEN-SRQ,11,183.55,1531,27.27
DSM,SRQ,DSM-SRQ,11,146.6,1160,60.0
EWR,TYS,EWR-TYS,11,100.5,631,20.0
FLL,ABE,FLL-ABE,11,144.73,1041,27.27
FLL,LEX,FLL-LEX,11,119.27,865,36.36
FLL,MEM,FLL-MEM,11,127.73,851,36.36
FWA,SFB,FWA-SFB,11,115.55,870,27.27
HNL,AUS,HNL-AUS,11,400.9,3764,10.0
HTS,SFB,HTS-SFB,11,93.91,665,27.27
JAX,CVG,JAX-CVG,11,86.91,613,18.18
LAS,PSC,LAS-PSC,11,117.18,732,27.27
LCK,SFB,LCK-SFB,11,105.55,767,45.45
LEX,FLL,LEX-FLL,11,120.5,865,20.0
LEX,PIE,LEX-PIE,11,99.45,707,0.0
LEX,SFB,LEX-SFB,11,90.55,667,9.09
MCO,TYS,MCO-TYS,11,78.8,532,20.0
MDT,PIE,MDT-PIE,11,136.91,912,0.0
MEM,FLL,MEM-FLL,11,111.55,851,18.18
MIA,BUF,MIA-BUF,11,156.0,1185,20.0
MSO,AZA,MSO-AZA,11,122.0,948,11.11
OMA,PIE,OMA-PIE,11,144.36,1188,27.27
PGD,ALB,PGD-ALB,11,148.82,1185,0.0
PGD,PIT,PGD-PIT,11,123.73,941,27.27
PGD,PVD,PGD-PVD,11,145.27,1184,18.18
PGD,TYS,PGD-TYS,11,87.09,624,54.55
PGD,USA,PGD-USA,11,86.55,588,36.36
PIE,BGR,PIE-BGR,11,162.18,1394,9.09
PIE,CID,PIE-CID,11,150.7,1090,0.0
PIE,LEX,PIE-LEX,11,98.18,707,9.09
PIE,MDT,PIE-MDT,11,118.73,912,0.0
PIE,OMA,PIE-OMA,11,167.64,1188,9.09
PIE,SGF,PIE-SGF,11,133.18,895,27.27
PIE,SYR,PIE-SYR,11,140.27,1111,9.09
PIT,PGD,PIT-PGD,11,145.18,941,27.27
PSC,LAS,PSC-LAS,11,107.55,732,36.36
PVD,PGD,PVD-PGD,11,182.36,1184,27.27
RFD,AZA,RFD-AZA,11,190.45,1373,9.09
RFD,SFB,RFD-SFB,11,134.73,1025,9.09
RFD,SRQ,RFD-SRQ,11,138.91,1085,0.0
SBN,SFB,SBN-SFB,11,120.8,936,10.0
SFB,BLV,SFB-BLV,11,123.27,835,9.09
SFB,CID,SFB-CID,11,154.8,1078,20.0
SFB,FWA,SFB-FWA,11,118.55,870,9.09
SFB,HTS,SFB-HTS,11,86.64,665,27.27
SFB,LCK,SFB-LCK,11,106.27,767,36.36
SFB,LEX,SFB-LEX,11,93.64,667,9.09
SFB,RFD,SFB-RFD,11,144.55,1025,0.0
SFB,SBN,SFB-SBN,11,127.44,936,22.22
SFB,TOL,SFB-TOL,11,120.0,895,9.09
SGF,AZA,SGF-AZA,11,154.36,1066,9.09
SGF,PIE,SGF-PIE,11,108.27,895,27.27
SRQ,CMH,SRQ-CMH,11,114.73,869,18.18
SRQ,DEN,SRQ-DEN,11,218.55,1531,54.55
SRQ,DSM,SRQ-DSM,11,161.82,1160,45.45
SRQ,RFD,SRQ-RFD,11,147.18,1085,0.0
SYR,BNA,SYR-BNA,11,114.2,741,30.0
SYR,PIE,SYR-PIE,11,157.91,1111,0.0
TOL,SFB,TOL-SFB,11,121.73,895,18.18
TYS,EWR,TYS-EWR,11,85.73,631,36.36
TYS,MCO,TYS-MCO,11,78.4,532,30.0
TYS,PGD,TYS-PGD,11,92.45,624,45.45
USA,PGD,USA-PGD,11,90.27,588,36.36
ANC,OGG,ANC-OGG,10,343.5,2797,0.0
ANC,ORD,ANC-ORD,10,331.56,2846,22.22
ATL,TTN,ATL-TTN,10,91.8,701,30.0
ATW,BNA,ATW-BNA,10,86.38,570,37.5
AUS,EGE,AUS-EGE,10,150.4,836,40.0
AZA,BLI,AZA-BLI,10,173.5,1208,20.0
AZA,EUG,AZA-EUG,10,148.11,971,22.22
AZA,GRI,AZA-GRI,10,117.9,905,20.0
AZA,ICT,AZA-ICT,10,106.4,855,10.0
AZA,OMA,AZA-OMA,10,130.78,1026,22.22
AZA,STC,AZA-STC,10,163.5,1259,10.0
BLI,AZA,BLI-AZA,10,151.8,1208,10.0
BMI,SFB,BMI-SFB,10,120.6,917,50.0
BNA,ATW,BNA-ATW,10,77.5,570,25.0
BNA,BZN,BNA-BZN,10,200.38,1435,25.0
BNA,CID,BNA-CID,10,73.57,481,28.57
BNA,FAR,BNA-FAR,10,127.1,910,10.0
BNA,FSD,BNA-FSD,10,106.22,741,33.33
BNA,PGD,BNA-PGD,10,101.0,692,12.5
BNA,PIE,BNA-PIE,10,86.3,612,30.0
BNA,RIC,BNA-RIC,10,66.9,527,10.0
BNA,XNA,BNA-XNA,10,70.11,426,0.0
BZN,BNA,BZN-BNA,10,173.25,1435,25.0
CHS,RSW,CHS-RSW,10,78.1,450,10.0
CID,BNA,CID-BNA,10,67.29,481,28.57
CKB,SFB,CKB-SFB,10,106.6,727,0.0
EGE,AUS,EGE-AUS,10,116.1,836,80.0
EUG,AZA,EUG-AZA,10,124.67,971,0.0
EYW,PIT,EYW-PIT,10,144.44,1102,22.22
FAR,BNA,FAR-BNA,10,115.6,910,20.0
FLL,MKE,FLL-MKE,10,169.8,1243,50.0
FSD,BNA,FSD-BNA,10,98.78,741,33.33
GRI,AZA,GRI-AZA,10,125.6,905,60.0
GRR,TPA,GRR-TPA,10,143.22,1041,22.22
HNL,PPG,HNL-PPG,10,313.6,2599,30.0
IAG,SFB,IAG-SFB,10,133.63,996,12.5
IAH,TUL,IAH-TUL,10,69.11,429,22.22
ICT,AZA,ICT-AZA,10,122.9,855,0.0
LAS,PVU,LAS-PVU,10,53.4,341,30.0
LCK,PIE,LCK-PIE,10,119.8,821,0.0
LCK,SRQ,LCK-SRQ,10,120.0,856,10.0
LIH,SAN,LIH-SAN,10,308.9,2676,50.0
MDT,PGD,MDT-PGD,10,143.1,963,10.0
MFE,SFB,MFE-SFB,10,126.8,1059,20.0
MIA,XNA,MIA-XNA,10,165.0,1099,10.0
MKE,FLL,MKE-FLL,10,167.67,1243,55.56
OMA,AZA,OMA-AZA,10,144.33,1026,33.33
ORD,ANC,ORD-ANC,10,375.22,2846,44.44
ORF,RSW,ORF-RSW,10,128.4,785,0.0
PBG,PIE,PBG-PIE,10,188.3,1262,20.0
PGD,BNA,PGD-BNA,10,102.7,692,50.0
PGD,MDT,PGD-MDT,10,125.0,963,20.0
PIE,BNA,PIE-BNA,10,91.7,612,20.0
PIE,LCK,PIE-LCK,10,110.1,821,0.0
PIE,PBG,PIE-PBG,10,149.5,1262,10.0
PIE,PIT,PIE-PIT,10,115.4,878,40.0
PIE,ROA,PIE-ROA,10,90.8,668,0.0
PIE,TOL,PIE-TOL,10,123.4,945,0.0
PIT,PIE,PIT-PIE,10,132.1,878,50.0
PPG,HNL,PPG-HNL,10,301.3,2599,30.0
RIC,BNA,RIC-BNA,10,86.0,527,20.0
RIC,RSW,RIC-RSW,10,128.33,799,33.33
ROA,PIE,ROA-PIE,10,102.6,668,20.0
RSW,CHS,RSW-CHS,10,66.9,450,20.0
RSW,ORF,RSW-ORF,10,104.2,785,20.0
RSW,RIC,RSW-RIC,10,104.56,799,33.33
SAN,LIH,SAN-LIH,10,352.3,2676,10.0
SFB,BMI,SFB-BMI,10,130.0,917,20.0
SFB,CKB,SFB-CKB,10,95.2,727,10.0
SFB,IAG,SFB-IAG,10,133.29,996,0.0
SFB,MFE,SFB-MFE,10,171.4,1059,10.0
SJC,STL,SJC-STL,10,206.5,1715,0.0
SRQ,LCK,SRQ-LCK,10,114.6,856,30.0
STC,AZA,STC-AZA,10,173.1,1259,20.0
STL,SJC,STL-SJC,10,230.2,1715,20.0
TOL,PIE,TOL-PIE,10,126.0,945,0.0
TPA,GRR,TPA-GRR,10,141.78,1041,22.22
TTN,ATL,TTN-ATL,10,116.0,701,50.0
XNA,BNA,XNA-BNA,10,58.22,426,11.11
XNA,MIA,XNA-MIA,10,140.5,1099,40.0
ABE,BNA,ABE-BNA,9,112.33,685,11.11
ABE,MLB,ABE-MLB,9,138.11,914,11.11
ABE,MYR,ABE-MYR,9,81.0,518,22.22
ABE,SRQ,ABE-SRQ,9,151.44,1000,22.22
ADK,ANC,ADK-ANC,9,150.83,1192,33.33
ALB,BNA,ALB-BNA,9,124.63,825,12.5
ALB,PIE,ALB-PIE,9,168.56,1138,11.11
ANC,ADK,ANC-ADK,9,165.5,1192,16.67
ATW,LAS,ATW-LAS,9,209.56,1510,22.22
ATW,SRQ,ATW-SRQ,9,160.56,1209,11.11
AUS,AVL,AUS-AVL,9,109.5,950,12.5
AVL,AUS,AVL-AUS,9,154.38,950,12.5
AVL,EYW,AVL-EYW,9,111.44,751,22.22
AVL,LAS,AVL-LAS,9,258.0,1824,44.44
AVL,PHX,AVL-PHX,9,248.33,1683,55.56
AZA,BOI,AZA-BOI,9,116.78,749,44.44
AZA,BZN,AZA-BZN,9,122.75,861,12.5
AZA,FCA,AZA-FCA,9,144.13,1044,0.0
AZA,FNT,AZA-FNT,9,188.67,1650,22.22
AZA,GEG,AZA-GEG,9,149.25,1034,12.5
AZA,GFK,AZA-GFK,9,163.89,1260,22.22
AZA,MLI,AZA-MLI,9,155.89,1288,11.11
AZA,PDX,AZA-PDX,9,150.56,1028,11.11
AZA,SBN,AZA-SBN,9,175.44,1501,0.0
BIL,LAS,BIL-LAS,9,101.38,754,37.5
BIS,LAS,BIS-LAS,9,139.86,1048,28.57
BLI,PSP,BLI-PSP,9,141.75,1078,0.0
BLV,SRQ,BLV-SRQ,9,112.25,876,25.0
BMI,PIE,BMI-PIE,9,123.5,936,12.5
BNA,ABE,BNA-ABE,9,84.63,685,12.5
BNA,ALB,BNA-ALB,9,101.63,825,12.5
BNA,GRR,BNA-GRR,9,67.89,470,33.33
BNA,PIA,BNA-PIA,9,56.88,353,12.5
BNA,PVU,BNA-PVU,9,203.86,1388,28.57
BOI,AZA,BOI-AZA,9,100.0,749,33.33
BUR,EUG,BUR-EUG,9,108.75,732,37.5
BUR,HOU,BUR-HOU,9,161.89,1389,0.0
BZN,AZA,BZN-AZA,9,113.63,861,12.5
CAK,FLL,CAK-FLL,9,144.33,1026,11.11
CAK,PGD,CAK-PGD,9,138.11,965,11.11
CAK,SAV,CAK-SAV,9,86.11,606,33.33
CAK,SFB,CAK-SFB,9,118.0,837,11.11
CHA,SFB,CHA-SFB,9,73.11,490,33.33
CID,FLL,CID-FLL,9,164.0,1273,25.0
CID,LAS,CID-LAS,9,179.63,1319,25.0
CID,SRQ,CID-SRQ,9,141.0,1125,11.11
CLT,OAJ,CLT-OAJ,9,33.63,191,12.5
DAY,PIE,DAY-PIE,9,117.11,831,22.22
DSM,FLL,DSM-FLL,9,163.0,1315,50.0
DSM,PIE,DSM-PIE,9,141.88,1126,62.5
ELM,PIE,ELM-PIE,9,148.56,1035,22.22
EUG,BUR,EUG-BUR,9,94.38,732,12.5
EUG,LAX,EUG-LAX,9,99.22,748,22.22
EUG,SNA,EUG-SNA,9,108.63,776,12.5
EYW,AVL,EYW-AVL,9,101.78,751,22.22
EYW,IND,EYW-IND,9,151.11,1078,11.11
EYW,PIE,EYW-PIE,9,43.67,238,33.33
EYW,SFB,EYW-SFB,9,48.0,292,25.0
FAR,LAS,FAR-LAS,9,155.0,1205,22.22
FAR,SFB,FAR-SFB,9,190.0,1508,22.22
FCA,AZA,FCA-AZA,9,135.13,1044,12.5
FCA,LAS,FCA-LAS,9,115.13,845,37.5
FLL,CAK,FLL-CAK,9,142.78,1026,22.22
FLL,CID,FLL-CID,9,174.38,1273,0.0
FLL,DSM,FLL-DSM,9,180.63,1315,50.0
FLL,FSD,FLL-FSD,9,212.89,1526,33.33
FLL,GSP,FLL-GSP,9,87.0,620,22.22
FNT,AZA,FNT-AZA,9,229.67,1650,33.33
FNT,LAS,FNT-LAS,9,236.44,1733,33.33
FSD,FLL,FSD-FLL,9,187.67,1526,33.33
FSD,PIE,FSD-PIE,9,162.56,1334,22.22
FWA,SRQ,FWA-SRQ,9,130.0,948,44.44
GEG,AZA,GEG-AZA,9,134.56,1034,44.44
GFK,AZA,GFK-AZA,9,168.89,1260,11.11
GFK,LAS,GFK-LAS,9,162.56,1230,22.22
GFK,SFB,GFK-SFB,9,199.0,1573,44.44
GJT,LAS,GJT-LAS,9,64.44,420,11.11
GRI,LAS,GRI-LAS,9,138.25,971,12.5
GRR,BNA,GRR-BNA,9,73.11,470,22.22
GRR,VPS,GRR-VPS,9,127.44,857,33.33
GSP,FLL,GSP-FLL,9,93.11,620,22.22
GSP,PIE,GSP-PIE,9,76.67,482,11.11
GTF,LAS,GTF-LAS,9,107.0,811,25.0
HGR,SFB,HGR-SFB,9,117.22,780,44.44
HOU,BUR,HOU-BUR,9,207.0,1389,22.22
HTS,PIE,HTS-PIE,9,102.11,721,33.33
IAG,PIE,IAG-PIE,9,153.44,1069,44.44
IAH,AMA,IAH-AMA,9,82.5,517,12.5
IDA,LAS,IDA-LAS,9,78.89,538,33.33
IND,EYW,IND-EYW,9,141.63,1078,25.0
LAS,ATW,LAS-ATW,9,177.67,1510,33.33
LAS,AVL,LAS-AVL,9,197.11,1824,22.22
LAS,BIL,LAS-BIL,9,105.0,754,37.5
LAS,BIS,LAS-BIS,9,131.57,1048,0.0
LAS,CID,LAS-CID,9,161.0,1319,12.5
LAS,FAR,LAS-FAR,9,155.0,1205,0.0
LAS,FCA,LAS-FCA,9,121.63,845,12.5
LAS,FNT,LAS-FNT,9,201.0,1733,55.56
LAS,GFK,LAS-GFK,9,155.11,1230,0.0
LAS,GJT,LAS-GJT,9,63.0,420,0.0
LAS,GRI,LAS-GRI,9,120.25,971,0.0
LAS,GTF,LAS-GTF,9,114.63,811,25.0
LAS,IDA,LAS-IDA,9,84.44,538,33.33
LAS,LEX,LAS-LEX,9,190.33,1686,11.11
LAS,LRD,LAS-LRD,9,135.22,1092,22.22
LAS,MFR,LAS-MFR,9,94.33,600,11.11
LAS,MLI,LAS-MLI,9,162.67,1376,11.11
LAS,MOT,LAS-MOT,9,145.44,1098,11.11
LAS,MRY,LAS-MRY,9,62.89,375,11.11
LAS,MSO,LAS-MSO,9,115.0,750,14.29
LAS,PIA,LAS-PIA,9,164.63,1413,12.5
LAS,RAP,LAS-RAP,9,111.44,843,11.11
LAS,RFD,LAS-RFD,9,172.67,1455,11.11
LAS,SBN,LAS-SBN,9,188.33,1594,11.11
LAS,SGF,LAS-SGF,9,143.89,1209,22.22
LAS,SHV,LAS-SHV,9,147.38,1243,0.0
LAS,SMX,LAS-SMX,9,57.44,310,22.22
LAS,TYS,LAS-TYS,9,197.38,1739,12.5
LAS,XNA,LAS-XNA,9,134.22,1163,11.11
LAX,EUG,LAX-EUG,9,122.22,748,55.56
LAX,SDF,LAX-SDF,9,210.44,1843,0.0
LEX,LAS,LEX-LAS,9,233.78,1686,11.11
LEX,PGD,LEX-PGD,9,112.11,781,66.67
LRD,LAS,LRD-LAS,9,157.11,1092,44.44
MCI,PGD,MCI-PGD,9,141.25,1126,37.5
MDT,SRQ,MDT-SRQ,9,140.67,942,11.11
MEM,SFB,MEM-SFB,9,90.5,671,25.0
MFR,LAS,MFR-LAS,9,84.5,600,12.5
MFR,SNA,MFR-SNA,9,95.67,659,11.11
MLB,ABE,MLB-ABE,9,126.0,914,11.11
MLI,AZA,MLI-AZA,9,179.11,1288,22.22
MLI,LAS,MLI-LAS,9,188.11,1376,11.11
MLI,PGD,MLI-PGD,9,146.29,1113,42.86
MLI,SFB,MLI-SFB,9,130.56,1018,11.11
MOT,LAS,MOT-LAS,9,141.63,1098,25.0
MOT,SFB,MOT-SFB,9,210.33,1717,66.67
MRY,LAS,MRY-LAS,9,65.11,375,55.56
MSO,LAS,MSO-LAS,9,103.25,750,25.0
MSP,PGD,MSP-PGD,9,181.44,1386,33.33
MYR,ABE,MYR-ABE,9,81.78,518,22.22
OAJ,CLT,OAJ-CLT,9,48.88,191,25.0
OGG,ANC,OGG-ANC,9,325.75,2797,25.0
OMA,PGD,OMA-PGD,9,158.89,1269,33.33
ORF,SFB,ORF-SFB,9,100.78,631,22.22
PBI,PIT,PBI-PIT,9,126.89,952,44.44
PDX,AZA,PDX-AZA,9,131.56,1028,11.11
PDX,PVU,PDX-PVU,9,86.67,664,11.11
PGD,CAK,PGD-CAK,9,128.22,965,11.11
PGD,LEX,PGD-LEX,9,111.67,781,22.22
PGD,MCI,PGD-MCI,9,165.44,1126,11.11
PGD,MLI,PGD-MLI,9,158.29,1113,28.57
PGD,MSP,PGD-MSP,9,188.56,1386,11.11
PGD,OMA,PGD-OMA,9,178.89,1269,11.11
PGD,SGF,PGD-SGF,9,144.89,975,11.11
PGD,SWF,PGD-SWF,9,146.56,1101,11.11
PGD,TVC,PGD-TVC,9,164.0,1245,12.5
PHX,AVL,PHX-AVL,9,183.56,1683,11.11
PHX,SCK,PHX-SCK,9,92.67,603,22.22
PIA,BNA,PIA-BNA,9,52.29,353,14.29
PIA,LAS,PIA-LAS,9,184.63,1413,25.0
PIA,SFB,PIA-SFB,9,125.67,949,44.44
PIE,ALB,PIE-ALB,9,141.33,1138,0.0
PIE,BMI,PIE-BMI,9,128.86,936,0.0
PIE,DAY,PIE-DAY,9,119.33,831,22.22
PIE,DSM,PIE-DSM,9,154.25,1126,62.5
PIE,ELM,PIE-ELM,9,128.0,1035,11.11
PIE,EYW,PIE-EYW,9,42.56,238,0.0
PIE,FSD,PIE-FSD,9,182.67,1334,0.0
PIE,GSP,PIE-GSP,9,66.78,482,0.0
PIE,HTS,PIE-HTS,9,91.22,721,0.0
PIE,IAG,PIE-IAG,9,135.89,1069,11.11
PIE,RFD,PIE-RFD,9,140.78,1049,0.0
PIE,SDF,PIE-SDF,9,101.56,729,11.11
PIE,XNA,PIE-XNA,9,138.22,892,0.0
PIT,EYW,PIT-EYW,9,155.5,1102,12.5
PIT,PBI,PIT-PBI,9,141.33,952,22.22
PSM,SFB,PSM-SFB,9,177.22,1144,0.0
PSP,BLI,PSP-BLI,9,151.89,1078,33.33
PVD,RSW,PVD-RSW,9,189.22,1200,55.56
PVU,BNA,PVU-BNA,9,170.44,1388,11.11
PVU,LAS,PVU-LAS,9,54.78,341,22.22
PVU,PDX,PVU-PDX,9,104.11,664,11.11
PVU,SFB,PVU-SFB,9,224.33,1898,11.11
RAP,LAS,RAP-LAS,9,116.0,843,11.11
RFD,LAS,RFD-LAS,9,197.56,1455,11.11
RFD,PIE,RFD-PIE,9,138.56,1049,44.44
RNO,IAH,RNO-IAH,9,175.11,1530,22.22
ROA,SFB,ROA-SFB,9,89.0,594,33.33
RSW,PVD,RSW-PVD,9,142.44,1200,22.22
SAV,CAK,SAV-CAK,9,86.22,606,22.22
SBN,AZA,SBN-AZA,9,209.56,1501,0.0
SBN,LAS,SBN-LAS,9,219.33,1594,0.0
SBN,SRQ,SBN-SRQ,9,133.11,1009,22.22
SCK,PHX,SCK-PHX,9,85.56,603,44.44
SDF,LAX,SDF-LAX,9,252.11,1843,11.11
SDF,PIE,SDF-PIE,9,104.11,729,22.22
SDF,SRQ,SDF-SRQ,9,107.11,765,11.11
SFB,CAK,SFB-CAK,9,113.0,837,22.22
SFB,CHA,SFB-CHA,9,76.56,490,22.22
SFB,EYW,SFB-EYW,9,50.67,292,11.11
SFB,FAR,SFB-FAR,9,207.0,1508,11.11
SFB,GFK,SFB-GFK,9,211.22,1573,0.0
SFB,HGR,SFB-HGR,9,107.33,780,33.33
SFB,MEM,SFB-MEM,9,109.44,671,44.44
SFB,MLI,SFB-MLI,9,143.44,1018,0.0
SFB,MOT,SFB-MOT,9,228.89,1717,0.0
SFB,ORF,SFB-ORF,9,85.89,631,22.22
SFB,PIA,SFB-PIA,9,133.33,949,11.11
SFB,PSM,SFB-PSM,9,133.0,1144,0.0
SFB,PVU,SFB-PVU,9,281.67,1898,33.33
SFB,ROA,SFB-ROA,9,83.89,594,33.33
SFB,SGF,SFB-SGF,9,146.22,914,22.22
SFB,XNA,SFB-XNA,9,142.33,920,11.11
SGF,LAS,SGF-LAS,9,168.89,1209,33.33
SGF,PGD,SGF-PGD,9,123.44,975,22.22
SGF,SFB,SGF-SFB,9,122.11,914,44.44
SHV,LAS,SHV-LAS,9,178.63,1243,12.5
SMX,LAS,SMX-LAS,9,50.44,310,33.33
SNA,EUG,SNA-EUG,9,117.38,776,50.0
SNA,MFR,SNA-MFR,9,104.0,659,0.0
SRQ,ABE,SRQ-ABE,9,132.22,1000,11.11
SRQ,ATW,SRQ-ATW,9,160.44,1209,0.0
SRQ,BLV,SRQ-BLV,9,126.38,876,25.0
SRQ,CID,SRQ-CID,9,153.0,1125,0.0
SRQ,FWA,SRQ-FWA,9,128.0,948,0.0
SRQ,MDT,SRQ-MDT,9,122.56,942,11.11
SRQ,SBN,SRQ-SBN,9,134.88,1009,0.0
SRQ,SDF,SRQ-SDF,9,111.44,765,0.0
SRQ,SYR,SRQ-SYR,9,140.44,1142,0.0
SWF,PGD,SWF-PGD,9,169.89,1101,22.22
SYR,SRQ,SYR-SRQ,9,163.33,1142,11.11
TVC,PGD,TVC-PGD,9,169.43,1245,57.14
TYS,LAS,TYS-LAS,9,235.38,1739,12.5
VPS,GRR,VPS-GRR,9,115.33,857,0.0
XNA,LAS,XNA-LAS,9,165.22,1163,11.11
XNA,PIE,XNA-PIE,9,113.22,892,22.22
XNA,SFB,XNA-SFB,9,117.0,920,44.44
ABE,DEN,ABE-DEN,8,221.13,1539,12.5
ALB,SFB,ALB-SFB,8,160.63,1049,12.5
ANC,LAS,ANC-LAS,8,277.38,2304,25.0
ATW,FLL,ATW-FLL,8,176.5,1338,37.5
AUS,DSM,AUS-DSM,8,104.0,813,14.29
AUS,OMA,AUS-OMA,8,101.14,772,0.0
AUS,PVU,AUS-PVU,8,151.13,1051,0.0
AVL,PBI,AVL-PBI,8,93.13,620,50.0
AVL,SRQ,AVL-SRQ,8,85.88,554,25.0
AZA,GTF,AZA-GTF,8,140.13,978,25.0
AZA,MSP,AZA-MSP,8,158.25,1267,0.0
AZA,XNA,AZA-XNA,8,118.88,1006,37.5
BGM,LGA,BGM-LGA,8,42.86,147,57.14
BGR,PGD,BGR-PGD,8,214.25,1433,25.0
BLI,LAX,BLI-LAX,8,130.63,1047,12.5
BNA,CAK,BNA-CAK,8,59.43,435,14.29
BNA,MLB,BNA-MLB,8,87.5,656,25.0
CAK,BNA,CAK-BNA,8,69.29,435,14.29
CAK,PIE,CAK-PIE,8,128.0,899,12.5
CAK,SRQ,CAK-SRQ,8,127.0,934,0.0
CHA,PIE,CHA-PIE,8,76.63,513,50.0
CHS,CVG,CHS-CVG,8,78.14,497,14.29
CVG,CHS,CVG-CHS,8,74.14,497,14.29
CVG,EYW,CVG-EYW,8,137.17,1013,16.67
CVG,MSY,CVG-MSY,8,111.63,701,25.0
CVG,PBI,CVG-PBI,8,124.25,892,12.5
CVG,SAV,CVG-SAV,8,70.25,515,12.5
DAL,HRL,DAL-HRL,8,68.75,458,25.0
DAY,PGD,DAY-PGD,8,130.63,904,37.5
DEN,ABE,DEN-ABE,8,175.63,1539,0.0
DSM,AUS,DSM-AUS,8,117.86,813,42.86
DSM,HOU,DSM-HOU,8,124.0,825,71.43
DSM,SNA,DSM-SNA,8,196.86,1429,28.57
EVV,SFB,EVV-SFB,8,97.38,734,37.5
EWR,SMF,EWR-SMF,8,330.75,2500,12.5
EYW,CVG,EYW-CVG,8,139.0,1013,33.33
FAR,PIE,FAR-PIE,8,182.5,1519,25.0
FAT,ORD,FAT-ORD,8,208.5,1730,25.0
FCA,SFO,FCA-SFO,8,129.43,844,57.14
FLL,ATW,FLL-ATW,8,180.13,1338,37.5
FLL,LCK,FLL-LCK,8,134.5,961,12.5
FLL,SYR,FLL-SYR,8,157.5,1197,12.5
FLL,XNA,FLL-XNA,8,161.75,1092,25.0
FSD,SFB,FSD-SFB,8,158.75,1334,0.0
GEG,ORD,GEG-ORD,8,180.75,1498,12.5
GSP,SFB,GSP-SFB,8,64.25,425,12.5
GTF,AZA,GTF-AZA,8,121.88,978,25.0
HGR,PIE,HGR-PIE,8,127.63,861,12.5
HOU,DSM,HOU-DSM,8,109.0,825,42.86
HOU,PVU,HOU-PVU,8,174.0,1181,75.0
HRL,DAL,HRL-DAL,8,71.0,458,37.5
HRL,IAH,HRL-IAH,8,52.88,295,25.0
IAD,PBI,IAD-PBI,8,133.43,859,14.29
IAH,RNO,IAH-RNO,8,213.5,1530,25.0
IDA,SNA,IDA-SNA,8,106.63,747,25.0
LAS,ANC,LAS-ANC,8,298.83,2304,16.67
LAX,BLI,LAX-BLI,8,154.13,1047,37.5
LAX,MFR,LAX-MFR,8,102.25,630,50.0
LCK,FLL,LCK-FLL,8,135.25,961,12.5
LGA,BGM,LGA-BGM,8,31.71,147,14.29
MDW,PGD,MDW-PGD,8,145.25,1076,50.0
MDW,TUS,MDW-TUS,8,208.88,1440,50.0
MDW,VPS,MDW-VPS,8,103.75,782,25.0
MFR,LAX,MFR-LAX,8,85.75,630,37.5
MLB,BNA,MLB-BNA,8,103.13,656,25.0
MLB,PIT,MLB-PIT,8,111.25,854,25.0
MSP,AZA,MSP-AZA,8,174.5,1267,12.5
MSY,CVG,MSY-CVG,8,95.0,701,25.0
MYR,SWF,MYR-SWF,8,90.75,601,12.5
OMA,AUS,OMA-AUS,8,109.71,772,42.86
OMA,SFB,OMA-SFB,8,147.14,1195,42.86
ORD,FAT,ORD-FAT,8,228.13,1730,12.5
ORD,GEG,ORD-GEG,8,200.88,1498,25.0
ORD,RNO,ORD-RNO,8,221.25,1671,12.5
ORH,RSW,ORH-RSW,8,182.29,1220,28.57
PBI,AVL,PBI-AVL,8,88.25,620,50.0
PBI,CVG,PBI-CVG,8,125.0,892,25.0
PBI,IAD,PBI-IAD,8,117.17,859,50.0
PGD,BGR,PGD-BGR,8,168.38,1433,0.0
PGD,DAY,PGD-DAY,8,126.29,904,28.57
PGD,MDW,PGD-MDW,8,159.0,1076,12.5
PGD,RIC,PGD-RIC,8,103.38,779,25.0
PGD,SDF,PGD-SDF,8,114.25,806,0.0
PGD,STC,PGD-STC,8,199.0,1447,28.57
PGD,SYR,PGD-SYR,8,149.5,1164,0.0
PHX,TYS,PHX-TYS,8,174.5,1599,25.0
PIA,SRQ,PIA-SRQ,8,125.86,1001,0.0
PIE,CAK,PIE-CAK,8,115.63,899,12.5
PIE,CHA,PIE-CHA,8,74.13,513,25.0
PIE,FAR,PIE-FAR,8,205.38,1519,12.5
PIE,HGR,PIE-HGR,8,110.63,861,0.0
PIE,SWF,PIE-SWF,8,141.13,1055,0.0
PIE,TVC,PIE-TVC,8,151.38,1172,12.5
PIT,MLB,PIT-MLB,8,121.38,854,12.5
PIT,SFB,PIT-SFB,8,114.88,809,37.5
PVD,IAD,PVD-IAD,8,71.0,371,28.57
PVU,AUS,PVU-AUS,8,129.5,1051,12.5
PVU,HOU,PVU-HOU,8,146.0,1181,25.0
PVU,PHX,PVU-PHX,8,68.13,468,37.5
PVU,SAN,PVU-SAN,8,88.88,599,25.0
RIC,PGD,RIC-PGD,8,125.38,779,25.0
RIC,SFB,RIC-SFB,8,103.75,643,0.0
RNO,ORD,RNO-ORD,8,204.0,1671,12.5
RSW,ORH,RSW-ORH,8,152.43,1220,28.57
SAN,PVU,SAN-PVU,8,85.88,599,25.0
SAV,CVG,SAV-CVG,8,79.86,515,14.29
SDF,PGD,SDF-PGD,8,121.25,806,0.0
SDF,SFB,SDF-SFB,8,96.75,698,37.5
SFB,ALB,SFB-ALB,8,132.5,1049,12.5
SFB,EVV,SFB-EVV,8,111.13,734,12.5
SFB,FSD,SFB-FSD,8,182.5,1334,0.0
SFB,GSP,SFB-GSP,8,62.88,425,12.5
SFB,OMA,SFB-OMA,8,169.14,1195,42.86
SFB,PIT,SFB-PIT,8,105.38,809,37.5
SFB,RIC,SFB-RIC,8,84.38,643,0.0
SFB,SDF,SFB-SDF,8,104.38,698,12.5
SFB,SYR,SFB-SYR,8,128.25,1029,0.0
SFB,TRI,SFB-TRI,8,75.5,535,0.0
SFB,TVC,SFB-TVC,8,151.63,1126,25.0
SFO,FCA,SFO-FCA,8,116.0,844,71.43
SMF,EWR,SMF-EWR,8,283.25,2500,12.5
SNA,DSM,SNA-DSM,8,179.71,1429,42.86
SNA,IDA,SNA-IDA,8,110.43,747,14.29
SRQ,AVL,SRQ-AVL,8,78.0,554,25.0
SRQ,CAK,SRQ-CAK,8,123.13,934,12.5
SRQ,PIA,SRQ-PIA,8,140.0,1001,0.0
STC,PGD,STC-PGD,8,181.63,1447,37.5
SWF,MYR,SWF-MYR,8,105.75,601,25.0
SWF,PIE,SWF-PIE,8,168.75,1055,12.5
SYR,FLL,SYR-FLL,8,176.88,1197,25.0
SYR,PGD,SYR-PGD,8,170.38,1164,37.5
SYR,SFB,SYR-SFB,8,148.13,1029,37.5
TRI,SFB,TRI-SFB,8,77.63,535,12.5
TUS,MDW,TUS-MDW,8,171.0,1440,0.0
TVC,PIE,TVC-PIE,8,155.13,1172,37.5
TVC,SFB,TVC-SFB,8,149.13,1126,50.0
TYS,PHX,TYS-PHX,8,232.63,1599,25.0
VPS,MDW,VPS-MDW,8,109.43,782,14.29
XNA,AZA,XNA-AZA,8,148.63,1006,50.0
XNA,FLL,XNA-FLL,8,135.88,1092,37.5
ABQ,MSP,ABQ-MSP,7,127.71,981,0.0
AMA,IAH,AMA-IAH,7,78.43,517,0.0
ANC,DFW,ANC-DFW,7,356.29,3043,14.29
AUS,JAX,AUS-JAX,7,111.43,954,57.14
AUS,MEM,AUS-MEM,7,73.14,559,28.57
BNA,OKC,BNA-OKC,7,100.43,616,42.86
BUF,PHX,BUF-PHX,7,264.67,1912,16.67
BZN,PDX,BZN-PDX,7,87.43,554,28.57
CHS,DTW,CHS-DTW,7,94.86,667,14.29
CHS,MSP,CHS-MSP,7,152.29,1087,0.0
CLE,SEA,CLE-SEA,7,274.33,2021,0.0
CLT,GNV,CLT-GNV,7,67.0,388,14.29
DAL,SFO,DAL-SFO,7,207.33,1476,16.67
DAL,TUS,DAL-TUS,7,123.43,824,42.86
DEN,LBL,DEN-LBL,7,47.17,280,0.0
DFW,ANC,DFW-ANC,7,390.71,3043,0.0
DTW,CHS,DTW-CHS,7,98.57,667,28.57
EGE,PHX,EGE-PHX,7,84.43,513,14.29
EUG,SAN,EUG-SAN,7,111.43,850,42.86
GNV,CLT,GNV-CLT,7,61.0,388,14.29
GRB,MCO,GRB-MCO,7,147.17,1169,0.0
GRR,PHL,GRR-PHL,7,83.43,573,14.29
HOU,LBB,HOU-LBB,7,73.29,475,14.29
IAD,PVD,IAD-PVD,7,59.33,371,16.67
IAD,SYR,IAD-SYR,7,49.86,296,14.29
IAH,HRL,IAH-HRL,7,52.86,295,42.86
IND,JAX,IND-JAX,7,95.86,687,14.29
JAX,AUS,JAX-AUS,7,154.0,954,100.0
JAX,IND,JAX-IND,7,101.57,687,14.29
JAX,MSP,JAX-MSP,7,164.29,1174,0.0
LBB,HOU,LBB-HOU,7,68.43,475,28.57
LBL,DDC,LBL-DDC,7,21.33,74,16.67
MCO,GRB,MCO-GRB,7,165.67,1169,0.0
MCO,RSW,MCO-RSW,7,30.0,133,28.57
MEM,AUS,MEM-AUS,7,100.29,559,14.29
MKE,PHL,MKE-PHL,7,93.14,690,28.57
MRY,SEA,MRY-SEA,7,125.14,750,42.86
MSN,PHL,MSN-PHL,7,100.43,764,0.0
MSO,SEA,MSO-SEA,7,69.57,389,71.43
MSP,JAX,MSP-JAX,7,141.43,1174,0.0
OKC,BNA,OKC-BNA,7,76.29,616,28.57
PDX,BZN,PDX-BZN,7,76.86,554,28.57
PDX,SBP,PDX-SBP,7,101.29,722,0.0
PHL,GRR,PHL-GRR,7,89.0,573,0.0
PHL,MKE,PHL-MKE,7,110.29,690,57.14
PHL,MSN,PHL-MSN,7,114.57,764,0.0
PHX,BUF,PHX-BUF,7,221.4,1912,60.0
PHX,EGE,PHX-EGE,7,89.14,513,28.57
PHX,PVU,PHX-PVU,7,73.86,468,42.86
ROC,TPA,ROC-TPA,7,154.71,1079,71.43
RST,ORD,RST-ORD,7,50.29,268,0.0
RSW,MCO,RSW-MCO,7,28.0,133,0.0
SAN,EUG,SAN-EUG,7,135.57,850,42.86
SBP,PDX,SBP-PDX,7,116.0,722,0.0
SBP,SEA,SBP-SEA,7,139.57,847,57.14
SEA,MRY,SEA-MRY,7,112.5,750,33.33
SEA,MSO,SEA-MSO,7,63.57,389,71.43
SEA,PIT,SEA-PIT,7,248.8,2125,40.0
SEA,SBP,SEA-SBP,7,113.71,847,42.86
SFO,DAL,SFO-DAL,7,180.17,1476,0.0
SYR,IAD,SYR-IAD,7,56.0,296,14.29
TPA,ROC,TPA-ROC,7,132.29,1079,0.0
TUS,DAL,TUS-DAL,7,105.33,824,16.67
AUS,RNO,AUS-RNO,6,202.5,1405,0.0
BNA,OMA,BNA-OMA,6,91.0,612,0.0
FCA,SEA,FCA-SEA,6,67.67,379,0.0
GSP,HOU,GSP-HOU,6,137.67,845,0.0
HOU,GSP,HOU-GSP,6,98.5,845,0.0
LIH,SJC,LIH-SJC,6,282.5,2466,16.67
LSE,ORD,LSE-ORD,6,45.2,215,20.0
MSP,ABQ,MSP-ABQ,6,130.33,981,0.0
MSP,CHS,MSP-CHS,6,139.0,1087,0.0
OMA,BNA,OMA-BNA,6,80.8,612,40.0
ORD,LSE,ORD-LSE,6,45.2,215,20.0
ORD,RST,ORD-RST,6,46.67,268,16.67
RNO,AUS,RNO-AUS,6,175.67,1405,16.67
RSW,SDF,RSW-SDF,6,116.5,835,16.67
SDF,RSW,SDF-RSW,6,116.5,835,16.67
SEA,FCA,SEA-FCA,6,57.17,379,0.0
SFB,TUL,SFB-TUL,6,152.0,995,16.67
SJC,LIH,SJC-LIH,6,326.67,2466,16.67
TUL,SFB,TUL-SFB,6,120.5,995,33.33
AUS,GRR,AUS-GRR,5,130.5,1103,25.0
AUS,TYS,AUS-TYS,5,99.75,882,0.0
AVL,BOS,AVL-BOS,5,98.8,783,40.0
AVL,HOU,AVL-HOU,5,144.2,843,20.0
AVL,MDW,AVL-MDW,5,87.4,521,40.0
AZA,FWA,AZA-FWA,5,179.4,1546,20.0
AZA,MFR,AZA-MFR,5,139.0,875,40.0
BIS,SFB,BIS-SFB,5,193.2,1628,20.0
BOI,BUR,BOI-BUR,5,95.4,656,20.0
BOS,AVL,BOS-AVL,5,127.6,783,20.0
BUR,BOI,BUR-BOI,5,106.8,656,60.0
CKB,PIE,CKB-PIE,5,120.4,798,40.0
DEN,PIA,DEN-PIA,5,93.33,793,33.33
FNT,JAX,FNT-JAX,5,127.4,867,60.0
FWA,AZA,FWA-AZA,5,211.2,1546,40.0
GRR,AUS,GRR-AUS,5,171.0,1103,25.0
HOU,AVL,HOU-AVL,5,95.2,843,20.0
HOU,TYS,HOU-TYS,5,87.25,782,25.0
IAH,STT,IAH-STT,5,233.8,2070,20.0
IDA,PDX,IDA-PDX,5,85.2,539,20.0
JAC,SAN,JAC-SAN,5,126.4,828,0.0
JAX,FNT,JAX-FNT,5,119.8,867,60.0
JAX,PIT,JAX-PIT,5,95.2,694,60.0
LAX,MTJ,LAX-MTJ,5,96.6,666,20.0
MDW,AVL,MDW-AVL,5,75.0,521,40.0
MFR,AZA,MFR-AZA,5,114.0,875,40.0
MLI,PIE,MLI-PIE,5,135.2,1033,20.0
MTJ,LAX,MTJ-LAX,5,105.0,666,20.0
PBI,TYS,PBI-TYS,5,94.5,670,50.0
PDX,IDA,PDX-IDA,5,75.4,539,20.0
PGD,ROC,PGD-ROC,5,139.4,1143,0.0
PIA,DEN,PIA-DEN,5,117.5,793,0.0
PIE,CKB,PIE-CKB,5,103.2,798,40.0
PIE,MLI,PIE-MLI,5,137.8,1033,0.0
PIT,JAX,PIT-JAX,5,115.0,694,40.0
ROC,PGD,ROC-PGD,5,168.6,1143,20.0
SAN,JAC,SAN-JAC,5,131.0,828,20.0
SFB,BIS,SFB-BIS,5,223.2,1628,0.0
SFB,SWF,SFB-SWF,5,130.4,965,20.0
STT,IAH,STT-IAH,5,286.6,2070,40.0
SWF,SFB,SWF-SFB,5,158.2,965,60.0
TYS,AUS,TYS-AUS,5,147.25,882,25.0
TYS,HOU,TYS-HOU,5,132.0,782,25.0
TYS,PBI,TYS-PBI,5,99.0,670,40.0
ABQ,MCO,ABQ-MCO,4,174.75,1553,25.0
ALB,MIA,ALB-MIA,4,204.75,1225,25.0
BNA,HDN,BNA-HDN,4,166.5,1153,50.0
BNA,SJU,BNA-SJU,4,205.0,1753,0.0
BUF,SRQ,BUF-SRQ,4,158.33,1093,66.67
CID,MIA,CID-MIA,4,162.0,1286,0.0
COS,HOU,COS-HOU,4,107.75,829,25.0
DAL,RNO,DAL-RNO,4,191.5,1356,25.0
DAL,SDF,DAL-SDF,4,91.75,725,50.0
DDC,LBL,DDC-LBL,4,25.67,74,33.33
DFW,STT,DFW-STT,4,249.25,2225,50.0
DTW,PDX,DTW-PDX,4,257.0,1953,0.0
ELP,MCO,ELP-MCO,4,167.25,1516,0.0
HDN,BNA,HDN-BNA,4,136.75,1153,50.0
HDN,IAD,HDN-IAD,4,179.5,1582,25.0
HDN,MSP,HDN-MSP,4,104.5,774,0.0
HDN,SFO,HDN-SFO,4,132.0,838,0.0
HOU,COS,HOU-COS,4,119.5,829,75.0
HOU,RSW,HOU-RSW,4,97.75,852,25.0
HOU,SJU,HOU-SJU,4,219.25,1997,100.0
HSV,MIA,HSV-MIA,4,103.25,722,25.0
IAD,HDN,IAD-HDN,4,220.75,1582,25.0
IAD,PDX,IAD-PDX,4,309.5,2327,0.0
IAD,SMF,IAD-SMF,4,318.5,2358,0.0
ICT,MIA,ICT-MIA,4,170.33,1295,33.33
ILM,MIA,ILM-MIA,4,103.25,601,25.0
JAC,MSP,JAC-MSP,4,113.75,872,75.0
JAN,MCO,JAN-MCO,4,80.75,588,25.0
KOA,ORD,KOA-ORD,4,443.75,4213,25.0
LAS,LGA,LAS-LGA,4,262.25,2242,25.0
LBL,DEN,LBL-DEN,4,46.67,280,0.0
LEX,MIA,LEX-MIA,4,132.25,880,25.0
LGA,LAS,LGA-LAS,4,306.0,2242,0.0
LGA,SLC,LGA-SLC,4,281.5,1983,0.0
LIT,MIA,LIT-MIA,4,129.75,941,75.0
MCO,ABQ,MCO-ABQ,4,236.5,1553,75.0
MCO,ELP,MCO-ELP,4,225.75,1516,50.0
MCO,JAN,MCO-JAN,4,93.75,588,50.0
MCO,TUL,MCO-TUL,4,152.25,1005,75.0
MIA,ALB,MIA-ALB,4,155.67,1225,33.33
MIA,CID,MIA-CID,4,179.33,1286,66.67
MIA,HSV,MIA-HSV,4,104.5,722,0.0
MIA,ICT,MIA-ICT,4,194.5,1295,25.0
MIA,ILM,MIA-ILM,4,92.5,601,50.0
MIA,LEX,MIA-LEX,4,121.5,880,0.0
MIA,LIT,MIA-LIT,4,139.75,941,0.0
MIA,MSN,MIA-MSN,4,179.5,1300,0.0
MIA,ROC,MIA-ROC,4,154.25,1203,25.0
MIA,SYR,MIA-SYR,4,155.0,1217,0.0
MIA,TUL,MIA-TUL,4,173.25,1168,0.0
MSN,MIA,MSN-MIA,4,175.0,1300,66.67
MSP,HDN,MSP-HDN,4,110.75,774,0.0
MSP,JAC,MSP-JAC,4,123.75,872,50.0
ONT,MCO,ONT-MCO,4,236.25,2171,0.0
ORD,KOA,ORD-KOA,4,523.25,4213,25.0
PDX,DTW,PDX-DTW,4,227.0,1953,25.0
PDX,IAD,PDX-IAD,4,271.0,2327,25.0
PIE,TUL,PIE-TUL,4,148.25,961,0.0
RNO,DAL,RNO-DAL,4,164.0,1356,0.0
ROC,MIA,ROC-MIA,4,176.75,1203,25.0
RSW,HOU,RSW-HOU,4,135.75,852,25.0
SDF,DAL,SDF-DAL,4,107.0,725,0.0
SFO,HDN,SFO-HDN,4,110.0,838,0.0
SJU,BNA,SJU-BNA,4,244.5,1753,75.0
SJU,HOU,SJU-HOU,4,280.0,1997,75.0
SJU,STL,SJU-STL,4,278.0,2024,50.0
SLC,LGA,SLC-LGA,4,227.25,1983,50.0
SMF,IAD,SMF-IAD,4,280.67,2358,33.33
SRQ,BUF,SRQ-BUF,4,140.33,1093,33.33
STL,SJU,STL-SJU,4,232.75,2024,50.0
STT,DFW,STT-DFW,4,323.25,2225,100.0
SYR,MIA,SYR-MIA,4,183.5,1217,0.0
TUL,MCO,TUL-MCO,4,123.5,1005,0.0
TUL,MIA,TUL-MIA,4,147.0,1168,50.0
TUL,PIE,TUL-PIE,4,116.25,961,25.0
ALB,MYR,ALB-MYR,3,110.33,685,33.33
AMA,HOU,AMA-HOU,3,72.67,537,0.0
AUS,FSD,AUS-FSD,3,118.0,925,33.33
AUS,SDF,AUS-SDF,3,107.33,876,0.0
AZA,CVG,AZA-CVG,3,179.33,1553,0.0
AZA,TOL,AZA-TOL,3,191.0,1625,66.67
BLI,DEN,BLI-DEN,3,131.33,1075,33.33
BNA,SNA,BNA-SNA,3,241.5,1772,0.0
BOI,LGB,BOI-LGB,3,103.33,680,33.33
CLT,HOU,CLT-HOU,3,146.0,920,33.33
CVG,AZA,CVG-AZA,3,225.67,1553,0.0
DAL,ORF,DAL-ORF,3,143.33,1203,66.67
DEN,BLI,DEN-BLI,3,158.33,1075,33.33
FLL,OMA,FLL-OMA,3,192.5,1383,0.0
FSD,AUS,FSD-AUS,3,143.33,925,33.33
FWA,LAS,FWA-LAS,3,223.33,1649,33.33
GSO,PIE,GSO-PIE,3,93.67,587,33.33
HOU,AMA,HOU-AMA,3,80.33,537,33.33
HOU,CLT,HOU-CLT,3,107.67,920,0.0
HOU,PHL,HOU-PHL,3,163.33,1335,0.0
JFK,RNO,JFK-RNO,3,313.67,2411,33.33
LAS,FWA,LAS-FWA,3,190.0,1649,0.0
LAS,VPS,LAS-VPS,3,185.33,1695,0.0
LAX,BHM,LAX-BHM,3,203.67,1815,0.0
LAX,SGF,LAX-SGF,3,167.33,1423,33.33
LGB,BOI,LGB-BOI,3,96.0,680,0.0
LGB,PDX,LGB-PDX,3,121.0,846,33.33
MDW,SFO,MDW-SFO,3,245.33,1855,0.0
MYR,ALB,MYR-ALB,3,94.0,685,0.0
OMA,FLL,OMA-FLL,3,168.33,1383,0.0
ORF,DAL,ORF-DAL,3,181.0,1203,0.0
PDX,LGB,PDX-LGB,3,112.0,846,33.33
PHL,HOU,PHL-HOU,3,207.0,1335,0.0
PIE,GSO,PIE-GSO,3,79.0,587,33.33
PIE,RIC,PIE-RIC,3,93.67,731,0.0
PIE,TRI,PIE-TRI,3,83.67,590,66.67
PIT,SAV,PIT-SAV,3,82.0,579,0.0
RIC,PIE,RIC-PIE,3,117.67,731,0.0
RNO,JFK,RNO-JFK,3,290.0,2411,66.67
SAV,PIT,SAV-PIT,3,83.67,579,0.0
SDF,AUS,SDF-AUS,3,143.33,876,33.33
SFO,MDW,SFO-MDW,3,227.33,1855,0.0
SGF,LAX,SGF-LAX,3,201.67,1423,66.67
SNA,BNA,SNA-BNA,3,200.0,1772,33.33
TOL,AZA,TOL-AZA,3,226.33,1625,33.33
TRI,PIE,TRI-PIE,3,92.0,590,66.67
VPS,LAS,VPS-LAS,3,240.0,1695,0.0
VPS,XNA,VPS-XNA,3,91.67,601,0.0
XNA,VPS,XNA-VPS,3,78.33,601,0.0
AUS,SRQ,AUS-SRQ,2,109.0,936,0.0
AVL,BWI,AVL-BWI,2,61.0,414,50.0
AZA,HOU,AZA-HOU,2,117.0,998,0.0
AZA,LAS,AZA-LAS,2,50.5,276,0.0
BNA,PVD,BNA-PVD,2,105.5,906,0.0
BOS,BZN,BOS-BZN,2,261.0,1991,0.0
BOS,GRR,BOS-GRR,2,113.0,740,50.0
BOS,TYS,BOS-TYS,2,128.5,830,50.0
BWI,AVL,BWI-AVL,2,74.0,414,0.0
BZN,BOS,BZN-BOS,2,237.5,1991,50.0
CHS,HOU,CHS-HOU,2,152.0,928,0.0
CVG,MYR,CVG-MYR,2,67.5,489,0.0
DAL,PDX,DAL-PDX,2,220.5,1626,0.0
DAY,SFB,DAY-SFB,2,112.0,785,50.0
DSM,EWR,DSM-EWR,2,126.0,1017,50.0
DSM,SAN,DSM-SAN,2,199.5,1428,0.0
DTW,HOU,DTW-HOU,2,175.5,1092,100.0
EWR,DSM,EWR-DSM,2,151.0,1017,50.0
EWR,VPS,EWR-VPS,2,152.5,988,50.0
FLL,MDT,FLL-MDT,2,141.5,993,50.0
GRR,BOS,GRR-BOS,2,92.0,740,50.0
HOU,AZA,HOU-AZA,2,155.0,998,0.0
HOU,CHS,HOU-CHS,2,99.0,928,0.0
HOU,DTW,HOU-DTW,2,130.5,1092,50.0
ICT,SFB,ICT-SFB,2,132.0,1117,0.0
LAS,AZA,LAS-AZA,2,44.5,276,0.0
LAX,PVU,LAX-PVU,2,77.5,569,50.0
LCK,MYR,LCK-MYR,2,65.0,478,0.0
LCK,SAV,LCK-SAV,2,79.5,539,0.0
LIT,SFB,LIT-SFB,2,97.5,765,100.0
MCO,ONT,MCO-ONT,2,302.5,2171,0.0
MDT,FLL,MDT-FLL,2,146.5,993,50.0
MDW,PVU,MDW-PVU,2,170.5,1254,50.0
MEM,PIE,MEM-PIE,2,81.0,653,100.0
MHT,TPA,MHT-TPA,2,180.5,1204,50.0
MYR,CVG,MYR-CVG,2,75.0,489,0.0
MYR,LCK,MYR-LCK,2,73.5,478,0.0
PDX,DAL,PDX-DAL,2,198.5,1626,50.0
PHL,SCE,PHL-SCE,2,38.0,153,0.0
PIE,MEM,PIE-MEM,2,99.5,653,100.0
PIE,PVU,PIE-PVU,2,270.0,1857,100.0
PVD,BNA,PVD-BNA,2,146.0,906,50.0
PVU,LAX,PVU-LAX,2,89.0,569,50.0
PVU,MDW,PVU-MDW,2,170.0,1254,50.0
PVU,PIE,PVU-PIE,2,212.0,1857,100.0
SAN,DSM,SAN-DSM,2,171.5,1428,50.0
SAV,LCK,SAV-LCK,2,77.0,539,50.0
SCE,PHL,SCE-PHL,2,34.0,153,0.0
SFB,DAY,SFB-DAY,2,106.0,785,50.0
SFB,ICT,SFB-ICT,2,172.0,1117,0.0
SFB,LIT,SFB-LIT,2,122.5,765,50.0
SRQ,AUS,SRQ-AUS,2,153.5,936,0.0
TPA,MHT,TPA-MHT,2,152.0,1204,50.0
TYS,BOS,TYS-BOS,2,99.0,830,0.0
VPS,EWR,VPS-EWR,2,116.0,988,50.0
ALB,DEN,ALB-DEN,1,224.0,1610,100.0
AUS,BZN,AUS-BZN,1,182.0,1299,100.0
AVL,MSP,AVL-MSP,1,134.0,861,0.0
BNA,MDT,BNA-MDT,1,85.0,608,0.0
BUR,MDW,BUR-MDW,1,205.0,1740,0.0
BZN,AUS,BZN-AUS,1,162.0,1299,100.0
BZN,JFK,BZN-JFK,1,215.0,1902,0.0
COS,SAN,COS-SAN,1,120.0,816,0.0
COS,SAT,COS-SAT,1,101.0,732,100.0
CVG,STL,CVG-STL,1,0.0,308,0.0
CVG,TYS,CVG-TYS,1,45.0,226,100.0
DAL,MSP,DAL-MSP,1,112.0,853,0.0
DAL,PHL,DAL-PHL,1,148.0,1295,0.0
DEN,ALB,DEN-ALB,1,182.0,1610,0.0
EWR,OGG,EWR-OGG,1,605.0,4904,0.0
EWR,PHL,EWR-PHL,1,23.0,80,0.0
FSD,STC,FSD-STC,1,35.0,190,100.0
IAH,SAV,IAH-SAV,1,0.0,851,0.0
ICT,DDC,ICT-DDC,1,0.0,139,0.0
JFK,BZN,JFK-BZN,1,261.0,1902,0.0
LAX,LGA,LAX-LGA,1,284.0,2469,0.0
LFT,MSY,LFT-MSY,1,21.0,105,100.0
LGA,LAX,LGA-LAX,1,333.0,2469,0.0
LGA,PHX,LGA-PHX,1,298.0,2149,0.0
LIT,PHX,LIT-PHX,1,175.0,1136,0.0
MDT,BNA,MDT-BNA,1,85.0,608,0.0
MDW,BUR,MDW-BUR,1,243.0,1740,100.0
MIA,MYR,MIA-MYR,1,0.0,549,0.0
MSP,AVL,MSP-AVL,1,105.0,861,0.0
MSP,DAL,MSP-DAL,1,117.0,853,0.0
OGG,EWR,OGG-EWR,1,540.0,4904,0.0
PDX,TPA,PDX-TPA,1,282.0,2497,0.0
PHL,DAL,PHL-DAL,1,204.0,1295,0.0
PHL,EWR,PHL-EWR,1,19.0,80,0.0
PHL,TTN,PHL-TTN,1,0.0,36,0.0
PHX,LGA,PHX-LGA,1,260.0,2149,0.0
PHX,LIT,PHX-LIT,1,124.0,1136,0.0
SAN,COS,SAN-COS,1,109.0,816,0.0
SAN,PAE,SAN-PAE,1,177.0,1080,0.0
SAT,COS,SAT-COS,1,104.0,732,0.0
TPA,PDX,TPA-PDX,1,340.0,2497,100.0
