FlightDate,Reporting_Airline,Origin,Dest,Dep_Hour,Actual_Delayed,Predicted_Delayed,Delay_Probability,Risk_Category
2024-01-14,DL,LAX,SEA,8,0,0,0.1084,Low
2024-01-13,DL,MIA,ATL,10,0,0,0.1688,Medium
2024-01-12,UA,SEA,JFK,19,0,1,0.2876,Medium
2024-01-11,AA,BOS,CLT,15,0,0,0.2096,Medium
2024-01-11,F9,BOS,SEA,9,0,0,0.1372,Low
2024-01-14,NK,JFK,SEA,19,0,1,0.3133,High
2024-01-11,AA,JFK,MIA,16,0,0,0.2323,Medium
2024-01-15,UA,BOS,ORD,6,0,0,0.1357,Low
2024-01-10,WN,BOS,MCO,9,0,0,0.083,Low
2024-01-11,AA,MIA,JFK,13,0,0,0.1808,Medium
2024-01-13,B6,SFO,JFK,20,1,1,0.3249,High
2024-01-10,AS,JFK,PHX,21,0,1,0.2942,Medium
2024-01-14,AA,DEN,LAX,13,0,1,0.2978,Medium
2024-01-12,UA,PHX,MCO,18,0,0,0.1919,Medium
2024-01-16,UA,BOS,ORD,7,0,0,0.1248,Low
2024-01-15,DL,LAX,ATL,16,0,0,0.2419,Medium
2024-01-15,AS,MIA,DFW,15,0,1,0.3015,High
2024-01-10,UA,LAS,JFK,9,1,0,0.1208,Low
2024-01-11,B6,DEN,LAX,22,1,1,0.3052,High
2024-01-12,UA,MIA,CLT,6,0,0,0.0513,Low
2024-01-16,DL,PHX,CLT,10,0,0,0.1748,Medium
2024-01-14,DL,DFW,ORD,6,0,0,0.0796,Low
2024-01-16,NK,LAX,PHX,9,0,0,0.1252,Low
2024-01-13,AS,LAX,MCO,12,0,0,0.2491,Medium
2024-01-12,F9,SFO,SEA,22,1,1,0.4686,High
2024-01-10,AA,ORD,LAS,18,0,1,0.3596,High
2024-01-12,AA,PHX,LAS,21,0,1,0.3009,High
2024-01-13,B6,LAS,CLT,18,0,1,0.2811,Medium
2024-01-13,NK,ATL,PHX,17,0,0,0.2054,Medium
2024-01-11,NK,MCO,LAX,13,0,0,0.2498,Medium
2024-01-15,F9,LAS,SFO,21,1,1,0.4204,High
2024-01-14,DL,MCO,SEA,18,0,0,0.2057,Medium
2024-01-12,B6,MIA,ORD,15,0,1,0.3213,High
2024-01-11,F9,JFK,ATL,11,0,0,0.1807,Medium
2024-01-11,F9,SFO,DEN,13,0,1,0.3535,High
2024-01-16,UA,CLT,DFW,9,0,0,0.2217,Medium
2024-01-14,WN,LAS,LAX,14,0,1,0.2731,Medium
2024-01-16,F9,PHX,JFK,11,1,0,0.242,Medium
2024-01-16,WN,BOS,LAS,11,0,0,0.2461,Medium
2024-01-10,UA,BOS,JFK,17,0,1,0.2553,Medium
2024-01-12,DL,MCO,BOS,16,0,0,0.2133,Medium
2024-01-10,DL,CLT,DFW,22,1,1,0.2897,Medium
2024-01-14,UA,ORD,BOS,7,1,1,0.2587,Medium
2024-01-14,DL,MCO,BOS,20,0,1,0.2664,Medium
2024-01-12,WN,ORD,CLT,15,0,1,0.2936,Medium
2024-01-12,AS,LAS,BOS,9,0,0,0.1277,Low
2024-01-15,AS,DFW,MCO,18,0,1,0.2567,Medium
2024-01-13,NK,JFK,DEN,13,0,0,0.1535,Medium
2024-01-12,AA,LAS,SFO,11,0,0,0.2276,Medium
2024-01-12,AA,ORD,CLT,13,0,1,0.3751,High
2024-01-13,DL,LAS,PHX,16,0,1,0.261,Medium
2024-01-13,UA,JFK,LAX,21,0,1,0.3188,High
2024-01-13,DL,DEN,LAX,12,1,0,0.1334,Low
2024-01-14,AA,ATL,PHX,20,0,1,0.3869,High
2024-01-14,DL,CLT,DFW,15,1,0,0.1605,Medium
2024-01-14,AA,SEA,CLT,14,0,1,0.299,Medium
2024-01-14,F9,DFW,DEN,20,0,1,0.3823,High
2024-01-16,NK,BOS,LAX,19,0,1,0.3412,High
2024-01-11,AS,LAS,CLT,19,0,1,0.2676,Medium
2024-01-11,UA,CLT,DEN,15,0,1,0.2908,Medium
2024-01-10,NK,DFW,CLT,12,0,0,0.1326,Low
2024-01-10,F9,SEA,LAS,6,0,0,0.1781,Medium
2024-01-12,DL,ORD,MIA,7,0,0,0.14,Low
2024-01-12,B6,LAS,BOS,10,0,1,0.2922,Medium
2024-01-14,B6,JFK,ATL,20,0,1,0.402,High
2024-01-16,UA,ATL,DEN,20,1,1,0.3438,High
2024-01-15,WN,CLT,MIA,21,0,1,0.2625,Medium
2024-01-10,B6,MCO,SFO,19,0,1,0.3191,High
2024-01-11,UA,LAX,SFO,14,0,0,0.1937,Medium
2024-01-14,DL,MCO,MIA,12,0,0,0.2392,Medium
2024-01-12,UA,ATL,DEN,15,1,0,0.1695,Medium
2024-01-16,WN,MIA,MCO,14,0,1,0.2775,Medium
2024-01-15,AA,SFO,ORD,17,1,1,0.4292,High
2024-01-12,AS,DEN,SEA,14,1,1,0.2888,Medium
2024-01-14,UA,SFO,SEA,11,0,1,0.2642,Medium
2024-01-11,WN,JFK,LAX,8,0,0,0.1027,Low
2024-01-15,UA,PHX,JFK,13,0,0,0.1348,Low
2024-01-10,DL,SEA,BOS,20,1,1,0.3422,High
2024-01-13,F9,PHX,LAX,8,0,1,0.2674,Medium
2024-01-10,UA,LAX,ORD,10,0,0,0.1162,Low
2024-01-14,WN,LAX,SEA,18,0,1,0.3217,High
2024-01-12,WN,SEA,JFK,22,0,1,0.2807,Medium
2024-01-10,F9,CLT,SFO,19,0,1,0.2857,Medium
2024-01-14,DL,JFK,ATL,21,1,1,0.3156,High
2024-01-15,F9,ORD,PHX,9,0,1,0.2533,Medium
2024-01-13,DL,ORD,LAS,14,0,0,0.2321,Medium
2024-01-12,AA,ORD,BOS,18,0,1,0.3013,High
2024-01-11,AS,SFO,PHX,6,0,0,0.1118,Low
2024-01-10,WN,SFO,LAS,22,0,1,0.3361,High
2024-01-14,NK,JFK,LAX,8,0,0,0.1265,Low
2024-01-14,UA,CLT,MIA,12,0,0,0.1419,Low
2024-01-10,NK,SEA,ORD,16,0,1,0.2746,Medium
2024-01-11,AS,LAS,ORD,12,0,0,0.188,Medium
2024-01-14,AS,JFK,SEA,22,0,1,0.3481,High
2024-01-11,AA,MCO,SEA,16,0,1,0.3578,High
2024-01-12,B6,ORD,MCO,20,1,1,0.3885,High
2024-01-14,F9,MIA,DEN,15,0,0,0.2162,Medium
2024-01-10,AA,PHX,CLT,21,0,1,0.4183,High
2024-01-14,NK,ATL,SFO,13,0,0,0.1405,Low
2024-01-15,F9,BOS,LAS,19,0,1,0.2589,Medium
2024-01-10,NK,SEA,SFO,6,0,0,0.1097,Low
2024-01-14,DL,LAX,DEN,17,1,0,0.2235,Medium
2024-01-10,AS,MIA,LAS,15,0,1,0.2595,Medium
2024-01-16,DL,SFO,DEN,9,1,1,0.2662,Medium
2024-01-10,WN,MIA,JFK,16,1,1,0.3121,High
2024-01-12,UA,PHX,SEA,20,0,1,0.357,High
2024-01-10,AA,MIA,BOS,18,0,1,0.2696,Medium
2024-01-11,NK,SEA,LAX,11,0,0,0.2349,Medium
2024-01-10,AS,ORD,ATL,17,0,1,0.2603,Medium
2024-01-14,B6,BOS,LAX,17,0,1,0.2797,Medium
2024-01-15,WN,BOS,MIA,10,1,0,0.2162,Medium
2024-01-14,B6,SEA,LAX,20,1,1,0.2869,Medium
2024-01-16,B6,SFO,BOS,13,1,1,0.3887,High
2024-01-11,UA,MCO,DFW,13,0,0,0.1869,Medium
2024-01-11,AA,MCO,JFK,20,0,1,0.3392,High
2024-01-12,NK,DEN,JFK,6,0,0,0.0796,Low
2024-01-10,AS,ORD,CLT,22,0,1,0.3771,High
2024-01-10,DL,SFO,ATL,12,0,0,0.1992,Medium
2024-01-11,AA,SFO,CLT,13,0,1,0.3527,High
2024-01-13,F9,JFK,LAS,17,0,1,0.3471,High
2024-01-14,DL,MCO,DEN,19,1,1,0.3396,High
2024-01-14,WN,SFO,DEN,20,1,1,0.3752,High
2024-01-16,DL,CLT,SFO,12,1,0,0.2265,Medium
2024-01-15,F9,ATL,MCO,14,0,1,0.3148,High
2024-01-15,DL,PHX,DFW,18,0,0,0.1944,Medium
2024-01-10,NK,CLT,MCO,9,0,0,0.1624,Medium
2024-01-14,AA,DEN,MCO,7,0,0,0.1766,Medium
2024-01-15,UA,SFO,DFW,7,0,0,0.1936,Medium
2024-01-11,UA,CLT,DFW,7,0,0,0.1404,Low
2024-01-11,B6,LAX,BOS,17,1,1,0.3453,High
2024-01-16,F9,LAX,ORD,16,0,0,0.2355,Medium
2024-01-15,AA,DEN,PHX,6,0,0,0.2289,Medium
2024-01-10,AS,SEA,CLT,14,0,0,0.15,Medium
2024-01-10,F9,MIA,DEN,13,0,0,0.2297,Medium
2024-01-13,NK,PHX,SFO,11,1,0,0.19,Medium
2024-01-16,F9,MIA,DFW,14,0,1,0.3062,High
2024-01-15,AS,MIA,DEN,9,0,0,0.0839,Low
2024-01-10,DL,LAS,CLT,20,1,1,0.306,High
2024-01-11,NK,MIA,SFO,14,0,0,0.2248,Medium
2024-01-13,AA,SEA,MCO,19,0,1,0.3858,High
2024-01-14,AS,SFO,LAS,10,0,0,0.2121,Medium
2024-01-12,F9,LAS,ATL,11,0,0,0.1566,Medium
2024-01-14,F9,BOS,SFO,22,0,1,0.3084,High
2024-01-10,AA,PHX,JFK,9,1,1,0.2708,Medium
2024-01-14,DL,CLT,DEN,8,0,0,0.1702,Medium
2024-01-12,WN,CLT,MCO,9,0,0,0.1747,Medium
2024-01-16,NK,ATL,ORD,15,0,1,0.2514,Medium
2024-01-10,F9,ORD,PHX,18,0,1,0.3139,High
2024-01-15,B6,PHX,LAX,13,0,0,0.2098,Medium
2024-01-15,DL,CLT,ORD,11,0,0,0.2241,Medium
2024-01-13,NK,CLT,MIA,14,1,1,0.2602,Medium
2024-01-11,B6,PHX,BOS,10,0,0,0.1847,Medium
2024-01-12,AS,SEA,DEN,15,0,1,0.3016,High
2024-01-15,F9,SEA,MIA,13,1,0,0.2152,Medium
2024-01-14,WN,LAS,ORD,20,0,1,0.3135,High
2024-01-10,UA,ORD,ATL,11,0,0,0.2131,Medium
2024-01-16,AA,DEN,ORD,21,0,1,0.2825,Medium
2024-01-13,UA,CLT,MIA,19,0,1,0.284,Medium
2024-01-16,UA,LAS,LAX,15,0,0,0.1644,Medium
2024-01-11,F9,SFO,DEN,16,1,1,0.4234,High
2024-01-12,UA,LAX,ATL,17,0,0,0.2021,Medium
2024-01-16,AA,MCO,SFO,9,1,0,0.2356,Medium
2024-01-10,DL,SFO,JFK,7,1,1,0.2643,Medium
2024-01-16,DL,LAX,MIA,10,0,0,0.2244,Medium
2024-01-11,F9,MIA,DFW,7,0,0,0.1409,Low
2024-01-16,AS,SFO,LAX,12,1,1,0.2934,Medium
2024-01-11,WN,MCO,DEN,12,1,0,0.2063,Medium
2024-01-15,AA,DFW,SFO,6,0,0,0.2402,Medium
2024-01-11,F9,SEA,DEN,10,0,0,0.1521,Medium
2024-01-10,NK,ORD,LAX,14,1,1,0.3266,High
2024-01-13,F9,PHX,MIA,9,0,0,0.1654,Medium
2024-01-15,B6,DEN,PHX,10,0,0,0.2453,Medium
2024-01-16,WN,CLT,JFK,10,0,0,0.2187,Medium
2024-01-15,F9,BOS,LAX,18,1,1,0.2885,Medium
2024-01-14,WN,ATL,PHX,18,1,1,0.332,High
2024-01-10,WN,MIA,CLT,18,0,1,0.2862,Medium
2024-01-13,DL,SEA,JFK,12,1,0,0.152,Medium
2024-01-12,UA,LAX,ORD,22,0,1,0.2946,Medium
2024-01-16,DL,MCO,SFO,21,1,1,0.3122,High
2024-01-10,DL,LAS,SEA,18,0,0,0.2106,Medium
2024-01-16,AA,ATL,SEA,9,0,0,0.1906,Medium
2024-01-15,DL,LAX,DFW,7,1,0,0.2061,Medium
2024-01-10,DL,BOS,MIA,15,1,0,0.2405,Medium
2024-01-11,DL,DFW,CLT,7,0,0,0.0781,Low
2024-01-16,B6,SFO,BOS,7,0,0,0.1991,Medium
2024-01-11,NK,BOS,CLT,22,1,1,0.3056,High
2024-01-10,B6,ORD,CLT,15,1,1,0.2691,Medium
2024-01-10,UA,MIA,ORD,15,0,1,0.2847,Medium
2024-01-16,F9,BOS,LAX,10,0,1,0.2781,Medium
2024-01-13,B6,BOS,JFK,19,0,1,0.3701,High
2024-01-12,F9,LAS,MCO,8,1,1,0.2547,Medium
2024-01-14,DL,JFK,SFO,7,0,0,0.1098,Low
2024-01-12,AS,SFO,SEA,11,0,1,0.2572,Medium
2024-01-16,AA,BOS,MIA,15,0,0,0.2445,Medium
2024-01-16,WN,CLT,ATL,9,0,0,0.183,Medium
2024-01-15,B6,SFO,LAS,16,0,1,0.3301,High
2024-01-14,AS,ORD,SEA,21,0,1,0.3158,High
2024-01-11,WN,SFO,ORD,13,0,1,0.2551,Medium
2024-01-11,NK,SEA,MCO,16,0,1,0.2576,Medium
2024-01-11,AS,CLT,ORD,10,0,0,0.104,Low
2024-01-16,AA,DEN,LAS,22,0,1,0.302,High
2024-01-10,B6,JFK,DEN,11,0,0,0.1673,Medium
2024-01-12,UA,JFK,MIA,10,0,0,0.1353,Low
2024-01-15,NK,DFW,JFK,18,0,0,0.2037,Medium
2024-01-16,UA,DEN,MCO,8,0,0,0.2144,Medium
2024-01-12,AA,ORD,SFO,11,1,1,0.3064,High
2024-01-11,B6,ATL,SEA,12,0,1,0.3055,High
2024-01-15,WN,JFK,CLT,11,0,0,0.1345,Low
2024-01-10,F9,ATL,JFK,22,1,1,0.2985,Medium
2024-01-14,AS,ORD,LAX,6,0,0,0.245,Medium
2024-01-15,DL,PHX,BOS,11,0,0,0.1711,Medium
2024-01-10,NK,ATL,BOS,14,0,0,0.2401,Medium
2024-01-16,B6,DFW,MCO,7,1,0,0.1303,Low
2024-01-11,UA,DFW,MCO,8,0,0,0.0707,Low
2024-01-13,AA,DEN,LAS,6,1,0,0.2346,Medium
2024-01-11,AA,JFK,MIA,21,1,1,0.4145,High
2024-01-10,UA,SFO,DEN,18,1,1,0.3437,High
2024-01-15,WN,PHX,MIA,9,0,0,0.1667,Medium
2024-01-13,AA,ORD,SFO,12,0,1,0.3139,High
2024-01-15,UA,SFO,MCO,15,0,1,0.3332,High
2024-01-11,B6,DFW,ATL,8,0,0,0.1366,Low
2024-01-10,DL,MIA,ATL,11,0,0,0.1553,Medium
2024-01-16,WN,ORD,CLT,12,0,0,0.2088,Medium
2024-01-10,NK,DFW,SEA,11,0,0,0.1797,Medium
2024-01-10,AA,MIA,ORD,20,0,1,0.3742,High
2024-01-16,B6,SEA,LAX,13,0,1,0.2845,Medium
2024-01-16,WN,ORD,JFK,10,0,0,0.2176,Medium
2024-01-15,UA,CLT,ATL,16,1,1,0.2921,Medium
2024-01-15,F9,BOS,MIA,16,0,0,0.222,Medium
2024-01-10,F9,LAX,SFO,16,1,1,0.3064,High
2024-01-16,AS,MIA,PHX,14,0,0,0.1479,Low
2024-01-12,DL,SEA,LAX,7,0,0,0.1107,Low
2024-01-15,F9,LAS,ATL,21,1,1,0.3484,High
2024-01-14,F9,DFW,CLT,17,0,1,0.3097,High
2024-01-13,AA,SEA,BOS,19,0,1,0.3705,High
2024-01-14,AA,DFW,LAX,19,0,1,0.3939,High
2024-01-15,DL,BOS,SEA,17,0,1,0.2881,Medium
2024-01-16,DL,ATL,BOS,8,0,0,0.0717,Low
2024-01-15,WN,LAX,CLT,14,0,0,0.205,Medium
2024-01-10,F9,SFO,ATL,15,1,1,0.3144,High
2024-01-15,B6,ORD,LAX,15,0,1,0.3421,High
2024-01-15,B6,ATL,LAS,19,0,1,0.3044,High
2024-01-16,UA,LAS,BOS,19,0,1,0.2941,Medium
2024-01-14,DL,ATL,DFW,14,0,1,0.2541,Medium
2024-01-11,DL,DFW,LAX,12,1,0,0.1599,Medium
2024-01-13,AA,MCO,SFO,14,0,0,0.1962,Medium
2024-01-15,F9,BOS,JFK,9,0,0,0.1541,Medium
2024-01-13,B6,MIA,DFW,8,0,0,0.1749,Medium
2024-01-15,AA,MIA,JFK,16,0,1,0.2748,Medium
2024-01-15,WN,JFK,DEN,12,0,0,0.1486,Low
2024-01-10,UA,LAX,CLT,21,0,1,0.2938,Medium
2024-01-14,WN,SEA,MCO,13,0,0,0.2372,Medium
2024-01-12,AS,LAS,ORD,8,0,0,0.1923,Medium
2024-01-15,B6,SFO,DEN,19,1,1,0.3175,High
2024-01-10,NK,MIA,SFO,8,0,0,0.1333,Low
2024-01-14,WN,ATL,PHX,15,0,0,0.1771,Medium
2024-01-11,WN,LAX,BOS,9,0,0,0.1552,Medium
2024-01-10,WN,ATL,JFK,14,0,0,0.2222,Medium
2024-01-14,UA,SFO,BOS,11,0,0,0.2182,Medium
2024-01-15,NK,LAS,SEA,11,1,0,0.2329,Medium
2024-01-13,AS,ATL,MCO,17,0,0,0.1801,Medium
2024-01-10,UA,MIA,MCO,15,0,0,0.233,Medium
2024-01-12,B6,DEN,MCO,21,1,1,0.4134,High
2024-01-10,NK,ATL,CLT,7,0,0,0.1261,Low
2024-01-10,AA,PHX,MCO,17,0,1,0.3137,High
2024-01-16,WN,PHX,SEA,7,1,0,0.1318,Low
2024-01-15,AA,MIA,CLT,15,0,1,0.2668,Medium
2024-01-14,F9,SFO,LAS,6,0,0,0.2084,Medium
2024-01-16,UA,CLT,PHX,6,0,0,0.1261,Low
2024-01-14,AS,PHX,CLT,11,0,0,0.1917,Medium
2024-01-16,NK,DEN,CLT,14,1,0,0.155,Medium
2024-01-11,B6,LAS,SEA,6,0,0,0.1299,Low
2024-01-11,WN,BOS,MCO,9,1,0,0.2118,Medium
2024-01-11,AA,MCO,JFK,22,1,1,0.4182,High
2024-01-12,NK,LAS,ORD,20,0,1,0.3337,High
2024-01-11,AA,LAX,SEA,10,0,1,0.2697,Medium
2024-01-15,NK,DFW,LAS,11,0,0,0.1974,Medium
2024-01-12,DL,ATL,LAX,18,0,1,0.2637,Medium
2024-01-15,NK,CLT,SEA,9,0,0,0.2153,Medium
2024-01-14,AA,DEN,ORD,13,1,1,0.3168,High
2024-01-12,AS,LAX,LAS,6,0,0,0.0876,Low
2024-01-10,DL,JFK,BOS,10,1,0,0.2009,Medium
2024-01-14,AS,JFK,LAX,11,0,0,0.2394,Medium
2024-01-12,UA,LAS,JFK,22,1,1,0.3606,High
2024-01-15,F9,CLT,PHX,17,0,1,0.2872,Medium
2024-01-13,AA,ORD,BOS,9,0,0,0.2364,Medium
2024-01-13,NK,PHX,LAS,8,1,0,0.2034,Medium
2024-01-11,UA,JFK,LAX,6,1,0,0.1408,Low
2024-01-12,DL,PHX,LAX,13,0,0,0.1847,Medium
2024-01-11,DL,MIA,SEA,11,1,0,0.1166,Low
2024-01-14,F9,SFO,LAX,16,0,1,0.3882,High
2024-01-13,AA,LAX,MIA,21,0,1,0.2804,Medium
2024-01-14,NK,MIA,BOS,18,1,1,0.3246,High
2024-01-16,UA,MCO,MIA,21,1,1,0.2775,Medium
2024-01-13,DL,DEN,PHX,19,0,1,0.3429,High
2024-01-13,B6,JFK,SFO,21,0,1,0.3129,High
2024-01-10,NK,DFW,SEA,11,0,0,0.2117,Medium
2024-01-13,AA,PHX,SEA,8,0,0,0.249,Medium
2024-01-14,NK,DFW,BOS,12,1,0,0.1974,Medium
2024-01-16,AS,PHX,LAX,7,0,0,0.1952,Medium
2024-01-11,AS,ATL,PHX,17,0,0,0.2377,Medium
2024-01-12,UA,ATL,MCO,16,1,1,0.2575,Medium
2024-01-10,B6,DFW,BOS,7,0,1,0.2554,Medium
2024-01-15,AS,MIA,SFO,18,1,1,0.3095,High
2024-01-10,WN,DEN,ATL,19,0,1,0.2652,Medium
2024-01-11,AS,BOS,SEA,13,1,0,0.2473,Medium
2024-01-13,AA,JFK,MIA,21,0,1,0.4208,High
2024-01-11,B6,SFO,JFK,21,0,1,0.3965,High
2024-01-10,WN,DEN,LAS,16,0,1,0.2678,Medium
2024-01-16,NK,DFW,CLT,9,0,0,0.1924,Medium
2024-01-16,AS,LAX,MCO,9,1,0,0.1675,Medium
2024-01-13,AS,BOS,CLT,20,0,1,0.275,Medium
2024-01-15,F9,ATL,PHX,6,0,0,0.222,Medium
2024-01-11,UA,MCO,PHX,7,0,0,0.198,Medium
2024-01-12,AS,PHX,MIA,9,0,0,0.2182,Medium
2024-01-16,UA,DEN,MIA,20,0,1,0.2562,Medium
2024-01-15,AS,LAX,MIA,10,1,0,0.1396,Low
2024-01-15,AA,LAS,ORD,21,0,1,0.3687,High
2024-01-12,B6,MIA,LAX,16,1,1,0.2915,Medium
2024-01-16,NK,JFK,MCO,14,0,0,0.241,Medium
2024-01-14,NK,LAX,ORD,15,0,1,0.2671,Medium
2024-01-14,WN,LAX,CLT,16,0,0,0.2433,Medium
2024-01-14,F9,SEA,DFW,10,0,0,0.2317,Medium
2024-01-15,AS,MCO,ORD,19,0,0,0.2349,Medium
2024-01-16,AA,ORD,MIA,16,1,1,0.3264,High
2024-01-11,NK,LAS,DFW,20,0,1,0.2619,Medium
2024-01-10,AS,ATL,JFK,22,0,1,0.3506,High
2024-01-16,B6,ATL,ORD,7,0,0,0.1294,Low
2024-01-11,WN,LAS,MIA,15,0,0,0.2421,Medium
2024-01-12,F9,JFK,LAS,9,0,0,0.1728,Medium
2024-01-10,B6,LAS,DEN,10,0,1,0.2756,Medium
2024-01-16,UA,ORD,CLT,13,1,0,0.2493,Medium
2024-01-13,F9,SEA,ORD,12,0,0,0.1782,Medium
2024-01-10,B6,DFW,MIA,6,0,0,0.2012,Medium
2024-01-11,AA,CLT,SFO,7,0,0,0.2279,Medium
2024-01-11,NK,CLT,ATL,7,0,0,0.0914,Low
2024-01-15,F9,JFK,ORD,17,1,1,0.3495,High
2024-01-13,WN,LAS,PHX,10,0,0,0.1965,Medium
2024-01-13,AA,SEA,CLT,6,0,0,0.1301,Low
2024-01-11,F9,LAS,DFW,9,0,0,0.2249,Medium
2024-01-15,NK,PHX,ATL,20,1,1,0.2504,Medium
2024-01-13,UA,SEA,DEN,21,0,1,0.3318,High
2024-01-14,NK,MCO,CLT,7,0,0,0.1117,Low
2024-01-14,UA,SFO,LAX,22,0,1,0.4413,High
2024-01-10,AA,PHX,SFO,9,0,0,0.1912,Medium
2024-01-14,AA,MCO,DEN,13,0,0,0.2342,Medium
2024-01-15,F9,SFO,LAX,14,0,1,0.3182,High
2024-01-11,WN,SEA,LAX,10,1,0,0.2123,Medium
2024-01-13,WN,ORD,CLT,10,0,0,0.2394,Medium
2024-01-11,AS,PHX,BOS,11,0,0,0.1051,Low
2024-01-15,F9,DEN,BOS,22,0,1,0.4296,High
2024-01-11,F9,LAS,SFO,14,0,0,0.2008,Medium
2024-01-14,UA,DEN,LAS,16,1,1,0.2574,Medium
2024-01-13,WN,SEA,ORD,19,0,1,0.2505,Medium
2024-01-12,B6,DEN,ORD,13,0,1,0.2708,Medium
2024-01-12,AA,DEN,ATL,20,1,1,0.2997,Medium
2024-01-13,DL,DEN,MIA,14,0,0,0.245,Medium
2024-01-12,B6,MIA,BOS,12,1,1,0.2842,Medium
2024-01-13,NK,SEA,ORD,16,0,0,0.1955,Medium
2024-01-13,B6,ATL,JFK,13,0,0,0.2486,Medium
2024-01-11,F9,BOS,MIA,12,1,1,0.3117,High
2024-01-11,DL,DEN,ATL,16,0,0,0.1854,Medium
2024-01-16,AS,SEA,JFK,20,0,0,0.2423,Medium
2024-01-11,F9,JFK,ATL,6,1,0,0.1302,Low
2024-01-14,AA,BOS,JFK,9,1,0,0.1695,Medium
2024-01-14,AA,LAS,JFK,19,0,1,0.2708,Medium
2024-01-14,DL,PHX,LAS,7,0,0,0.2059,Medium
2024-01-16,NK,JFK,MCO,10,1,0,0.152,Medium
2024-01-10,B6,SEA,DFW,18,0,0,0.2414,Medium
2024-01-10,AS,ATL,DEN,20,0,1,0.3491,High
2024-01-13,B6,JFK,SEA,14,1,1,0.3054,High
2024-01-11,F9,ATL,MCO,17,0,1,0.2808,Medium
2024-01-13,F9,PHX,JFK,16,0,1,0.2902,Medium
2024-01-14,AA,LAX,MIA,16,0,1,0.285,Medium
2024-01-14,DL,LAX,DEN,9,0,0,0.2242,Medium
2024-01-11,NK,SEA,ATL,13,0,0,0.1736,Medium
2024-01-13,WN,PHX,BOS,22,0,1,0.3551,High
2024-01-10,F9,MIA,JFK,8,0,0,0.174,Medium
2024-01-16,NK,PHX,DFW,13,0,0,0.2285,Medium
2024-01-11,WN,DFW,ORD,18,0,1,0.3133,High
2024-01-16,WN,DFW,JFK,7,0,0,0.106,Low
2024-01-14,NK,LAS,SFO,21,1,0,0.2444,Medium
2024-01-11,UA,DEN,JFK,16,1,1,0.2669,Medium
2024-01-10,AS,LAS,JFK,16,0,1,0.2507,Medium
2024-01-16,B6,SEA,ATL,22,1,1,0.3907,High
2024-01-12,WN,JFK,DFW,10,0,0,0.2327,Medium
2024-01-15,B6,SEA,MCO,22,0,1,0.302,High
2024-01-10,DL,ORD,SFO,21,1,1,0.4042,High
2024-01-16,WN,MIA,ATL,17,0,0,0.2185,Medium
2024-01-11,F9,SFO,ORD,19,1,1,0.4464,High
2024-01-16,B6,DFW,LAS,8,1,0,0.2322,Medium
2024-01-13,AA,LAS,DEN,21,0,1,0.3685,High
2024-01-10,NK,ORD,LAX,16,1,0,0.2403,Medium
2024-01-14,UA,JFK,MCO,17,0,1,0.2544,Medium
2024-01-13,AA,SFO,ORD,9,1,1,0.2807,Medium
2024-01-14,NK,SEA,MIA,6,0,0,0.0715,Low
2024-01-12,NK,PHX,MIA,17,0,0,0.1777,Medium
2024-01-11,DL,JFK,ORD,19,0,1,0.2536,Medium
2024-01-11,UA,DEN,SFO,10,0,0,0.1884,Medium
2024-01-10,B6,ORD,BOS,6,0,0,0.1941,Medium
2024-01-10,AS,DFW,MCO,21,1,1,0.3028,High
2024-01-13,DL,CLT,JFK,14,0,0,0.1912,Medium
2024-01-15,WN,JFK,DEN,10,0,0,0.202,Medium
2024-01-13,DL,ATL,CLT,15,0,0,0.2346,Medium
2024-01-12,AS,LAX,MCO,18,1,1,0.3003,High
2024-01-14,AS,MCO,PHX,20,0,0,0.2458,Medium
2024-01-10,B6,SFO,MIA,11,1,1,0.2928,Medium
2024-01-10,DL,DFW,MIA,15,0,0,0.1698,Medium
2024-01-13,AA,MIA,DEN,22,1,1,0.4111,High
2024-01-13,AS,DEN,MIA,16,0,0,0.2084,Medium
2024-01-14,WN,SEA,DEN,14,0,0,0.2268,Medium
2024-01-14,NK,LAX,ATL,6,0,0,0.0771,Low
2024-01-13,NK,CLT,ORD,16,1,1,0.2597,Medium
2024-01-14,NK,SFO,PHX,12,0,1,0.2629,Medium
2024-01-15,AA,LAS,BOS,9,0,1,0.2629,Medium
2024-01-14,NK,DEN,JFK,15,0,0,0.1717,Medium
2024-01-11,AS,ORD,LAS,16,0,0,0.2279,Medium
2024-01-16,B6,SEA,LAS,17,1,1,0.2625,Medium
2024-01-14,AA,SEA,LAX,22,0,1,0.3912,High
2024-01-14,AA,SEA,CLT,11,0,1,0.2676,Medium
2024-01-10,WN,ORD,LAX,14,0,0,0.2132,Medium
2024-01-10,UA,PHX,MIA,15,0,1,0.2719,Medium
2024-01-14,WN,MIA,SEA,16,1,0,0.2281,Medium
2024-01-15,NK,PHX,SEA,13,0,0,0.1625,Medium
2024-01-14,B6,ORD,ATL,10,0,0,0.209,Medium
2024-01-10,UA,PHX,ORD,8,0,0,0.1628,Medium
2024-01-14,AS,DFW,SFO,21,1,1,0.35,High
2024-01-14,NK,ATL,BOS,11,0,0,0.2258,Medium
2024-01-14,UA,SEA,LAX,20,0,1,0.328,High
2024-01-15,NK,SEA,ATL,18,0,1,0.3351,High
2024-01-10,NK,DEN,SFO,19,1,1,0.2716,Medium
2024-01-11,B6,LAX,SEA,12,0,1,0.2503,Medium
2024-01-15,F9,MCO,LAS,9,0,0,0.2309,Medium
2024-01-10,UA,LAX,DFW,20,0,0,0.225,Medium
2024-01-16,NK,ORD,PHX,14,0,1,0.303,High
2024-01-15,DL,SEA,DFW,9,0,0,0.1593,Medium
2024-01-13,B6,SFO,ORD,16,0,1,0.4098,High
2024-01-16,UA,SEA,DFW,9,0,0,0.2211,Medium
2024-01-12,DL,LAS,DEN,7,0,0,0.0968,Low
2024-01-16,WN,SEA,JFK,9,1,0,0.2191,Medium
2024-01-12,WN,PHX,SFO,20,0,1,0.2722,Medium
2024-01-13,NK,BOS,SFO,6,0,0,0.0545,Low
2024-01-15,AS,SEA,DFW,18,0,0,0.2431,Medium
2024-01-10,B6,LAS,LAX,10,0,1,0.288,Medium
2024-01-11,F9,ORD,DEN,22,0,1,0.4535,High
2024-01-16,B6,CLT,DEN,15,0,1,0.3049,High
2024-01-12,UA,PHX,JFK,9,1,0,0.2032,Medium
2024-01-15,F9,MIA,SFO,15,0,1,0.3015,High
2024-01-15,F9,DEN,MCO,13,0,0,0.2315,Medium
2024-01-16,WN,JFK,LAX,12,0,0,0.1748,Medium
2024-01-10,AS,LAS,ORD,17,0,1,0.2741,Medium
2024-01-12,AA,JFK,ORD,12,0,0,0.2295,Medium
2024-01-12,F9,DEN,JFK,8,0,0,0.1391,Low
2024-01-13,NK,LAX,DFW,13,0,0,0.1988,Medium
2024-01-16,F9,CLT,SFO,10,0,1,0.254,Medium
2024-01-15,DL,PHX,JFK,18,0,1,0.264,Medium
2024-01-12,B6,ATL,LAS,22,1,1,0.4278,High
2024-01-10,AS,DFW,ATL,18,1,0,0.241,Medium
2024-01-10,AA,DFW,ORD,9,1,0,0.2068,Medium
2024-01-10,DL,MIA,ORD,17,0,1,0.2796,Medium
2024-01-14,B6,JFK,SFO,16,1,1,0.3247,High
2024-01-11,NK,DEN,SEA,14,0,0,0.2493,Medium
2024-01-12,B6,ORD,SEA,12,0,0,0.2322,Medium
2024-01-11,B6,CLT,SEA,22,1,1,0.4038,High
2024-01-12,B6,CLT,ATL,10,0,0,0.2171,Medium
2024-01-10,UA,MIA,LAX,16,0,0,0.1778,Medium
2024-01-11,F9,BOS,MIA,12,0,1,0.2845,Medium
2024-01-13,AS,ATL,BOS,21,1,1,0.309,High
2024-01-11,F9,MCO,LAS,21,1,1,0.4176,High
2024-01-14,DL,ATL,DEN,9,0,0,0.1246,Low
2024-01-12,NK,LAS,CLT,21,1,1,0.3084,High
2024-01-15,DL,DEN,SFO,17,1,0,0.1835,Medium
2024-01-16,B6,MCO,CLT,7,0,0,0.1115,Low
2024-01-13,AS,ORD,PHX,22,0,1,0.3538,High
2024-01-12,B6,JFK,MCO,12,0,0,0.1743,Medium
2024-01-13,AS,LAX,BOS,13,1,0,0.1432,Low
2024-01-12,B6,SFO,DFW,10,1,1,0.2711,Medium
2024-01-14,AS,SEA,JFK,10,0,0,0.1906,Medium
2024-01-10,NK,PHX,ORD,17,0,0,0.2466,Medium
2024-01-12,NK,DFW,LAS,21,0,1,0.2969,Medium
2024-01-13,DL,BOS,LAS,18,1,0,0.1947,Medium
2024-01-14,AS,MIA,PHX,9,0,0,0.1896,Medium
2024-01-13,B6,LAX,DEN,11,0,0,0.2136,Medium
2024-01-11,NK,ATL,DEN,16,1,1,0.2809,Medium
2024-01-14,AA,ATL,SEA,19,1,1,0.3654,High
2024-01-12,WN,DFW,LAS,21,1,0,0.2266,Medium
2024-01-11,DL,ATL,SEA,18,0,1,0.3005,High
2024-01-12,DL,MCO,SEA,7,0,0,0.2051,Medium
2024-01-12,UA,SEA,LAX,10,1,0,0.2331,Medium
2024-01-14,WN,DFW,DEN,22,1,1,0.3492,High
2024-01-10,NK,SFO,DEN,12,0,1,0.3023,High
2024-01-14,AA,PHX,JFK,9,0,0,0.1771,Medium
2024-01-14,AA,BOS,MIA,21,1,1,0.4245,High
2024-01-15,NK,MCO,LAX,6,0,0,0.1379,Low
2024-01-16,AA,MIA,LAS,20,0,1,0.2929,Medium
2024-01-10,DL,BOS,ORD,10,0,0,0.2146,Medium
2024-01-14,DL,ATL,BOS,19,0,1,0.3217,High
2024-01-12,AS,ORD,CLT,7,0,0,0.1268,Low
2024-01-14,NK,DFW,CLT,12,1,1,0.2535,Medium
2024-01-15,AA,JFK,DFW,7,0,0,0.1705,Medium
2024-01-16,F9,MCO,BOS,9,1,0,0.2365,Medium
2024-01-14,WN,DEN,ATL,19,0,1,0.3256,High
2024-01-12,B6,ORD,CLT,8,0,0,0.241,Medium
2024-01-12,WN,DFW,PHX,21,0,1,0.258,Medium
2024-01-10,DL,DFW,BOS,12,0,0,0.1662,Medium
2024-01-15,B6,ORD,PHX,12,1,1,0.35,High
2024-01-12,F9,MCO,SEA,7,0,0,0.192,Medium
2024-01-13,NK,SEA,LAS,6,0,0,0.049,Low
2024-01-14,UA,MIA,ATL,14,0,0,0.1918,Medium
2024-01-11,AA,SEA,SFO,14,0,0,0.2052,Medium
2024-01-10,F9,LAS,MIA,16,0,1,0.2861,Medium
2024-01-13,AS,DEN,CLT,17,0,0,0.2374,Medium
2024-01-12,NK,BOS,DEN,11,1,0,0.2426,Medium
2024-01-11,WN,MCO,PHX,14,0,0,0.2169,Medium
2024-01-16,AA,LAX,MCO,14,0,1,0.3086,High
2024-01-16,B6,ORD,DEN,15,1,1,0.3566,High
2024-01-14,WN,SFO,CLT,21,0,1,0.4226,High
2024-01-11,F9,JFK,ORD,9,0,0,0.2022,Medium
2024-01-13,UA,PHX,LAX,22,0,1,0.3418,High
2024-01-14,DL,ATL,ORD,16,0,0,0.182,Medium
2024-01-11,WN,LAS,MIA,10,0,0,0.1036,Low
2024-01-10,AA,JFK,SEA,16,0,1,0.2706,Medium
2024-01-11,AA,DEN,DFW,11,0,1,0.2612,Medium
2024-01-11,UA,DFW,MCO,21,0,1,0.302,High
2024-01-10,DL,BOS,DFW,19,0,1,0.2635,Medium
2024-01-12,AA,SFO,PHX,12,0,0,0.2422,Medium
2024-01-11,NK,SEA,DEN,11,0,0,0.2395,Medium
2024-01-11,NK,PHX,DFW,12,0,0,0.1264,Low
2024-01-11,AS,ORD,DEN,15,0,1,0.3288,High
2024-01-16,WN,ATL,MIA,22,0,1,0.3415,High
2024-01-16,F9,DEN,PHX,16,0,1,0.353,High
2024-01-13,AS,ORD,MCO,16,0,1,0.2807,Medium
2024-01-12,NK,JFK,DEN,12,1,1,0.2653,Medium
2024-01-13,UA,SEA,CLT,11,0,0,0.1827,Medium
2024-01-13,UA,MCO,DEN,9,0,0,0.1949,Medium
2024-01-16,WN,DEN,CLT,8,0,0,0.0696,Low
2024-01-16,F9,MIA,LAS,12,0,1,0.3161,High
2024-01-14,DL,DEN,MCO,18,0,1,0.2735,Medium
2024-01-14,F9,JFK,ATL,12,1,1,0.2672,Medium
2024-01-12,B6,ATL,DEN,16,0,1,0.3187,High
2024-01-12,B6,MCO,ORD,22,0,1,0.3598,High
2024-01-12,AS,PHX,LAS,14,0,1,0.2561,Medium
2024-01-10,DL,MIA,SFO,9,0,0,0.1952,Medium
2024-01-14,UA,SEA,MIA,11,0,0,0.2108,Medium
2024-01-12,B6,SEA,CLT,11,0,0,0.179,Medium
2024-01-14,NK,DEN,MIA,7,0,0,0.1992,Medium
2024-01-11,DL,DFW,PHX,21,0,1,0.2555,Medium
2024-01-12,WN,PHX,DEN,21,0,0,0.2377,Medium
2024-01-11,AA,SFO,BOS,19,0,1,0.3141,High
2024-01-11,WN,LAX,ATL,16,0,0,0.2341,Medium
2024-01-12,WN,MIA,LAX,19,0,0,0.2032,Medium
2024-01-11,DL,PHX,SFO,14,0,0,0.1779,Medium
2024-01-10,B6,DEN,LAX,17,0,1,0.2805,Medium
2024-01-16,AA,DFW,PHX,11,0,1,0.2965,Medium
2024-01-11,AS,DFW,MIA,19,1,1,0.3475,High
2024-01-11,UA,LAX,JFK,10,0,0,0.1026,Low
2024-01-14,DL,ATL,MIA,6,0,0,0.0614,Low
2024-01-15,NK,SEA,CLT,8,0,0,0.1767,Medium
2024-01-14,NK,PHX,BOS,14,0,0,0.2049,Medium
2024-01-11,DL,MIA,SFO,22,0,0,0.2407,Medium
2024-01-10,UA,JFK,DEN,10,0,0,0.2135,Medium
2024-01-16,AA,ORD,ATL,20,1,1,0.4701,High
2024-01-15,NK,LAS,MCO,10,0,0,0.1835,Medium
2024-01-13,DL,DEN,MIA,16,0,1,0.3051,High
2024-01-10,B6,DFW,LAX,7,0,0,0.1595,Medium
2024-01-14,B6,SFO,PHX,21,0,1,0.3581,High
2024-01-15,AS,SFO,BOS,13,0,1,0.269,Medium
2024-01-12,NK,PHX,BOS,13,0,1,0.2745,Medium
2024-01-10,AS,MCO,BOS,20,0,1,0.3493,High
2024-01-13,NK,ORD,MIA,16,1,1,0.3361,High
2024-01-11,WN,MIA,DFW,13,0,0,0.2243,Medium
2024-01-13,F9,LAX,ORD,12,0,0,0.1678,Medium
2024-01-14,WN,DEN,BOS,12,0,0,0.1318,Low
2024-01-16,NK,ORD,JFK,10,0,0,0.1596,Medium
2024-01-16,DL,PHX,CLT,19,1,0,0.2276,Medium
2024-01-12,AA,DEN,LAS,11,0,1,0.2932,Medium
2024-01-14,WN,SFO,PHX,7,0,0,0.2385,Medium
2024-01-15,AA,ATL,MCO,17,0,1,0.2783,Medium
2024-01-13,UA,ORD,MCO,12,0,1,0.2696,Medium
2024-01-11,WN,MCO,CLT,15,0,0,0.2066,Medium
2024-01-16,AS,JFK,ORD,6,0,0,0.0743,Low
2024-01-15,B6,DFW,LAS,14,0,1,0.2591,Medium
2024-01-15,B6,ORD,SEA,19,0,1,0.4097,High
2024-01-10,NK,MIA,SEA,21,1,1,0.3729,High
2024-01-10,NK,LAX,SEA,13,0,0,0.1434,Low
2024-01-12,DL,SFO,MCO,8,0,0,0.181,Medium
2024-01-15,NK,MCO,PHX,8,0,0,0.1161,Low
2024-01-15,WN,DFW,MIA,17,0,1,0.2933,Medium
2024-01-16,UA,MCO,LAX,9,0,0,0.0863,Low
2024-01-15,UA,DEN,JFK,12,0,0,0.2009,Medium
2024-01-12,AS,PHX,BOS,11,0,0,0.2166,Medium
2024-01-16,AA,BOS,MIA,17,1,1,0.3641,High
2024-01-12,NK,CLT,MIA,11,0,0,0.2407,Medium
2024-01-16,NK,SEA,LAS,11,1,0,0.1267,Low
2024-01-14,DL,CLT,MIA,22,0,1,0.3064,High
2024-01-12,AA,DEN,JFK,15,1,0,0.2056,Medium
2024-01-16,UA,SEA,LAX,12,0,0,0.1637,Medium
2024-01-14,UA,JFK,BOS,22,0,1,0.3044,High
2024-01-12,AS,LAS,MCO,11,0,0,0.1518,Medium
2024-01-15,F9,PHX,LAS,19,1,1,0.346,High
2024-01-15,UA,DFW,SFO,18,1,1,0.3195,High
2024-01-12,DL,MIA,BOS,7,0,0,0.1522,Medium
2024-01-15,AA,LAS,JFK,21,0,1,0.2829,Medium
2024-01-12,WN,ATL,BOS,11,0,0,0.1265,Low
2024-01-14,DL,MCO,BOS,8,0,0,0.2017,Medium
2024-01-15,UA,SEA,MIA,22,0,1,0.2679,Medium
2024-01-15,NK,BOS,ATL,9,0,0,0.1204,Low
2024-01-15,F9,CLT,BOS,10,0,0,0.1958,Medium
2024-01-15,AA,MIA,DEN,18,0,1,0.3521,High
2024-01-10,DL,JFK,LAS,18,1,1,0.2851,Medium
2024-01-15,WN,ATL,LAS,20,0,0,0.2198,Medium
2024-01-14,B6,SFO,LAX,20,0,1,0.3567,High
2024-01-11,NK,LAS,PHX,15,0,1,0.2939,Medium
2024-01-11,NK,DEN,ATL,13,0,0,0.2099,Medium
2024-01-14,AS,ATL,SFO,16,1,0,0.1902,Medium
2024-01-13,B6,MIA,SFO,11,0,0,0.215,Medium
2024-01-13,UA,ATL,CLT,14,0,1,0.2878,Medium
2024-01-12,AA,LAX,ATL,17,0,0,0.2451,Medium
2024-01-14,F9,BOS,DEN,14,0,1,0.3119,High
2024-01-16,DL,MCO,ATL,6,0,0,0.1573,Medium
2024-01-12,DL,DEN,ATL,15,0,0,0.2456,Medium
2024-01-13,AA,DEN,PHX,15,0,1,0.3393,High
2024-01-13,DL,ATL,PHX,6,0,0,0.1284,Low
2024-01-14,AA,JFK,CLT,16,0,1,0.2767,Medium
2024-01-10,AS,MCO,SFO,9,1,0,0.1116,Low
2024-01-16,AS,LAS,ORD,14,1,0,0.2454,Medium
2024-01-15,UA,SFO,LAS,21,0,1,0.3575,High
2024-01-16,UA,DFW,JFK,9,0,0,0.2093,Medium
2024-01-10,UA,DEN,LAS,9,0,0,0.1287,Low
2024-01-13,NK,SFO,DFW,17,0,1,0.2899,Medium
2024-01-13,UA,MIA,SEA,20,0,1,0.3038,High
2024-01-15,B6,CLT,BOS,21,1,1,0.2863,Medium
2024-01-12,DL,SFO,JFK,11,0,0,0.216,Medium
2024-01-11,B6,ATL,DFW,12,0,1,0.2792,Medium
2024-01-13,AA,MCO,ORD,8,0,0,0.2245,Medium
2024-01-10,B6,SFO,DFW,10,1,1,0.3379,High
2024-01-15,B6,ATL,DEN,8,0,0,0.2051,Medium
2024-01-12,UA,JFK,LAS,10,0,0,0.1988,Medium
2024-01-11,WN,PHX,DEN,12,0,0,0.2014,Medium
2024-01-13,NK,DEN,MCO,9,0,0,0.1814,Medium
2024-01-14,AA,SFO,LAS,22,1,1,0.3498,High
2024-01-12,UA,PHX,JFK,11,1,0,0.2307,Medium
2024-01-15,DL,DEN,JFK,9,0,0,0.2086,Medium
2024-01-13,F9,ATL,DFW,18,0,1,0.311,High
2024-01-15,F9,PHX,LAS,16,0,1,0.2534,Medium
2024-01-13,NK,BOS,MCO,9,0,0,0.133,Low
2024-01-10,WN,SEA,PHX,17,0,1,0.2789,Medium
2024-01-13,NK,MCO,MIA,20,0,1,0.3192,High
2024-01-13,UA,BOS,ATL,15,0,0,0.1927,Medium
2024-01-12,F9,JFK,MIA,15,0,1,0.2849,Medium
2024-01-12,AS,SFO,LAS,14,0,1,0.3343,High
2024-01-13,AS,DEN,LAX,19,0,0,0.2407,Medium
2024-01-10,UA,ORD,MIA,15,0,1,0.307,High
2024-01-13,AA,DEN,BOS,7,0,0,0.2456,Medium
2024-01-13,B6,ORD,LAX,8,1,0,0.2231,Medium
2024-01-11,DL,CLT,DFW,19,1,1,0.2892,Medium
2024-01-14,UA,LAX,MIA,6,0,0,0.0828,Low
2024-01-14,NK,LAS,JFK,21,0,1,0.2877,Medium
2024-01-14,AA,DFW,DEN,22,0,1,0.3748,High
2024-01-11,DL,LAS,BOS,22,0,1,0.2788,Medium
2024-01-10,WN,DEN,MIA,6,0,0,0.1618,Medium
2024-01-15,DL,LAS,LAX,17,0,0,0.2446,Medium
2024-01-14,DL,JFK,ORD,20,0,0,0.2356,Medium
2024-01-10,WN,PHX,CLT,6,0,0,0.0712,Low
2024-01-10,DL,JFK,LAS,13,0,0,0.2214,Medium
2024-01-14,UA,PHX,MCO,22,0,1,0.3675,High
2024-01-12,UA,DFW,LAX,8,1,0,0.1456,Low
2024-01-16,WN,LAX,DFW,6,0,0,0.1838,Medium
2024-01-16,AA,MCO,SEA,18,0,0,0.2497,Medium
2024-01-10,AS,LAS,ORD,10,0,0,0.18,Medium
2024-01-12,DL,ORD,BOS,9,0,0,0.1634,Medium
2024-01-13,NK,JFK,PHX,6,0,0,0.0747,Low
2024-01-16,NK,LAX,MCO,14,0,0,0.1643,Medium
2024-01-15,AA,SFO,ORD,19,1,1,0.3806,High
2024-01-14,DL,LAS,ATL,13,1,0,0.1595,Medium
2024-01-16,F9,MCO,CLT,19,1,1,0.3816,High
2024-01-11,B6,MCO,BOS,20,1,1,0.3027,High
2024-01-15,NK,MCO,CLT,13,0,0,0.1759,Medium
2024-01-11,AS,SEA,DEN,17,0,0,0.2214,Medium
2024-01-15,AA,BOS,MCO,22,1,1,0.3615,High
2024-01-16,B6,CLT,BOS,10,0,0,0.1608,Medium
2024-01-13,NK,SFO,LAS,9,0,0,0.1671,Medium
2024-01-12,WN,SFO,JFK,21,0,1,0.3796,High
2024-01-11,AA,DEN,LAX,15,0,1,0.2547,Medium
2024-01-13,F9,LAX,PHX,19,0,1,0.2567,Medium
2024-01-12,NK,LAX,ORD,19,0,1,0.3115,High
2024-01-10,WN,SFO,LAX,9,0,0,0.2066,Medium
2024-01-11,B6,LAX,PHX,13,0,1,0.2735,Medium
2024-01-12,B6,BOS,MIA,9,0,1,0.2758,Medium
2024-01-12,AA,SFO,LAX,19,0,1,0.4516,High
2024-01-12,F9,BOS,CLT,21,1,1,0.3305,High
2024-01-16,B6,SFO,LAX,6,0,1,0.277,Medium
2024-01-13,NK,PHX,MCO,11,0,1,0.2507,Medium
2024-01-13,WN,DEN,MCO,19,0,0,0.2089,Medium
2024-01-12,AA,LAS,SFO,14,0,0,0.2022,Medium
2024-01-14,WN,JFK,SEA,10,0,0,0.1365,Low
2024-01-10,UA,BOS,ATL,8,0,0,0.0778,Low
2024-01-11,B6,SEA,SFO,22,0,1,0.319,High
2024-01-13,UA,ATL,ORD,11,0,0,0.1742,Medium
2024-01-13,WN,BOS,SEA,18,0,1,0.3224,High
2024-01-12,NK,LAX,BOS,22,1,1,0.3097,High
2024-01-15,UA,MCO,LAS,18,0,0,0.206,Medium
2024-01-13,AA,SEA,PHX,6,0,0,0.1333,Low
2024-01-15,UA,LAS,CLT,20,0,1,0.2812,Medium
2024-01-16,AS,DEN,ORD,7,0,0,0.1943,Medium
2024-01-12,UA,ATL,DFW,10,0,0,0.1699,Medium
2024-01-13,UA,MIA,SFO,6,0,0,0.045,Low
2024-01-16,F9,CLT,SEA,9,0,0,0.1358,Low
2024-01-10,NK,ORD,JFK,12,0,1,0.2915,Medium
2024-01-11,NK,MCO,ORD,20,0,0,0.2224,Medium
2024-01-11,AS,BOS,LAS,16,0,1,0.3069,High
2024-01-14,AA,DEN,CLT,12,0,1,0.2792,Medium
2024-01-12,B6,BOS,MCO,9,1,0,0.1958,Medium
2024-01-12,F9,MIA,ATL,11,1,0,0.2298,Medium
2024-01-11,DL,LAS,MIA,10,0,0,0.1173,Low
2024-01-14,AA,LAS,SEA,18,0,1,0.3549,High
2024-01-14,WN,PHX,BOS,14,0,0,0.1548,Medium
2024-01-11,WN,SFO,CLT,15,1,1,0.2668,Medium
2024-01-16,AS,SFO,LAX,6,0,0,0.1224,Low
2024-01-15,WN,JFK,DFW,8,1,0,0.216,Medium
2024-01-13,AS,BOS,DFW,18,0,0,0.2333,Medium
2024-01-12,AS,LAS,JFK,18,0,1,0.3369,High
2024-01-13,F9,BOS,CLT,14,0,1,0.3021,High
2024-01-13,WN,MIA,BOS,12,0,0,0.2281,Medium
2024-01-16,UA,DFW,LAX,13,0,0,0.2244,Medium
2024-01-15,DL,ATL,MCO,19,0,1,0.279,Medium
2024-01-15,AA,JFK,DEN,10,0,0,0.1934,Medium
2024-01-10,B6,DEN,SEA,11,0,0,0.1832,Medium
2024-01-12,F9,BOS,DEN,15,0,1,0.257,Medium
2024-01-12,AS,PHX,DFW,11,0,0,0.2253,Medium
2024-01-15,WN,ORD,BOS,9,0,0,0.1417,Low
2024-01-11,AS,DFW,LAX,12,0,0,0.1305,Low
2024-01-15,F9,MCO,LAX,13,0,0,0.2461,Medium
2024-01-11,B6,ATL,ORD,21,0,1,0.3581,High
2024-01-10,AA,PHX,SEA,8,0,0,0.1717,Medium
2024-01-11,NK,LAX,ORD,17,0,0,0.1814,Medium
2024-01-12,UA,ORD,ATL,18,0,1,0.3294,High
2024-01-11,DL,PHX,DFW,10,0,0,0.1765,Medium
2024-01-16,WN,JFK,LAX,6,0,0,0.165,Medium
2024-01-11,DL,PHX,LAS,12,0,0,0.1999,Medium
2024-01-15,AA,ATL,MIA,13,0,0,0.1833,Medium
2024-01-10,AA,PHX,ORD,6,0,0,0.2159,Medium
2024-01-16,AA,ORD,PHX,19,1,1,0.37,High
2024-01-12,AA,JFK,MCO,9,1,0,0.2138,Medium
2024-01-10,UA,DFW,LAS,20,1,1,0.2906,Medium
2024-01-14,B6,PHX,SEA,15,1,1,0.3359,High
2024-01-11,F9,JFK,LAS,19,1,1,0.3017,High
2024-01-14,AA,MCO,ORD,14,0,0,0.245,Medium
2024-01-11,DL,ORD,SFO,8,0,1,0.2698,Medium
2024-01-13,NK,JFK,LAS,11,0,0,0.2103,Medium
2024-01-14,F9,ATL,CLT,12,0,0,0.1782,Medium
2024-01-10,B6,ATL,MIA,19,0,1,0.3835,High
2024-01-11,AS,CLT,DEN,8,0,0,0.1021,Low
2024-01-13,AS,JFK,SFO,22,0,1,0.3143,High
2024-01-10,F9,JFK,SFO,16,1,1,0.3377,High
2024-01-10,UA,DFW,LAX,10,1,0,0.1053,Low
2024-01-13,F9,MIA,DFW,6,0,0,0.1298,Low
2024-01-10,DL,SEA,ORD,14,1,1,0.2798,Medium
2024-01-12,DL,DEN,SFO,15,1,0,0.1919,Medium
2024-01-14,DL,ATL,ORD,7,0,0,0.131,Low
2024-01-12,B6,ATL,PHX,8,0,0,0.1746,Medium
2024-01-14,UA,LAX,PHX,10,1,0,0.1416,Low
2024-01-15,WN,DFW,ORD,21,0,1,0.3639,High
2024-01-10,F9,MCO,MIA,19,0,1,0.2616,Medium
2024-01-15,WN,ORD,LAS,18,0,1,0.2655,Medium
2024-01-14,UA,ATL,DFW,15,0,0,0.1936,Medium
2024-01-16,UA,SEA,ATL,21,0,1,0.3726,High
2024-01-14,F9,JFK,ORD,15,0,1,0.2674,Medium
2024-01-14,AS,ORD,DFW,11,0,1,0.3111,High
2024-01-16,F9,PHX,SEA,9,1,0,0.1782,Medium
2024-01-11,AA,CLT,DFW,17,1,0,0.2481,Medium
2024-01-14,AA,SFO,PHX,7,1,0,0.1792,Medium
2024-01-13,DL,CLT,ORD,17,1,0,0.2413,Medium
2024-01-14,DL,JFK,ATL,11,1,0,0.208,Medium
2024-01-12,AS,MIA,BOS,18,0,1,0.2598,Medium
2024-01-11,NK,PHX,DFW,6,0,0,0.048,Low
2024-01-14,WN,ORD,PHX,20,0,1,0.3247,High
2024-01-10,UA,SEA,PHX,22,0,1,0.3236,High
2024-01-15,AA,DEN,SFO,9,0,0,0.1667,Medium
2024-01-15,DL,DEN,DFW,16,0,1,0.2609,Medium
2024-01-16,UA,DEN,JFK,6,0,0,0.1106,Low
2024-01-10,WN,PHX,BOS,15,0,0,0.2402,Medium
2024-01-11,NK,MIA,PHX,22,0,1,0.2987,Medium
2024-01-13,NK,CLT,MIA,9,0,0,0.2281,Medium
2024-01-15,B6,ORD,BOS,20,1,1,0.3383,High
2024-01-10,B6,PHX,SEA,14,1,0,0.2196,Medium
2024-01-16,B6,SEA,BOS,19,0,1,0.3045,High
2024-01-14,B6,MIA,BOS,15,0,0,0.2379,Medium
2024-01-13,B6,DFW,CLT,13,0,0,0.2286,Medium
2024-01-15,AS,LAS,BOS,14,1,0,0.1785,Medium
2024-01-11,NK,DEN,SFO,9,0,0,0.1872,Medium
2024-01-11,UA,LAX,DEN,16,1,0,0.2082,Medium
2024-01-10,WN,JFK,DFW,20,0,1,0.2733,Medium
2024-01-16,AS,BOS,JFK,20,1,1,0.3325,High
2024-01-16,B6,JFK,DFW,7,0,0,0.2466,Medium
2024-01-14,WN,ORD,DFW,14,0,0,0.2177,Medium
2024-01-11,DL,SFO,CLT,6,0,0,0.1176,Low
2024-01-11,F9,DEN,MCO,20,0,1,0.3321,High
2024-01-11,AS,SFO,DEN,21,1,1,0.3554,High
2024-01-14,AA,JFK,SEA,12,0,1,0.2885,Medium
2024-01-10,NK,JFK,DFW,10,0,0,0.1334,Low
2024-01-12,DL,ORD,CLT,18,0,1,0.2999,Medium
2024-01-14,AS,MIA,ATL,13,0,0,0.1305,Low
2024-01-14,AS,LAS,MCO,16,0,0,0.1657,Medium
2024-01-10,WN,DFW,BOS,10,1,0,0.1567,Medium
2024-01-10,UA,ATL,SEA,9,0,0,0.1824,Medium
2024-01-12,UA,SEA,ORD,8,1,0,0.1565,Medium
2024-01-13,UA,ATL,PHX,19,0,1,0.34,High
2024-01-11,AA,MIA,BOS,10,0,0,0.1575,Medium
2024-01-15,NK,LAX,SFO,21,0,1,0.3169,High
2024-01-11,WN,BOS,ATL,11,0,0,0.1993,Medium
2024-01-12,WN,DEN,SEA,13,0,0,0.2053,Medium
2024-01-10,AA,CLT,SFO,14,0,1,0.3021,High
2024-01-12,B6,PHX,MCO,14,0,1,0.2784,Medium
2024-01-12,NK,ATL,LAS,14,0,0,0.1646,Medium
2024-01-13,B6,SFO,DFW,7,0,1,0.2832,Medium
2024-01-12,DL,CLT,MCO,16,0,1,0.2822,Medium
2024-01-12,F9,DEN,PHX,17,0,1,0.373,High
2024-01-15,UA,MIA,LAX,17,1,1,0.3239,High
2024-01-14,UA,SFO,JFK,14,0,0,0.2277,Medium
2024-01-11,AA,ORD,BOS,7,1,1,0.2682,Medium
2024-01-15,AA,LAS,PHX,19,1,1,0.3422,High
2024-01-15,NK,LAX,MIA,9,0,0,0.226,Medium
2024-01-11,AS,ORD,DEN,19,0,1,0.3561,High
2024-01-15,WN,SEA,LAX,16,1,0,0.2119,Medium
2024-01-16,DL,ATL,MCO,11,1,0,0.2091,Medium
2024-01-11,NK,ATL,PHX,12,0,1,0.2555,Medium
2024-01-13,UA,ATL,DFW,9,0,0,0.1911,Medium
2024-01-12,AA,ATL,DFW,6,0,0,0.1797,Medium
2024-01-14,WN,MIA,ORD,11,0,0,0.2453,Medium
2024-01-14,F9,ORD,PHX,10,0,1,0.3156,High
2024-01-16,F9,SFO,DEN,18,1,1,0.4184,High
2024-01-10,UA,MIA,DEN,15,0,0,0.1844,Medium
2024-01-11,F9,ATL,LAX,7,0,0,0.1933,Medium
2024-01-13,AS,LAX,LAS,6,0,0,0.182,Medium
2024-01-10,WN,LAS,DFW,8,0,0,0.1869,Medium
2024-01-12,NK,MCO,BOS,8,0,0,0.2125,Medium
2024-01-15,AS,ORD,DEN,21,0,1,0.4231,High
2024-01-11,AS,DEN,MCO,12,0,0,0.2335,Medium
2024-01-15,NK,DEN,SEA,9,0,0,0.1313,Low
2024-01-14,UA,DFW,JFK,8,0,0,0.1255,Low
2024-01-12,WN,PHX,ORD,15,0,1,0.2878,Medium
2024-01-11,NK,SEA,ORD,19,1,1,0.3202,High
2024-01-13,AS,MIA,JFK,15,0,0,0.2441,Medium
2024-01-11,AA,PHX,MCO,12,0,0,0.1851,Medium
2024-01-16,UA,MIA,SEA,17,1,1,0.2946,Medium
2024-01-13,WN,CLT,PHX,22,0,1,0.3061,High
2024-01-16,AA,LAX,SEA,17,0,1,0.2696,Medium
2024-01-14,UA,ORD,CLT,11,0,0,0.2197,Medium
2024-01-15,UA,LAS,SEA,10,0,0,0.2132,Medium
2024-01-11,NK,MCO,LAX,6,1,0,0.0634,Low
2024-01-11,F9,LAX,SEA,8,0,0,0.1282,Low
2024-01-10,NK,LAX,BOS,20,1,1,0.3218,High
2024-01-10,B6,BOS,DEN,13,0,1,0.31,High
2024-01-11,NK,DFW,MIA,17,0,1,0.3224,High
2024-01-11,WN,DEN,BOS,8,0,0,0.1736,Medium
2024-01-11,AA,ATL,ORD,11,0,0,0.1646,Medium
2024-01-12,NK,CLT,DEN,7,1,0,0.1579,Medium
2024-01-11,F9,MIA,MCO,10,1,0,0.199,Medium
2024-01-11,NK,CLT,SFO,7,0,0,0.1311,Low
2024-01-12,AS,JFK,BOS,6,0,0,0.1931,Medium
2024-01-14,WN,ORD,LAX,19,0,1,0.3984,High
2024-01-16,WN,DFW,MCO,11,1,0,0.2081,Medium
2024-01-14,AS,JFK,PHX,11,1,0,0.1369,Low
2024-01-11,WN,BOS,ORD,15,1,1,0.2855,Medium
2024-01-10,NK,MIA,JFK,17,0,0,0.2171,Medium
2024-01-13,B6,SFO,DFW,8,0,0,0.2261,Medium
2024-01-16,NK,CLT,JFK,22,0,1,0.3516,High
2024-01-15,AS,DFW,LAS,14,1,1,0.2768,Medium
2024-01-10,AS,PHX,BOS,16,0,0,0.2453,Medium
2024-01-12,WN,LAX,MCO,14,0,1,0.2709,Medium
2024-01-16,F9,JFK,MIA,13,1,1,0.2935,Medium
2024-01-11,AA,CLT,LAS,11,0,1,0.2917,Medium
2024-01-11,WN,JFK,SEA,9,0,0,0.1447,Low
2024-01-12,AS,CLT,DEN,9,0,0,0.139,Low
2024-01-14,F9,DEN,DFW,20,0,1,0.3959,High
2024-01-13,F9,MIA,SFO,14,0,1,0.3396,High
2024-01-15,F9,BOS,ORD,17,1,1,0.3507,High
2024-01-14,AA,JFK,ATL,13,0,0,0.2215,Medium
2024-01-11,DL,DEN,ATL,12,0,0,0.2077,Medium
2024-01-10,WN,BOS,SEA,6,0,0,0.1789,Medium
2024-01-13,UA,LAX,MIA,13,0,0,0.1508,Medium
2024-01-15,DL,ORD,SFO,15,1,1,0.2593,Medium
2024-01-15,WN,JFK,DEN,16,1,0,0.1703,Medium
2024-01-15,UA,ATL,LAX,12,0,0,0.2468,Medium
2024-01-13,F9,BOS,LAS,10,0,0,0.1593,Medium
2024-01-16,B6,JFK,LAX,8,0,0,0.1986,Medium
2024-01-11,AS,CLT,DFW,15,0,0,0.1943,Medium
2024-01-14,AA,DEN,PHX,17,0,1,0.3374,High
2024-01-15,B6,JFK,ATL,20,1,1,0.3035,High
2024-01-13,NK,MCO,JFK,21,0,0,0.2279,Medium
2024-01-13,WN,SFO,PHX,16,1,1,0.3453,High
2024-01-13,UA,LAX,DFW,12,0,0,0.1902,Medium
2024-01-14,UA,LAX,MCO,12,1,0,0.2476,Medium
2024-01-16,F9,PHX,DFW,10,0,1,0.2631,Medium
2024-01-16,DL,ATL,BOS,10,0,0,0.1717,Medium
2024-01-15,F9,LAS,LAX,21,1,1,0.4053,High
2024-01-12,F9,LAS,SFO,19,0,1,0.3779,High
2024-01-13,B6,DEN,SEA,8,0,0,0.1735,Medium
2024-01-13,B6,SEA,DEN,6,0,0,0.1453,Low
2024-01-10,NK,BOS,LAX,22,0,1,0.2621,Medium
2024-01-12,AA,SEA,SFO,6,0,0,0.2138,Medium
2024-01-10,F9,PHX,SFO,22,1,1,0.4132,High
2024-01-14,NK,LAX,ORD,16,0,0,0.2084,Medium
2024-01-12,AS,LAS,SEA,18,1,0,0.2247,Medium
2024-01-12,UA,CLT,BOS,6,0,0,0.0844,Low
2024-01-16,AA,ORD,SEA,22,0,1,0.4112,High
2024-01-14,F9,JFK,SFO,9,0,0,0.2017,Medium
2024-01-13,AA,CLT,SEA,15,0,1,0.3445,High
2024-01-15,B6,SFO,JFK,11,0,1,0.3438,High
2024-01-14,AS,ATL,CLT,8,0,0,0.0941,Low
2024-01-16,F9,MCO,BOS,20,0,1,0.3566,High
2024-01-15,F9,JFK,SEA,19,0,1,0.2781,Medium
2024-01-11,AA,LAX,SFO,11,1,1,0.2734,Medium
2024-01-14,AS,SEA,MCO,15,1,0,0.1789,Medium
2024-01-11,NK,BOS,LAX,11,0,0,0.1063,Low
2024-01-10,DL,PHX,BOS,11,0,0,0.2447,Medium
2024-01-14,WN,SFO,MCO,17,1,1,0.3551,High
2024-01-14,DL,DFW,CLT,12,0,0,0.2466,Medium
2024-01-11,AA,JFK,DFW,13,0,1,0.275,Medium
2024-01-10,UA,SFO,ORD,9,0,0,0.1699,Medium
2024-01-11,NK,JFK,PHX,8,0,0,0.2161,Medium
2024-01-10,AA,PHX,DEN,19,0,1,0.3371,High
2024-01-12,UA,PHX,ORD,9,1,0,0.1996,Medium
2024-01-15,WN,PHX,DFW,12,1,0,0.1926,Medium
2024-01-10,AA,SEA,MCO,8,0,0,0.2448,Medium
2024-01-13,NK,SEA,MIA,12,1,0,0.1219,Low
2024-01-10,WN,JFK,CLT,6,0,0,0.1174,Low
2024-01-11,B6,JFK,DEN,17,0,1,0.2926,Medium
2024-01-10,B6,MIA,SFO,8,0,0,0.1209,Low
2024-01-12,NK,BOS,MIA,18,0,1,0.314,High
2024-01-12,WN,MIA,LAX,19,0,0,0.2038,Medium
2024-01-13,UA,JFK,LAX,19,0,1,0.2881,Medium
2024-01-13,AS,ORD,SFO,9,0,0,0.2409,Medium
2024-01-16,F9,PHX,JFK,7,0,0,0.1092,Low
2024-01-11,UA,MIA,LAX,18,0,0,0.2089,Medium
2024-01-11,AS,SEA,MCO,11,1,0,0.1546,Medium
2024-01-13,WN,JFK,ORD,11,1,0,0.241,Medium
2024-01-16,B6,DFW,MCO,19,0,1,0.3187,High
2024-01-15,F9,LAX,BOS,6,0,0,0.1752,Medium
2024-01-16,UA,JFK,LAX,13,0,1,0.2564,Medium
2024-01-10,B6,CLT,PHX,11,0,1,0.2793,Medium
2024-01-13,NK,CLT,MIA,7,0,0,0.0619,Low
2024-01-15,WN,SFO,PHX,17,0,1,0.2689,Medium
2024-01-15,WN,PHX,DFW,19,0,1,0.3307,High
2024-01-11,AA,LAX,PHX,6,0,0,0.2342,Medium
2024-01-16,B6,MIA,SFO,16,0,1,0.3487,High
2024-01-10,UA,LAS,PHX,14,0,0,0.1459,Low
2024-01-16,B6,ORD,MIA,16,1,1,0.408,High
2024-01-10,F9,SEA,LAS,7,0,0,0.1552,Medium
2024-01-14,F9,JFK,LAX,11,0,1,0.2766,Medium
2024-01-15,WN,JFK,DFW,7,0,0,0.1659,Medium
2024-01-16,WN,DFW,CLT,9,0,0,0.12,Low
2024-01-16,AA,DEN,JFK,15,0,1,0.3235,High
2024-01-11,F9,BOS,CLT,6,0,0,0.1232,Low
2024-01-10,NK,DEN,BOS,13,0,0,0.1303,Low
2024-01-14,AS,DFW,CLT,16,0,1,0.3011,High
2024-01-10,DL,LAX,CLT,7,0,0,0.1118,Low
2024-01-15,AS,JFK,MIA,6,0,0,0.0828,Low
2024-01-13,WN,SFO,JFK,15,0,1,0.3144,High
2024-01-14,F9,ORD,MIA,10,1,1,0.3066,High
2024-01-12,AA,ATL,LAS,21,1,1,0.3879,High
2024-01-14,B6,LAS,CLT,19,1,1,0.2932,Medium
2024-01-12,F9,SFO,MIA,10,0,0,0.2336,Medium
2024-01-15,NK,JFK,ATL,21,0,1,0.3068,High
2024-01-16,AA,CLT,BOS,14,0,0,0.2437,Medium
2024-01-15,NK,LAX,SFO,13,0,1,0.2518,Medium
2024-01-13,AA,MIA,CLT,17,0,1,0.2815,Medium
2024-01-11,UA,SFO,JFK,7,0,0,0.16,Medium
2024-01-16,AS,CLT,SEA,11,0,0,0.1859,Medium
2024-01-11,DL,DFW,LAS,17,1,1,0.2503,Medium
2024-01-12,UA,CLT,DEN,13,0,0,0.1722,Medium
2024-01-12,WN,ATL,ORD,19,0,1,0.3116,High
2024-01-12,DL,SFO,ATL,10,0,0,0.2164,Medium
2024-01-13,AS,PHX,SFO,11,0,0,0.202,Medium
2024-01-13,B6,MIA,BOS,7,1,0,0.1305,Low
2024-01-11,AS,BOS,LAS,17,0,1,0.2657,Medium
2024-01-13,UA,SEA,CLT,8,0,0,0.1967,Medium
2024-01-16,AS,SFO,JFK,9,0,1,0.2719,Medium
2024-01-16,F9,LAX,MCO,20,0,1,0.3781,High
2024-01-13,B6,BOS,MCO,18,0,1,0.2505,Medium
2024-01-15,B6,ATL,MIA,10,1,0,0.1664,Medium
2024-01-14,F9,SEA,JFK,17,1,1,0.3179,High
2024-01-11,AA,LAS,ORD,17,0,1,0.3429,High
2024-01-14,UA,CLT,DEN,6,0,0,0.1706,Medium
2024-01-11,WN,MIA,DFW,8,0,0,0.088,Low
2024-01-12,F9,MIA,SFO,10,0,1,0.2912,Medium
2024-01-10,NK,LAX,ATL,14,0,0,0.1853,Medium
2024-01-14,B6,DEN,CLT,6,0,0,0.2401,Medium
2024-01-16,WN,MIA,LAX,18,0,0,0.2004,Medium
2024-01-10,UA,DFW,SFO,21,0,0,0.2252,Medium
2024-01-10,WN,ORD,SFO,19,1,1,0.2671,Medium
2024-01-10,AS,ORD,SEA,15,0,0,0.2341,Medium
2024-01-16,UA,SFO,LAX,8,0,0,0.179,Medium
2024-01-13,F9,DEN,SEA,21,1,1,0.3106,High
2024-01-13,NK,CLT,SEA,10,0,0,0.0958,Low
2024-01-10,DL,DFW,ATL,21,0,1,0.3245,High
2024-01-15,B6,SEA,ORD,21,1,1,0.3843,High
2024-01-16,NK,DFW,MIA,17,0,0,0.2193,Medium
2024-01-13,NK,LAS,CLT,19,0,0,0.2229,Medium
2024-01-16,WN,JFK,ATL,8,0,0,0.2162,Medium
2024-01-11,DL,PHX,ATL,17,0,1,0.25,Medium
2024-01-13,NK,DFW,LAS,14,0,1,0.273,Medium
2024-01-16,WN,MIA,MCO,18,0,0,0.1935,Medium
2024-01-12,WN,DEN,LAX,14,0,0,0.212,Medium
2024-01-11,B6,LAS,CLT,18,0,1,0.3045,High
2024-01-14,WN,SEA,LAS,19,1,1,0.3324,High
2024-01-10,B6,PHX,DFW,10,1,1,0.2609,Medium
2024-01-16,DL,MCO,DEN,22,0,0,0.2496,Medium
2024-01-15,WN,LAX,ORD,6,0,0,0.1794,Medium
2024-01-12,WN,ORD,MIA,13,1,1,0.3239,High
2024-01-16,DL,MCO,LAS,8,0,0,0.1674,Medium
2024-01-15,B6,CLT,ATL,17,1,1,0.3412,High
2024-01-12,UA,DEN,CLT,11,0,1,0.2528,Medium
2024-01-16,WN,CLT,MIA,22,0,1,0.3496,High
2024-01-11,AS,SEA,CLT,21,0,1,0.3522,High
2024-01-16,F9,SFO,CLT,13,0,1,0.3005,High
2024-01-16,UA,PHX,DFW,8,1,0,0.0741,Low
2024-01-10,AS,LAS,LAX,21,1,1,0.2576,Medium
2024-01-15,NK,ORD,PHX,17,0,1,0.3334,High
2024-01-12,WN,CLT,PHX,10,0,0,0.1399,Low
2024-01-16,AA,PHX,MCO,7,0,0,0.1081,Low
2024-01-16,WN,CLT,MIA,17,0,0,0.1935,Medium
2024-01-13,AS,LAS,MCO,22,1,1,0.2613,Medium
2024-01-12,B6,SEA,MIA,10,0,0,0.1697,Medium
2024-01-13,B6,ATL,MIA,17,0,1,0.338,High
2024-01-16,DL,DFW,ORD,22,0,1,0.338,High
2024-01-14,UA,ORD,LAS,15,0,1,0.3345,High
2024-01-14,NK,ATL,DFW,8,0,0,0.0877,Low
2024-01-12,WN,CLT,ORD,13,0,1,0.2686,Medium
2024-01-16,F9,DEN,ATL,16,0,1,0.2995,Medium
2024-01-13,F9,SFO,DEN,15,0,1,0.3068,High
2024-01-15,AS,DEN,ATL,19,0,1,0.3057,High
2024-01-13,B6,MCO,JFK,15,0,1,0.318,High
2024-01-12,DL,SEA,DEN,19,1,1,0.3069,High
2024-01-16,DL,MCO,LAX,8,0,0,0.0981,Low
2024-01-12,AS,MIA,LAX,7,1,0,0.0669,Low
2024-01-10,WN,PHX,BOS,9,0,0,0.1839,Medium
2024-01-13,NK,ORD,JFK,19,1,1,0.279,Medium
2024-01-15,F9,LAS,CLT,15,0,0,0.2184,Medium
2024-01-14,NK,ORD,MCO,14,1,0,0.2213,Medium
2024-01-16,NK,LAS,SFO,17,0,0,0.2479,Medium
2024-01-14,B6,BOS,SEA,6,0,0,0.2034,Medium
2024-01-12,WN,LAX,DFW,7,0,0,0.1583,Medium
2024-01-14,NK,DFW,SEA,22,0,1,0.2716,Medium
2024-01-14,NK,JFK,MIA,15,0,0,0.2153,Medium
2024-01-16,DL,SEA,LAX,17,1,1,0.3027,High
2024-01-12,UA,ATL,SEA,12,0,0,0.1595,Medium
2024-01-12,AA,DFW,SFO,13,1,1,0.2605,Medium
2024-01-10,AS,LAS,MIA,10,1,0,0.213,Medium
2024-01-15,AS,CLT,SFO,11,0,1,0.25,Medium
2024-01-11,B6,ATL,DEN,20,1,1,0.331,High
2024-01-13,AA,LAS,MCO,22,1,1,0.3356,High
2024-01-14,AS,DFW,LAX,20,0,1,0.267,Medium
2024-01-14,B6,DEN,JFK,7,0,0,0.1832,Medium
2024-01-13,AA,LAX,DFW,17,0,1,0.2654,Medium
2024-01-10,AA,MCO,LAX,20,0,1,0.3542,High
2024-01-10,DL,DFW,SFO,19,0,0,0.2227,Medium
2024-01-13,WN,SFO,MCO,17,1,1,0.3167,High
2024-01-16,AA,CLT,DEN,19,0,1,0.3726,High
2024-01-15,B6,MCO,BOS,6,0,0,0.1311,Low
2024-01-12,WN,MIA,SFO,9,0,0,0.083,Low
2024-01-11,AA,SEA,DFW,12,0,1,0.2826,Medium
2024-01-15,AS,BOS,LAS,18,1,1,0.2522,Medium
2024-01-16,NK,BOS,JFK,19,0,0,0.205,Medium
2024-01-14,AS,CLT,MIA,21,1,1,0.2562,Medium
2024-01-16,AS,LAX,SFO,14,0,0,0.2287,Medium
2024-01-16,DL,LAX,SFO,6,1,0,0.1391,Low
2024-01-16,F9,BOS,DFW,19,1,1,0.327,High
2024-01-14,AA,DEN,LAS,10,0,0,0.2269,Medium
2024-01-15,B6,SFO,SEA,18,0,1,0.4196,High
2024-01-14,WN,ORD,CLT,14,0,0,0.2125,Medium
2024-01-14,B6,MIA,DEN,7,0,0,0.2229,Medium
2024-01-10,WN,LAX,BOS,21,0,1,0.2652,Medium
2024-01-14,AA,SEA,DFW,8,0,0,0.1877,Medium
2024-01-13,F9,SFO,PHX,11,1,1,0.3479,High
2024-01-11,AA,LAS,JFK,9,0,0,0.1398,Low
2024-01-15,AS,MCO,ORD,19,0,1,0.3073,High
2024-01-10,UA,PHX,CLT,15,0,0,0.215,Medium
2024-01-13,AS,SFO,DEN,16,1,0,0.2397,Medium
2024-01-14,UA,SFO,MIA,21,0,1,0.3457,High
2024-01-12,AA,BOS,ORD,7,0,0,0.2423,Medium
2024-01-16,DL,DFW,MIA,20,0,1,0.2812,Medium
2024-01-14,AA,MIA,SFO,13,0,1,0.2927,Medium
2024-01-13,AS,MCO,LAS,12,0,0,0.1443,Low
2024-01-10,WN,PHX,DFW,18,1,1,0.2942,Medium
2024-01-11,DL,DFW,LAS,6,0,0,0.1547,Medium
2024-01-10,NK,ATL,MCO,6,0,0,0.1446,Low
2024-01-16,WN,LAS,ORD,22,1,1,0.3298,High
2024-01-10,DL,MIA,JFK,20,0,1,0.3352,High
2024-01-13,DL,MIA,DFW,13,0,1,0.2707,Medium
2024-01-11,WN,MIA,BOS,9,0,0,0.1691,Medium
2024-01-15,NK,ORD,BOS,17,0,1,0.2949,Medium
2024-01-12,B6,MIA,BOS,7,1,0,0.1189,Low
2024-01-14,UA,JFK,PHX,14,0,0,0.2326,Medium
2024-01-10,NK,BOS,ATL,13,0,0,0.2087,Medium
2024-01-13,WN,DFW,SFO,14,0,0,0.1885,Medium
2024-01-16,B6,DFW,ORD,13,1,1,0.321,High
2024-01-14,AA,BOS,DFW,20,0,1,0.32,High
2024-01-11,AS,CLT,BOS,22,0,1,0.2849,Medium
2024-01-16,B6,SFO,ORD,20,0,1,0.3593,High
2024-01-10,WN,ORD,MCO,18,0,1,0.3311,High
2024-01-15,AS,BOS,JFK,17,0,0,0.2278,Medium
2024-01-15,F9,PHX,MCO,8,0,0,0.2179,Medium
2024-01-15,B6,MIA,SFO,22,1,1,0.4229,High
2024-01-10,NK,LAS,MCO,17,0,0,0.2063,Medium
2024-01-14,WN,BOS,LAX,20,0,1,0.357,High
2024-01-10,AA,MCO,DFW,22,1,1,0.3071,High
2024-01-13,AS,MCO,BOS,15,0,1,0.2504,Medium
2024-01-16,WN,LAX,MIA,16,0,0,0.2492,Medium
2024-01-16,AS,SFO,LAS,8,1,1,0.2773,Medium
2024-01-13,DL,SEA,DFW,17,0,1,0.287,Medium
2024-01-12,DL,ORD,JFK,19,0,1,0.263,Medium
2024-01-11,UA,PHX,LAX,15,0,0,0.1715,Medium
2024-01-10,B6,DFW,ORD,12,1,1,0.2892,Medium
2024-01-12,DL,DFW,CLT,8,1,0,0.1902,Medium
2024-01-13,AA,DEN,PHX,21,0,1,0.3766,High
2024-01-12,F9,MIA,PHX,15,0,0,0.2381,Medium
2024-01-12,B6,CLT,MCO,20,0,1,0.348,High
2024-01-14,DL,LAX,DFW,21,1,1,0.3083,High
2024-01-16,NK,ORD,MCO,9,0,0,0.1972,Medium
2024-01-11,WN,ATL,MCO,13,0,0,0.151,Medium
2024-01-14,B6,DFW,CLT,15,1,1,0.2721,Medium
2024-01-13,B6,ATL,MCO,21,1,1,0.4155,High
2024-01-14,F9,LAX,SEA,11,0,0,0.1722,Medium
2024-01-11,UA,PHX,LAS,7,0,0,0.0766,Low
2024-01-16,WN,DEN,MIA,22,0,1,0.3232,High
2024-01-13,UA,LAX,LAS,14,0,0,0.1884,Medium
2024-01-12,F9,MIA,CLT,11,0,0,0.1895,Medium
2024-01-14,UA,MCO,DEN,14,1,0,0.1443,Low
2024-01-13,AS,SEA,LAS,12,0,1,0.2548,Medium
2024-01-16,NK,PHX,LAS,12,1,0,0.1846,Medium
2024-01-14,AA,SEA,PHX,19,0,1,0.3448,High
2024-01-12,AA,LAX,MIA,21,1,1,0.4158,High
2024-01-10,NK,DEN,SEA,18,0,1,0.3306,High
2024-01-14,AA,LAX,DEN,17,1,1,0.2998,Medium
2024-01-15,F9,LAS,MIA,14,1,1,0.3368,High
2024-01-10,WN,MIA,DEN,9,0,0,0.1001,Low
2024-01-12,DL,SFO,LAS,21,1,1,0.3997,High
2024-01-13,B6,CLT,MIA,9,0,0,0.1377,Low
2024-01-13,NK,DEN,LAS,13,0,0,0.1648,Medium
2024-01-11,NK,LAX,DEN,12,0,0,0.237,Medium
2024-01-16,AS,ORD,SEA,19,1,1,0.2635,Medium
2024-01-15,B6,DEN,MIA,18,0,1,0.255,Medium
2024-01-12,DL,JFK,DFW,21,0,1,0.3544,High
2024-01-14,UA,SFO,MIA,21,1,1,0.3345,High
2024-01-13,UA,SEA,MCO,22,0,1,0.2886,Medium
2024-01-15,AS,ORD,DEN,6,0,0,0.1372,Low
2024-01-11,F9,ATL,BOS,8,0,1,0.2549,Medium
2024-01-14,AA,JFK,SFO,21,1,1,0.2901,Medium
2024-01-12,AS,MIA,PHX,17,0,0,0.1884,Medium
2024-01-11,NK,ORD,MIA,18,0,1,0.3655,High
2024-01-13,F9,LAS,PHX,17,0,1,0.3614,High
2024-01-12,DL,LAX,MIA,13,0,0,0.1709,Medium
2024-01-12,B6,LAX,JFK,10,0,0,0.2022,Medium
2024-01-16,WN,SFO,DFW,8,0,0,0.1768,Medium
2024-01-10,AA,LAS,DEN,8,1,0,0.1656,Medium
2024-01-11,AA,SEA,DFW,9,1,0,0.2305,Medium
2024-01-13,AS,ORD,ATL,19,0,1,0.3428,High
2024-01-12,AA,MIA,SEA,12,0,0,0.1849,Medium
2024-01-13,B6,SEA,MCO,15,1,0,0.2325,Medium
2024-01-10,WN,DFW,LAS,18,0,0,0.207,Medium
2024-01-14,AS,JFK,MIA,12,0,0,0.1844,Medium
2024-01-11,AA,DFW,MIA,6,1,0,0.2137,Medium
2024-01-11,NK,MIA,ORD,15,0,1,0.2565,Medium
2024-01-16,NK,MCO,LAX,20,0,1,0.2619,Medium
2024-01-15,F9,CLT,LAS,13,0,1,0.3275,High
2024-01-14,AS,LAX,CLT,10,0,0,0.1655,Medium
2024-01-15,B6,DEN,LAX,21,0,1,0.356,High
2024-01-15,DL,SFO,CLT,16,0,1,0.3686,High
2024-01-14,B6,LAX,SFO,7,0,0,0.1841,Medium
2024-01-11,NK,MCO,ATL,12,0,0,0.1315,Low
2024-01-12,F9,DFW,SFO,16,0,1,0.3385,High
2024-01-13,DL,MCO,ATL,13,0,0,0.1367,Low
2024-01-12,AA,CLT,JFK,7,0,0,0.1078,Low
2024-01-16,AS,MIA,DEN,17,0,1,0.3042,High
2024-01-13,B6,BOS,ORD,13,0,0,0.2275,Medium
2024-01-13,B6,LAX,DFW,15,1,0,0.2211,Medium
2024-01-16,WN,ATL,BOS,13,0,0,0.1789,Medium
2024-01-15,NK,ORD,DFW,7,0,0,0.1534,Medium
2024-01-11,B6,LAX,LAS,22,0,1,0.3127,High
2024-01-14,F9,JFK,LAS,18,0,1,0.3663,High
2024-01-13,AS,BOS,SFO,21,1,0,0.2448,Medium
2024-01-11,B6,BOS,ORD,14,0,1,0.2703,Medium
2024-01-15,B6,PHX,DEN,7,0,0,0.1598,Medium
2024-01-10,AA,DEN,MCO,22,1,1,0.3144,High
2024-01-13,DL,BOS,MIA,14,1,1,0.2889,Medium
2024-01-10,WN,CLT,ORD,7,1,0,0.1115,Low
2024-01-10,WN,MIA,SFO,16,0,0,0.1807,Medium
2024-01-12,DL,MCO,BOS,14,0,0,0.2163,Medium
2024-01-14,UA,PHX,LAS,22,0,1,0.3541,High
2024-01-12,F9,SFO,JFK,15,0,1,0.3493,High
2024-01-10,AA,ORD,LAS,22,1,1,0.3956,High
2024-01-14,B6,ORD,DFW,7,1,0,0.2218,Medium
2024-01-16,AA,LAX,LAS,14,0,1,0.2945,Medium
2024-01-11,F9,ATL,ORD,15,0,1,0.2611,Medium
2024-01-13,UA,SFO,LAX,15,0,1,0.2567,Medium
2024-01-10,WN,BOS,SEA,9,1,0,0.157,Medium
2024-01-14,AS,MCO,PHX,13,0,0,0.1963,Medium
2024-01-16,UA,JFK,PHX,8,1,0,0.1963,Medium
2024-01-16,NK,DEN,LAS,12,0,0,0.1401,Low
2024-01-15,DL,SEA,LAX,19,0,1,0.3313,High
2024-01-12,WN,DFW,ORD,12,0,0,0.1895,Medium
2024-01-14,UA,ORD,LAS,10,0,0,0.2345,Medium
2024-01-12,AA,BOS,LAX,14,0,1,0.3396,High
2024-01-16,AA,ATL,LAX,21,0,1,0.3366,High
2024-01-12,UA,DFW,MCO,14,0,0,0.1804,Medium
2024-01-13,NK,BOS,CLT,12,1,1,0.254,Medium
2024-01-13,DL,LAS,LAX,16,0,0,0.2162,Medium
2024-01-11,F9,LAS,DFW,20,0,1,0.2705,Medium
2024-01-12,AA,JFK,SFO,7,0,0,0.1395,Low
2024-01-16,NK,DFW,CLT,10,0,0,0.2421,Medium
2024-01-12,F9,DFW,ORD,7,0,0,0.158,Medium
2024-01-16,DL,JFK,DFW,7,0,0,0.1565,Medium
2024-01-12,WN,DFW,MCO,9,0,0,0.1427,Low
2024-01-14,AS,DFW,BOS,6,0,0,0.1285,Low
2024-01-14,UA,DFW,SEA,20,0,1,0.3574,High
2024-01-11,NK,BOS,ORD,14,0,1,0.2642,Medium
2024-01-11,AA,SEA,LAS,15,0,1,0.2686,Medium
2024-01-11,AA,MCO,ATL,22,1,1,0.4144,High
2024-01-12,NK,SFO,SEA,19,0,1,0.4081,High
2024-01-11,WN,SFO,MIA,8,0,1,0.2509,Medium
2024-01-11,AS,PHX,BOS,9,0,0,0.1247,Low
2024-01-10,AA,LAS,BOS,7,0,0,0.1461,Low
2024-01-16,UA,BOS,MCO,11,0,0,0.1678,Medium
2024-01-12,AA,ATL,ORD,8,0,0,0.1609,Medium
2024-01-14,AA,BOS,CLT,12,0,1,0.2519,Medium
2024-01-16,AS,MCO,CLT,15,0,0,0.1887,Medium
2024-01-15,WN,CLT,MIA,18,1,1,0.3327,High
2024-01-10,NK,LAX,CLT,12,0,0,0.1339,Low
2024-01-14,B6,SEA,JFK,6,0,0,0.2058,Medium
2024-01-16,UA,PHX,BOS,17,0,0,0.2362,Medium
2024-01-13,AA,CLT,MIA,9,0,0,0.1504,Medium
2024-01-14,WN,SFO,DFW,8,0,0,0.2,Medium
2024-01-13,AA,LAS,SFO,15,1,1,0.2575,Medium
2024-01-10,NK,SEA,SFO,19,1,1,0.3286,High
2024-01-16,AA,JFK,SEA,12,0,1,0.2521,Medium
2024-01-12,AA,ORD,LAS,8,0,0,0.1805,Medium
2024-01-10,B6,BOS,MCO,6,0,0,0.1873,Medium
2024-01-16,AS,ATL,CLT,15,0,0,0.2135,Medium
2024-01-10,DL,BOS,DFW,19,0,1,0.2643,Medium
2024-01-13,WN,MIA,PHX,16,0,0,0.2022,Medium
2024-01-15,WN,DEN,DFW,22,1,0,0.2445,Medium
2024-01-15,F9,MIA,ATL,13,0,0,0.1995,Medium
2024-01-15,AS,CLT,ORD,18,0,0,0.227,Medium
2024-01-13,AS,DEN,MCO,19,1,1,0.2919,Medium
2024-01-16,NK,LAX,LAS,14,0,1,0.2801,Medium
2024-01-15,WN,ORD,SFO,21,1,1,0.4107,High
2024-01-15,B6,SEA,JFK,10,0,0,0.163,Medium
2024-01-10,F9,MIA,PHX,22,1,1,0.2978,Medium
2024-01-15,AA,MIA,ORD,13,0,0,0.1871,Medium
2024-01-10,AS,ATL,PHX,9,1,0,0.1354,Low
2024-01-12,B6,BOS,MIA,13,0,1,0.2537,Medium
2024-01-10,NK,MCO,SFO,14,0,0,0.2186,Medium
2024-01-16,UA,LAX,SEA,20,0,1,0.3184,High
2024-01-12,WN,ATL,SFO,19,0,1,0.2669,Medium
2024-01-16,UA,LAX,JFK,19,0,1,0.2947,Medium
2024-01-12,AA,LAX,MCO,15,0,1,0.2779,Medium
2024-01-11,DL,BOS,LAS,15,0,0,0.1544,Medium
2024-01-12,DL,DEN,DFW,17,0,0,0.1879,Medium
2024-01-11,WN,ATL,MCO,6,0,0,0.0458,Low
2024-01-13,WN,DEN,BOS,21,0,1,0.2548,Medium
2024-01-12,F9,LAS,ATL,9,0,0,0.1578,Medium
2024-01-11,B6,SEA,ATL,13,0,1,0.2637,Medium
2024-01-11,AS,MIA,LAX,15,1,1,0.2768,Medium
2024-01-14,NK,LAS,SEA,14,0,0,0.2277,Medium
2024-01-14,UA,ATL,BOS,19,1,1,0.2945,Medium
2024-01-11,WN,LAX,SFO,21,0,1,0.3209,High
2024-01-15,NK,DEN,MCO,13,0,0,0.2219,Medium
2024-01-15,AS,MCO,DFW,12,0,0,0.1776,Medium
2024-01-10,F9,MIA,BOS,16,0,1,0.3065,High
2024-01-12,UA,MCO,LAS,15,1,1,0.2987,Medium
2024-01-14,AS,BOS,ORD,9,1,0,0.1955,Medium
2024-01-13,F9,JFK,LAS,10,0,1,0.2763,Medium
2024-01-14,UA,SFO,ATL,10,0,0,0.1682,Medium
2024-01-12,AS,DFW,JFK,12,0,0,0.1942,Medium
2024-01-15,AA,SFO,JFK,12,1,1,0.3142,High
2024-01-16,AS,ORD,LAS,22,0,1,0.3595,High
2024-01-14,AS,DFW,BOS,18,0,1,0.2748,Medium
2024-01-11,AS,ATL,PHX,18,0,0,0.2399,Medium
2024-01-12,DL,CLT,ATL,16,0,1,0.2828,Medium
2024-01-13,F9,PHX,DFW,14,0,1,0.3023,High
2024-01-11,AA,DFW,LAX,7,1,0,0.1709,Medium
2024-01-14,AS,MIA,LAS,14,0,1,0.2652,Medium
2024-01-15,B6,CLT,MIA,6,1,0,0.1426,Low
2024-01-12,AS,DEN,MCO,6,0,0,0.0606,Low
2024-01-13,UA,ATL,CLT,17,0,1,0.3167,High
2024-01-16,NK,BOS,PHX,19,0,1,0.3081,High
2024-01-10,WN,BOS,DFW,6,1,0,0.1614,Medium
2024-01-12,WN,MIA,BOS,11,0,0,0.1378,Low
2024-01-14,AS,SFO,DEN,22,1,1,0.4338,High
2024-01-12,WN,LAX,CLT,21,0,0,0.2356,Medium
2024-01-15,DL,CLT,ATL,16,0,1,0.25,Medium
2024-01-11,AS,DFW,LAS,11,1,0,0.1962,Medium
2024-01-16,WN,LAX,DEN,18,0,0,0.2005,Medium
2024-01-10,DL,SFO,CLT,19,0,1,0.2961,Medium
2024-01-16,B6,SEA,ORD,17,0,1,0.2754,Medium
2024-01-11,F9,SFO,BOS,17,0,1,0.339,High
2024-01-10,AA,SFO,BOS,11,0,0,0.2329,Medium
2024-01-10,F9,DEN,ORD,22,0,1,0.3559,High
2024-01-16,UA,DEN,CLT,11,0,0,0.185,Medium
2024-01-10,NK,CLT,MCO,10,0,0,0.1732,Medium
2024-01-13,AS,BOS,JFK,18,0,1,0.3318,High
2024-01-10,AA,ORD,SFO,7,0,0,0.2123,Medium
2024-01-14,AA,LAS,BOS,20,1,1,0.3865,High
2024-01-14,AA,PHX,DFW,19,0,1,0.2782,Medium
2024-01-12,AS,JFK,MCO,19,0,1,0.2804,Medium
2024-01-15,AA,ATL,SEA,18,1,1,0.3696,High
2024-01-11,UA,ATL,SEA,18,0,1,0.3136,High
2024-01-12,AS,DFW,CLT,14,0,1,0.2581,Medium
2024-01-16,NK,LAX,CLT,11,0,0,0.125,Low
2024-01-13,WN,SFO,ATL,11,0,1,0.2916,Medium
2024-01-12,AA,DEN,PHX,16,0,0,0.2302,Medium
2024-01-16,UA,MCO,CLT,8,0,0,0.1583,Medium
2024-01-13,AS,CLT,LAS,12,0,0,0.1692,Medium
2024-01-14,AA,LAS,LAX,19,0,1,0.3542,High
2024-01-15,UA,DEN,LAS,13,0,0,0.139,Low
2024-01-16,WN,MCO,ORD,16,0,0,0.215,Medium
2024-01-15,DL,SEA,JFK,21,1,1,0.3234,High
2024-01-15,WN,DEN,SFO,7,0,0,0.1499,Low
2024-01-12,WN,CLT,MIA,13,1,1,0.2554,Medium
2024-01-10,DL,CLT,BOS,14,0,0,0.1758,Medium
2024-01-11,DL,MIA,JFK,21,0,1,0.3509,High
2024-01-13,AA,LAS,JFK,18,0,0,0.2465,Medium
2024-01-16,B6,DEN,SFO,9,1,0,0.2166,Medium
2024-01-15,WN,ATL,SFO,17,1,1,0.2952,Medium
2024-01-14,UA,DFW,DEN,14,1,0,0.2207,Medium
2024-01-14,AS,LAX,MIA,16,0,0,0.2418,Medium
2024-01-15,NK,DEN,LAX,7,0,0,0.0706,Low
2024-01-12,UA,LAX,JFK,22,0,1,0.2586,Medium
2024-01-12,B6,SEA,ORD,6,0,0,0.2166,Medium
2024-01-15,B6,MCO,ATL,14,0,1,0.2977,Medium
2024-01-15,UA,MIA,MCO,7,0,0,0.076,Low
2024-01-14,NK,DEN,MCO,17,0,1,0.3004,High
2024-01-10,UA,DEN,SEA,12,0,0,0.243,Medium
2024-01-11,B6,SEA,BOS,8,1,1,0.2683,Medium
2024-01-15,F9,SEA,DEN,20,1,1,0.3413,High
2024-01-12,WN,PHX,JFK,10,0,0,0.2094,Medium
2024-01-11,B6,DFW,LAS,14,0,1,0.2926,Medium
2024-01-11,AS,LAX,PHX,7,0,0,0.1482,Low
2024-01-11,AA,DEN,LAS,7,1,0,0.1569,Medium
2024-01-13,AA,DFW,LAS,19,0,1,0.2564,Medium
2024-01-16,B6,DEN,MCO,14,0,1,0.2706,Medium
2024-01-16,DL,BOS,DFW,21,1,1,0.3094,High
2024-01-13,B6,MIA,PHX,11,0,0,0.1734,Medium
2024-01-13,AA,LAX,SFO,16,0,1,0.3208,High
2024-01-10,F9,BOS,MCO,12,1,0,0.2004,Medium
2024-01-15,UA,MCO,LAX,11,0,0,0.1538,Medium
2024-01-14,UA,CLT,DEN,14,0,0,0.1804,Medium
2024-01-15,UA,PHX,MIA,19,1,1,0.2973,Medium
2024-01-12,WN,JFK,LAS,17,1,0,0.2271,Medium
2024-01-15,F9,BOS,SEA,11,0,0,0.1687,Medium
2024-01-11,AA,CLT,LAS,19,0,1,0.3207,High
2024-01-14,UA,JFK,LAX,13,1,1,0.2744,Medium
2024-01-15,NK,PHX,MCO,15,0,0,0.1606,Medium
2024-01-15,B6,LAX,MCO,22,0,1,0.3961,High
2024-01-12,AA,CLT,ORD,8,0,1,0.2573,Medium
2024-01-11,AA,MIA,JFK,9,0,0,0.1526,Medium
2024-01-10,F9,CLT,ATL,12,0,1,0.3057,High
2024-01-10,NK,LAS,MIA,6,0,0,0.0833,Low
2024-01-13,AS,DFW,CLT,18,1,1,0.336,High
2024-01-11,DL,PHX,ATL,6,0,0,0.1409,Low
2024-01-15,DL,MCO,DEN,21,0,1,0.3406,High
2024-01-14,UA,DEN,MCO,19,1,1,0.3417,High
2024-01-12,NK,DEN,LAX,17,0,0,0.2083,Medium
2024-01-12,WN,ORD,SFO,8,0,0,0.1814,Medium
2024-01-15,F9,LAS,DFW,10,0,0,0.212,Medium
2024-01-14,WN,DFW,LAX,14,0,0,0.2364,Medium
2024-01-12,F9,ORD,LAS,6,0,0,0.1616,Medium
2024-01-12,WN,LAX,DEN,13,0,1,0.2516,Medium
2024-01-15,WN,LAS,MIA,13,0,1,0.2592,Medium
2024-01-12,WN,DFW,SEA,14,0,1,0.2756,Medium
2024-01-13,AA,LAS,ORD,15,0,1,0.3299,High
2024-01-13,AA,SEA,LAX,11,0,1,0.3045,High
2024-01-13,NK,LAS,CLT,16,0,1,0.3055,High
2024-01-10,WN,DEN,JFK,19,1,0,0.2053,Medium
2024-01-13,NK,DEN,SEA,8,0,0,0.0946,Low
2024-01-13,DL,ORD,PHX,22,1,1,0.3685,High
2024-01-12,WN,MCO,LAX,20,0,1,0.2746,Medium
2024-01-13,UA,BOS,CLT,22,0,1,0.3554,High
2024-01-14,B6,LAX,CLT,19,0,1,0.3848,High
2024-01-11,AA,SEA,ORD,20,1,1,0.3472,High
2024-01-14,AS,LAS,BOS,13,0,0,0.2266,Medium
2024-01-16,NK,LAS,PHX,16,0,0,0.1872,Medium
2024-01-13,NK,MIA,ORD,12,0,0,0.1759,Medium
2024-01-13,AA,JFK,ORD,15,1,1,0.2606,Medium
2024-01-12,AA,LAS,JFK,20,0,1,0.3986,High
2024-01-14,AS,ORD,SEA,8,0,1,0.2547,Medium
2024-01-15,DL,PHX,ORD,18,0,1,0.3217,High
2024-01-12,NK,LAS,SFO,8,0,0,0.1028,Low
2024-01-14,F9,SEA,PHX,10,0,0,0.2047,Medium
2024-01-14,F9,CLT,MIA,10,0,0,0.1614,Medium
2024-01-10,B6,BOS,ATL,15,0,0,0.2101,Medium
2024-01-16,DL,LAS,CLT,14,1,0,0.2283,Medium
2024-01-11,F9,MCO,BOS,17,0,1,0.3366,High
2024-01-15,AS,MCO,PHX,13,1,0,0.1543,Medium
2024-01-11,AA,SFO,SEA,18,1,1,0.4154,High
2024-01-11,UA,ORD,MCO,9,0,0,0.2064,Medium
2024-01-15,B6,JFK,MIA,20,0,1,0.3403,High
2024-01-10,DL,LAX,SEA,12,0,1,0.2502,Medium
2024-01-16,AA,DEN,LAX,20,0,1,0.351,High
2024-01-10,B6,DFW,MIA,19,0,1,0.3729,High
2024-01-14,WN,JFK,SEA,11,0,0,0.1401,Low
2024-01-10,B6,LAX,MCO,17,1,1,0.3246,High
2024-01-15,UA,LAS,DEN,21,1,1,0.3535,High
2024-01-11,NK,SFO,DFW,20,0,1,0.2748,Medium
2024-01-10,AS,JFK,BOS,14,0,0,0.1875,Medium
2024-01-10,AA,LAX,BOS,13,0,1,0.3043,High
2024-01-11,B6,ATL,LAS,15,1,0,0.2454,Medium
2024-01-12,UA,PHX,LAS,16,0,0,0.2357,Medium
2024-01-14,DL,SFO,ATL,9,0,0,0.148,Low
2024-01-10,B6,LAS,ORD,20,1,1,0.4065,High
2024-01-16,UA,ATL,DEN,14,0,1,0.2542,Medium
2024-01-16,AA,PHX,SFO,13,1,1,0.3075,High
2024-01-14,AA,MIA,PHX,20,0,1,0.305,High
2024-01-16,AS,SFO,ATL,19,1,1,0.3477,High
2024-01-16,UA,CLT,BOS,11,0,0,0.2335,Medium
2024-01-10,AS,SEA,LAX,18,0,0,0.1904,Medium
2024-01-10,B6,MIA,ORD,16,0,1,0.276,Medium
2024-01-11,UA,JFK,BOS,21,0,0,0.2257,Medium
2024-01-15,DL,MIA,ORD,12,0,1,0.266,Medium
2024-01-10,NK,LAX,LAS,18,0,1,0.2749,Medium
2024-01-11,NK,LAX,ATL,19,1,1,0.3121,High
2024-01-14,WN,MCO,LAS,19,1,1,0.2749,Medium
2024-01-13,AS,BOS,LAS,15,0,0,0.2234,Medium
2024-01-12,WN,SEA,BOS,16,0,0,0.2135,Medium
2024-01-10,AS,ORD,CLT,20,1,1,0.2797,Medium
2024-01-13,F9,DEN,LAX,10,1,0,0.2189,Medium
2024-01-14,AA,ORD,MCO,14,0,1,0.3605,High
2024-01-10,WN,JFK,ATL,7,0,0,0.1377,Low
2024-01-12,B6,MCO,ORD,13,0,1,0.2856,Medium
2024-01-15,WN,LAX,LAS,13,0,0,0.1378,Low
2024-01-15,DL,PHX,ATL,22,0,1,0.349,High
2024-01-11,UA,LAX,MCO,19,1,1,0.3419,High
2024-01-11,B6,MIA,SEA,9,0,0,0.1569,Medium
2024-01-15,F9,CLT,SFO,21,1,1,0.3818,High
2024-01-14,AA,BOS,MCO,11,1,0,0.186,Medium
2024-01-16,DL,CLT,JFK,7,0,0,0.0933,Low
2024-01-10,NK,PHX,BOS,15,0,0,0.1906,Medium
2024-01-11,F9,CLT,SFO,13,0,1,0.3235,High
2024-01-11,UA,CLT,SEA,10,1,0,0.1615,Medium
2024-01-16,DL,MCO,JFK,6,0,0,0.1435,Low
2024-01-15,DL,LAX,ATL,21,0,0,0.2283,Medium
2024-01-15,UA,SFO,SEA,12,0,0,0.1939,Medium
2024-01-15,NK,MIA,ORD,15,0,1,0.299,Medium
2024-01-11,B6,LAS,LAX,22,0,1,0.4224,High
2024-01-10,B6,ATL,PHX,16,0,0,0.2487,Medium
2024-01-14,WN,ATL,LAX,12,0,0,0.1612,Medium
2024-01-13,AA,MIA,JFK,22,0,1,0.299,Medium
2024-01-15,UA,CLT,LAX,16,0,0,0.192,Medium
2024-01-14,AA,LAX,LAS,8,0,0,0.1346,Low
2024-01-15,DL,BOS,MIA,21,1,1,0.2511,Medium
2024-01-13,B6,LAX,ORD,17,0,0,0.2366,Medium
2024-01-12,UA,JFK,LAS,19,0,1,0.2669,Medium
2024-01-11,WN,MIA,JFK,6,1,0,0.1584,Medium
2024-01-11,AA,LAX,ATL,9,0,0,0.2449,Medium
2024-01-16,AA,DFW,LAX,21,1,1,0.3077,High
2024-01-15,AS,LAS,LAX,8,0,0,0.0983,Low
2024-01-10,F9,DFW,BOS,13,0,1,0.267,Medium
2024-01-16,AS,CLT,DEN,22,0,1,0.2681,Medium
2024-01-16,NK,SFO,DFW,8,0,0,0.2056,Medium
2024-01-14,F9,PHX,ATL,22,0,1,0.3576,High
2024-01-15,AA,LAS,MCO,21,0,1,0.3378,High
2024-01-11,F9,SEA,DFW,6,1,0,0.1091,Low
2024-01-14,DL,SFO,ATL,7,0,0,0.1716,Medium
2024-01-10,WN,CLT,LAS,17,0,1,0.2689,Medium
2024-01-10,WN,SFO,LAX,7,0,0,0.1446,Low
2024-01-16,NK,LAX,CLT,13,0,1,0.2519,Medium
2024-01-16,F9,LAX,DEN,8,0,0,0.1369,Low
2024-01-13,F9,PHX,LAX,22,0,1,0.3869,High
2024-01-10,AS,ATL,CLT,16,0,0,0.1779,Medium
2024-01-10,F9,PHX,JFK,20,1,1,0.4051,High
2024-01-14,DL,DFW,LAS,21,0,1,0.2582,Medium
2024-01-15,NK,ATL,SFO,10,0,0,0.1566,Medium
2024-01-13,B6,JFK,LAX,14,0,0,0.192,Medium
2024-01-10,NK,LAS,CLT,18,0,0,0.2312,Medium
2024-01-10,DL,DEN,DFW,8,0,0,0.1181,Low
2024-01-15,B6,ORD,LAX,13,0,1,0.2611,Medium
2024-01-15,F9,DEN,DFW,17,0,1,0.3249,High
2024-01-12,F9,PHX,DEN,21,0,1,0.3542,High
2024-01-12,UA,LAX,ORD,21,0,1,0.3164,High
2024-01-14,NK,LAX,ATL,16,0,1,0.3139,High
2024-01-10,AA,PHX,SEA,10,0,1,0.273,Medium
2024-01-13,AA,MCO,ATL,18,0,1,0.2798,Medium
2024-01-16,DL,CLT,LAX,15,1,0,0.189,Medium
2024-01-16,B6,SEA,ORD,7,0,0,0.1408,Low
2024-01-13,WN,JFK,DFW,7,0,0,0.1934,Medium
2024-01-10,AA,DFW,SFO,18,1,1,0.3349,High
2024-01-12,UA,JFK,DEN,12,0,0,0.148,Low
2024-01-12,AA,JFK,MIA,20,0,1,0.279,Medium
2024-01-12,AA,LAX,MIA,12,0,0,0.209,Medium
2024-01-11,DL,DEN,ORD,15,1,1,0.2502,Medium
2024-01-15,NK,LAX,SEA,12,1,0,0.2375,Medium
2024-01-11,WN,CLT,MIA,6,0,0,0.0965,Low
2024-01-12,F9,MCO,ATL,19,0,1,0.359,High
2024-01-16,DL,BOS,DFW,12,1,0,0.2063,Medium
2024-01-11,B6,ORD,CLT,15,0,1,0.3711,High
2024-01-12,F9,ATL,SFO,11,1,0,0.2108,Medium
2024-01-13,UA,JFK,DEN,21,0,1,0.2609,Medium
2024-01-11,NK,LAS,MIA,21,0,1,0.2839,Medium
2024-01-13,WN,ORD,JFK,9,1,0,0.1538,Medium
2024-01-16,AS,PHX,SFO,16,1,1,0.2796,Medium
2024-01-16,UA,MIA,SFO,11,0,0,0.1963,Medium
2024-01-16,AS,LAS,DEN,12,0,0,0.1527,Medium
2024-01-15,DL,JFK,MCO,11,0,0,0.2103,Medium
2024-01-14,AA,DEN,LAX,10,0,0,0.1647,Medium
2024-01-14,DL,PHX,DFW,14,1,1,0.2674,Medium
2024-01-13,DL,ATL,MCO,19,0,1,0.2514,Medium
2024-01-15,UA,MCO,CLT,20,1,0,0.2239,Medium
2024-01-13,NK,CLT,DFW,7,0,0,0.1005,Low
2024-01-12,UA,DEN,JFK,13,0,1,0.2501,Medium
2024-01-13,AA,LAX,PHX,12,0,1,0.2714,Medium
2024-01-10,NK,JFK,SEA,12,0,0,0.1362,Low
2024-01-15,NK,ATL,SFO,7,0,0,0.1452,Low
2024-01-11,AA,JFK,DEN,15,1,1,0.3266,High
2024-01-15,NK,SEA,DFW,14,0,0,0.1892,Medium
2024-01-11,WN,LAS,SFO,12,0,0,0.2263,Medium
2024-01-10,NK,MIA,BOS,8,0,0,0.1581,Medium
2024-01-13,DL,MCO,DEN,9,0,0,0.0901,Low
2024-01-16,AA,SFO,CLT,20,1,1,0.3567,High
2024-01-16,B6,ATL,CLT,19,0,1,0.3359,High
2024-01-12,UA,LAS,BOS,20,1,1,0.3334,High
2024-01-12,UA,MIA,DEN,9,0,0,0.163,Medium
2024-01-14,F9,LAS,DFW,10,0,0,0.146,Low
2024-01-12,B6,MCO,SEA,14,1,0,0.2304,Medium
2024-01-11,B6,PHX,DFW,6,0,0,0.0969,Low
2024-01-16,AS,BOS,DEN,10,0,0,0.1011,Low
2024-01-15,AS,SFO,MCO,17,1,1,0.3645,High
2024-01-14,UA,SEA,DFW,21,0,1,0.3398,High
2024-01-11,UA,SEA,LAS,7,0,0,0.1689,Medium
2024-01-10,DL,SEA,LAX,19,1,0,0.24,Medium
2024-01-16,AA,LAS,MCO,15,1,1,0.3164,High
2024-01-16,NK,DEN,LAS,16,0,0,0.1995,Medium
2024-01-15,WN,BOS,ATL,8,0,0,0.1081,Low
2024-01-10,AS,JFK,MCO,7,0,0,0.1908,Medium
2024-01-13,DL,MIA,DEN,12,0,0,0.1264,Low
2024-01-13,B6,BOS,DFW,6,0,0,0.1272,Low
2024-01-13,DL,JFK,SFO,14,0,0,0.2197,Medium
2024-01-15,NK,PHX,BOS,22,0,1,0.346,High
2024-01-11,F9,JFK,SEA,20,0,1,0.3749,High
2024-01-14,AS,MCO,ATL,8,0,0,0.1825,Medium
2024-01-16,AA,PHX,LAX,6,0,0,0.1218,Low
2024-01-14,AA,LAX,SEA,12,0,0,0.1951,Medium
2024-01-12,NK,BOS,DEN,11,0,0,0.1996,Medium
2024-01-14,AS,CLT,ORD,13,0,1,0.2646,Medium
2024-01-13,WN,ATL,DFW,19,0,1,0.3453,High
2024-01-15,F9,MCO,LAS,15,0,1,0.2735,Medium
2024-01-16,F9,LAS,SFO,15,0,1,0.3083,High
2024-01-15,F9,CLT,LAX,6,0,0,0.1298,Low
2024-01-10,F9,MCO,ATL,16,0,0,0.2379,Medium
2024-01-16,DL,MCO,ATL,21,0,1,0.3022,High
2024-01-10,WN,CLT,ORD,15,0,1,0.2725,Medium
2024-01-16,AS,PHX,ORD,14,0,0,0.2324,Medium
2024-01-12,B6,MCO,LAS,15,0,1,0.2726,Medium
2024-01-14,WN,ATL,CLT,15,0,0,0.1933,Medium
2024-01-15,F9,DFW,CLT,20,0,1,0.4026,High
2024-01-12,AA,LAS,SFO,13,1,1,0.2634,Medium
2024-01-12,AS,LAX,ORD,15,0,0,0.1619,Medium
2024-01-14,F9,ATL,DFW,6,0,0,0.0987,Low
2024-01-10,B6,DFW,JFK,14,1,1,0.3082,High
2024-01-15,B6,DEN,MCO,17,0,1,0.3447,High
2024-01-13,AS,SEA,ORD,21,1,1,0.3239,High
2024-01-14,DL,BOS,LAS,9,1,0,0.1531,Medium
2024-01-16,AA,SFO,CLT,21,0,1,0.3706,High
2024-01-13,AS,DEN,PHX,19,0,0,0.2167,Medium
2024-01-10,AS,SEA,PHX,10,0,0,0.1778,Medium
2024-01-11,AS,ORD,DEN,10,0,0,0.2043,Medium
2024-01-14,AA,DFW,JFK,19,0,1,0.3274,High
2024-01-15,NK,SEA,MCO,22,1,0,0.2418,Medium
2024-01-11,AA,SEA,BOS,16,1,1,0.2952,Medium
2024-01-10,F9,PHX,CLT,17,0,1,0.2754,Medium
2024-01-14,B6,LAS,JFK,9,0,0,0.1341,Low
2024-01-14,WN,JFK,MIA,15,0,1,0.2641,Medium
2024-01-10,AS,LAS,ATL,10,0,0,0.1867,Medium
2024-01-10,NK,SEA,MIA,19,0,1,0.2668,Medium
2024-01-12,WN,ORD,MCO,9,0,0,0.1756,Medium
2024-01-13,AS,JFK,MIA,17,0,1,0.2731,Medium
2024-01-16,AA,CLT,SEA,6,0,0,0.1263,Low
2024-01-13,WN,BOS,DEN,16,0,1,0.2745,Medium
2024-01-12,WN,MCO,SFO,9,0,0,0.0951,Low
2024-01-14,WN,LAX,SFO,20,0,0,0.2392,Medium
2024-01-13,DL,PHX,ATL,12,0,0,0.1643,Medium
2024-01-14,F9,PHX,ORD,13,0,1,0.2743,Medium
2024-01-13,DL,MCO,SEA,7,0,0,0.0917,Low
2024-01-13,UA,SFO,SEA,16,0,1,0.2734,Medium
2024-01-14,AA,ORD,JFK,14,1,1,0.2528,Medium
2024-01-15,AA,ATL,DEN,20,0,1,0.3548,High
2024-01-14,B6,JFK,MCO,9,0,1,0.264,Medium
2024-01-16,F9,DEN,LAX,9,0,0,0.1718,Medium
2024-01-14,NK,CLT,BOS,10,0,0,0.1022,Low
2024-01-16,AS,LAX,LAS,16,0,0,0.2484,Medium
2024-01-10,UA,LAX,ATL,16,0,1,0.2889,Medium
2024-01-14,WN,PHX,DEN,13,0,0,0.2379,Medium
2024-01-10,NK,LAS,ATL,18,1,0,0.2444,Medium
2024-01-11,WN,MIA,MCO,15,0,0,0.1747,Medium
2024-01-16,F9,BOS,MCO,11,0,0,0.1914,Medium
2024-01-13,UA,PHX,MCO,13,0,0,0.1351,Low
2024-01-12,F9,ATL,CLT,11,0,0,0.234,Medium
2024-01-16,DL,MIA,PHX,9,0,0,0.1464,Low
2024-01-16,UA,MCO,JFK,17,0,1,0.325,High
2024-01-13,UA,CLT,LAX,14,0,0,0.145,Low
2024-01-13,AA,BOS,DFW,11,0,0,0.2036,Medium
2024-01-13,WN,MIA,ATL,16,1,0,0.1708,Medium
2024-01-14,F9,BOS,ORD,19,0,1,0.3884,High
2024-01-16,DL,SEA,MIA,6,0,0,0.0637,Low
2024-01-14,WN,MIA,CLT,14,0,0,0.1658,Medium
2024-01-10,AA,MCO,PHX,7,0,1,0.2517,Medium
2024-01-16,NK,CLT,JFK,22,0,1,0.3508,High
2024-01-12,AA,LAS,BOS,7,0,1,0.2523,Medium
2024-01-15,AA,SEA,ATL,9,0,1,0.2809,Medium
2024-01-10,AA,DEN,LAX,20,0,1,0.3647,High
2024-01-15,AA,DFW,BOS,22,1,1,0.3045,High
2024-01-12,AS,BOS,LAX,12,0,0,0.1244,Low
2024-01-12,NK,ORD,DEN,9,0,1,0.2515,Medium
2024-01-16,AA,MCO,PHX,22,0,1,0.391,High
2024-01-15,WN,LAS,LAX,7,0,0,0.0923,Low
2024-01-16,AS,LAS,ORD,20,0,1,0.2942,Medium
2024-01-13,NK,ORD,CLT,22,0,1,0.3704,High
2024-01-11,DL,MIA,BOS,22,0,1,0.2878,Medium
2024-01-10,AS,MIA,LAS,13,0,0,0.1675,Medium
2024-01-11,NK,JFK,ATL,19,0,1,0.3192,High
2024-01-10,DL,ATL,DFW,9,0,0,0.1993,Medium
2024-01-11,WN,LAX,JFK,9,0,0,0.0932,Low
2024-01-12,DL,DEN,LAX,21,0,1,0.3223,High
2024-01-16,DL,ORD,DEN,10,1,1,0.2887,Medium
2024-01-10,DL,SEA,LAX,17,1,0,0.2354,Medium
2024-01-16,WN,DFW,MIA,15,0,0,0.2065,Medium
2024-01-12,AS,LAS,ATL,8,0,0,0.0712,Low
2024-01-13,AS,ORD,PHX,8,1,0,0.1919,Medium
2024-01-16,AA,PHX,ATL,8,0,0,0.161,Medium
2024-01-16,B6,BOS,DEN,11,1,1,0.2624,Medium
2024-01-12,UA,DFW,LAX,17,1,1,0.2518,Medium
2024-01-11,AA,PHX,DEN,15,0,1,0.2781,Medium
2024-01-11,B6,LAS,JFK,6,0,0,0.1617,Medium
2024-01-15,AS,LAX,BOS,6,0,0,0.071,Low
2024-01-15,WN,BOS,SEA,20,0,1,0.2982,Medium
2024-01-14,NK,DFW,DEN,14,0,1,0.2689,Medium
2024-01-15,F9,PHX,MCO,19,0,1,0.27,Medium
2024-01-16,AS,DFW,ATL,17,0,1,0.2604,Medium
2024-01-11,WN,BOS,DFW,7,0,0,0.1306,Low
2024-01-11,NK,BOS,LAS,17,0,1,0.2741,Medium
2024-01-14,AS,SEA,MCO,17,0,0,0.1821,Medium
2024-01-11,AA,ATL,JFK,13,0,1,0.2959,Medium
2024-01-12,UA,SEA,PHX,9,0,0,0.2147,Medium
2024-01-16,AS,ORD,MIA,9,0,0,0.1674,Medium
2024-01-10,F9,CLT,SFO,6,1,0,0.1286,Low
2024-01-14,NK,BOS,LAS,14,0,0,0.1421,Low
2024-01-12,WN,ATL,BOS,18,0,1,0.3187,High
2024-01-13,DL,JFK,SFO,18,0,0,0.1978,Medium
2024-01-16,UA,CLT,SFO,20,1,1,0.3508,High
2024-01-10,WN,SEA,DEN,15,0,1,0.2541,Medium
2024-01-13,NK,LAS,BOS,21,0,1,0.3287,High
2024-01-12,F9,JFK,SEA,11,0,1,0.285,Medium
2024-01-15,NK,JFK,ATL,8,0,0,0.126,Low
2024-01-13,NK,SFO,BOS,7,1,0,0.2363,Medium
2024-01-10,AS,ATL,ORD,9,0,0,0.1099,Low
2024-01-11,AA,MIA,PHX,12,0,0,0.1864,Medium
2024-01-13,NK,LAS,SEA,6,0,0,0.147,Low
2024-01-13,B6,ORD,DEN,10,0,1,0.342,High
2024-01-10,B6,JFK,CLT,21,1,1,0.3304,High
2024-01-11,NK,DFW,LAX,17,0,0,0.2323,Medium
2024-01-15,DL,DEN,CLT,10,1,0,0.1184,Low
2024-01-10,WN,LAX,JFK,7,0,0,0.1801,Medium
2024-01-11,AA,MIA,PHX,10,0,0,0.1641,Medium
2024-01-13,NK,LAX,SFO,18,0,0,0.2459,Medium
2024-01-16,AS,DEN,DFW,21,1,1,0.3414,High
2024-01-15,B6,JFK,MIA,22,1,1,0.4353,High
2024-01-16,NK,MIA,SEA,17,0,0,0.179,Medium
2024-01-14,DL,DEN,ATL,9,0,0,0.115,Low
2024-01-12,UA,SFO,CLT,18,0,1,0.2622,Medium
2024-01-14,AS,CLT,PHX,18,1,1,0.3197,High
2024-01-11,NK,SEA,ORD,10,0,0,0.172,Medium
2024-01-12,AS,ORD,BOS,10,1,0,0.189,Medium
2024-01-11,F9,LAX,BOS,15,0,1,0.3246,High
2024-01-11,B6,LAS,ATL,21,1,1,0.3003,High
2024-01-10,F9,BOS,LAS,8,0,0,0.1811,Medium
2024-01-12,F9,JFK,LAS,17,0,1,0.3184,High
2024-01-14,UA,LAX,SFO,20,0,1,0.3344,High
2024-01-14,AS,ATL,ORD,7,0,0,0.1832,Medium
2024-01-12,B6,LAS,DFW,12,1,1,0.2684,Medium
2024-01-15,B6,MIA,LAX,20,0,1,0.358,High
2024-01-10,AA,MIA,CLT,9,0,0,0.2026,Medium
2024-01-11,NK,MIA,JFK,12,0,0,0.2227,Medium
2024-01-11,WN,MIA,LAX,15,1,0,0.228,Medium
2024-01-12,AA,MCO,DFW,21,0,1,0.3915,High
2024-01-15,UA,DEN,JFK,8,0,0,0.1685,Medium
2024-01-14,WN,DFW,PHX,12,1,0,0.1595,Medium
2024-01-14,DL,DFW,LAS,22,0,1,0.3572,High
2024-01-10,F9,JFK,ATL,8,0,0,0.2336,Medium
2024-01-16,AA,SEA,ATL,17,0,1,0.3327,High
2024-01-13,UA,JFK,ORD,6,0,0,0.1652,Medium
2024-01-16,WN,ATL,ORD,9,0,0,0.0858,Low
2024-01-16,UA,DFW,LAS,22,0,1,0.3063,High
2024-01-12,UA,MIA,JFK,21,0,1,0.359,High
2024-01-12,NK,MCO,BOS,15,1,0,0.2252,Medium
2024-01-16,UA,CLT,LAS,6,0,0,0.1796,Medium
2024-01-14,NK,JFK,PHX,18,1,0,0.1965,Medium
2024-01-15,DL,DFW,MIA,10,1,0,0.2386,Medium
2024-01-10,UA,LAX,PHX,19,0,1,0.281,Medium
2024-01-14,B6,MCO,SEA,14,1,0,0.1914,Medium
2024-01-13,AA,LAS,SEA,12,0,1,0.2879,Medium
2024-01-15,DL,ORD,CLT,17,0,1,0.3302,High
2024-01-11,F9,DFW,SEA,7,1,0,0.2343,Medium
2024-01-14,NK,LAX,BOS,6,0,0,0.072,Low
2024-01-11,DL,MCO,JFK,18,1,1,0.2843,Medium
2024-01-15,AS,MCO,DFW,14,1,0,0.2221,Medium
2024-01-16,AA,LAX,PHX,20,0,1,0.315,High
2024-01-12,AA,DEN,ORD,6,0,0,0.2228,Medium
2024-01-16,WN,BOS,MIA,11,0,0,0.1382,Low
2024-01-16,UA,MCO,PHX,6,0,0,0.0466,Low
2024-01-14,F9,CLT,DEN,13,0,1,0.2785,Medium
2024-01-10,F9,MIA,ORD,20,0,1,0.397,High
2024-01-10,DL,PHX,BOS,19,0,0,0.2057,Medium
2024-01-11,F9,SEA,LAX,11,0,0,0.1793,Medium
2024-01-15,WN,JFK,CLT,11,0,0,0.1682,Medium
2024-01-10,B6,CLT,MCO,9,0,0,0.1952,Medium
2024-01-13,F9,MCO,SEA,11,0,1,0.2866,Medium
2024-01-10,AS,ORD,ATL,22,0,1,0.3446,High
2024-01-10,UA,ATL,ORD,14,1,1,0.2652,Medium
2024-01-13,AS,DFW,SFO,14,1,0,0.19,Medium
2024-01-14,AA,LAX,MCO,16,0,0,0.2169,Medium
2024-01-16,NK,MCO,LAS,10,0,0,0.1145,Low
2024-01-15,NK,MCO,DFW,7,1,0,0.086,Low
2024-01-11,B6,SFO,BOS,16,1,1,0.3693,High
2024-01-11,UA,JFK,CLT,15,0,1,0.2759,Medium
2024-01-14,AA,BOS,DEN,11,1,1,0.2687,Medium
2024-01-12,B6,ORD,ATL,17,0,1,0.361,High
2024-01-16,AS,LAX,DEN,8,0,0,0.212,Medium
2024-01-13,AS,PHX,JFK,12,0,0,0.2154,Medium
2024-01-13,B6,LAX,MIA,11,1,0,0.2,Medium
2024-01-14,F9,LAS,CLT,13,0,1,0.3206,High
2024-01-16,UA,SFO,PHX,8,0,0,0.1825,Medium
2024-01-14,F9,SFO,DEN,20,1,1,0.3351,High
2024-01-13,NK,DEN,PHX,7,0,0,0.1212,Low
2024-01-16,AA,SFO,DEN,9,1,1,0.2651,Medium
2024-01-15,DL,SEA,BOS,6,0,0,0.1194,Low
2024-01-12,WN,LAX,ATL,11,0,0,0.1657,Medium
2024-01-15,AS,DFW,SFO,9,0,0,0.0998,Low
2024-01-11,B6,PHX,DFW,14,1,1,0.3387,High
2024-01-11,F9,SEA,LAS,20,0,1,0.2747,Medium
2024-01-15,F9,MIA,CLT,15,1,1,0.2809,Medium
2024-01-12,UA,BOS,CLT,6,0,0,0.1823,Medium
2024-01-12,DL,PHX,LAS,12,0,1,0.2576,Medium
2024-01-13,AS,DEN,SFO,14,1,0,0.2207,Medium
2024-01-13,B6,DFW,SFO,11,1,0,0.1852,Medium
2024-01-15,B6,MCO,ATL,19,1,1,0.2995,Medium
2024-01-13,WN,JFK,MIA,21,0,1,0.3488,High
2024-01-16,WN,LAX,JFK,8,0,0,0.1026,Low
2024-01-12,AA,LAS,PHX,20,1,1,0.3759,High
2024-01-12,AS,BOS,ATL,16,0,1,0.25,Medium
2024-01-12,NK,BOS,PHX,9,0,0,0.1543,Medium
2024-01-10,WN,MIA,ATL,16,0,1,0.297,Medium
2024-01-16,DL,LAX,CLT,14,0,0,0.1773,Medium
2024-01-13,B6,DFW,LAS,15,1,1,0.3284,High
2024-01-15,UA,SEA,ATL,10,0,0,0.1458,Low
2024-01-15,WN,ORD,LAS,18,0,1,0.3277,High
2024-01-14,DL,BOS,ATL,20,0,0,0.2177,Medium
2024-01-13,B6,DEN,LAX,11,0,0,0.1642,Medium
2024-01-11,UA,LAS,BOS,17,1,1,0.2766,Medium
2024-01-10,DL,LAS,DEN,14,1,0,0.2469,Medium
2024-01-15,F9,PHX,MIA,18,0,1,0.3707,High
2024-01-12,AS,BOS,CLT,18,0,0,0.2315,Medium
2024-01-11,AA,LAS,DFW,20,1,1,0.3512,High
2024-01-11,UA,LAX,PHX,8,1,0,0.1512,Medium
2024-01-14,F9,DFW,ORD,19,0,1,0.3481,High
2024-01-12,B6,ORD,CLT,18,1,1,0.4037,High
2024-01-16,NK,PHX,DFW,6,0,0,0.1754,Medium
2024-01-11,NK,MCO,BOS,17,0,1,0.2742,Medium
2024-01-15,AS,DEN,LAS,19,0,1,0.2539,Medium
2024-01-13,B6,LAX,MIA,18,1,1,0.2878,Medium
2024-01-16,NK,DEN,JFK,11,0,0,0.1402,Low
2024-01-11,DL,LAS,CLT,13,0,0,0.1452,Low
2024-01-14,AA,LAS,CLT,17,0,1,0.3398,High
2024-01-13,UA,BOS,SFO,16,0,0,0.2204,Medium
2024-01-12,DL,DFW,LAX,7,0,0,0.0765,Low
2024-01-15,UA,BOS,DFW,13,0,1,0.2663,Medium
2024-01-10,WN,ORD,DFW,10,0,0,0.1542,Medium
2024-01-12,DL,LAS,LAX,15,0,1,0.25,Medium
2024-01-13,AS,SEA,BOS,20,0,1,0.2959,Medium
2024-01-10,AS,BOS,DEN,22,0,1,0.3295,High
2024-01-15,UA,SFO,ATL,20,1,1,0.4184,High
2024-01-16,B6,ORD,DEN,12,1,1,0.2936,Medium
2024-01-10,WN,JFK,SEA,14,0,0,0.1902,Medium
2024-01-14,DL,MCO,DEN,17,0,0,0.1901,Medium
2024-01-13,F9,ATL,DEN,8,0,0,0.2067,Medium
2024-01-13,F9,MIA,BOS,9,1,0,0.2142,Medium
2024-01-12,UA,SEA,LAX,19,0,0,0.204,Medium
2024-01-14,NK,SFO,DFW,14,1,0,0.2328,Medium
2024-01-15,B6,SFO,DFW,10,1,0,0.2233,Medium
2024-01-11,AA,LAS,DFW,13,0,0,0.2095,Medium
2024-01-10,NK,CLT,LAX,18,0,1,0.2584,Medium
2024-01-12,AA,ATL,CLT,7,0,0,0.1869,Medium
2024-01-10,NK,LAX,MCO,12,0,0,0.2129,Medium
2024-01-11,UA,DEN,LAS,13,1,0,0.1452,Low
2024-01-11,B6,CLT,DEN,19,0,1,0.3024,High
2024-01-10,AS,ORD,MIA,18,0,1,0.3133,High
2024-01-13,DL,SFO,ORD,16,1,1,0.2606,Medium
2024-01-12,NK,BOS,JFK,15,0,0,0.1947,Medium
2024-01-13,WN,ORD,DFW,12,1,1,0.2708,Medium
2024-01-13,WN,SFO,ATL,9,1,0,0.18,Medium
2024-01-10,F9,PHX,MCO,9,0,0,0.1453,Low
2024-01-10,F9,MIA,CLT,20,0,1,0.2651,Medium
2024-01-14,DL,DFW,ATL,7,0,0,0.1554,Medium
2024-01-11,F9,DEN,CLT,14,0,1,0.3389,High
2024-01-10,F9,DEN,LAS,7,0,0,0.1437,Low
2024-01-15,WN,DFW,ORD,8,0,0,0.1419,Low
2024-01-12,B6,SFO,MCO,8,0,1,0.3118,High
2024-01-10,F9,LAX,MCO,15,0,1,0.3263,High
2024-01-13,DL,DEN,MCO,18,0,0,0.23,Medium
2024-01-15,WN,PHX,LAS,17,0,1,0.2893,Medium
2024-01-16,F9,PHX,SFO,6,0,0,0.2083,Medium
2024-01-16,F9,ORD,DEN,7,0,0,0.2358,Medium
2024-01-16,UA,DEN,SEA,13,0,1,0.2699,Medium
2024-01-11,F9,MCO,SFO,9,0,0,0.2187,Medium
2024-01-10,B6,BOS,SFO,8,1,1,0.262,Medium
2024-01-10,DL,LAX,SEA,7,0,0,0.1202,Low
2024-01-12,DL,ATL,MCO,19,0,0,0.2022,Medium
2024-01-10,B6,DEN,ATL,19,0,1,0.2573,Medium
2024-01-16,UA,JFK,CLT,8,0,0,0.2175,Medium
2024-01-12,B6,PHX,LAS,14,0,1,0.3039,High
2024-01-10,UA,JFK,DFW,14,0,1,0.2556,Medium
2024-01-15,UA,CLT,DEN,15,0,1,0.2509,Medium
2024-01-10,DL,ATL,DFW,21,1,1,0.2884,Medium
2024-01-16,AA,BOS,PHX,13,0,1,0.2912,Medium
2024-01-14,UA,BOS,DFW,10,1,0,0.1056,Low
2024-01-11,WN,PHX,DFW,10,1,0,0.222,Medium
2024-01-16,DL,DEN,MCO,11,0,0,0.227,Medium
2024-01-12,AS,MCO,DFW,17,1,0,0.1928,Medium
2024-01-12,WN,LAX,JFK,20,0,0,0.2199,Medium
2024-01-11,AA,DFW,SEA,21,0,1,0.3962,High
2024-01-12,AA,MCO,SEA,21,0,1,0.4212,High
2024-01-11,UA,LAX,LAS,18,0,0,0.2473,Medium
2024-01-10,AS,PHX,DEN,22,1,1,0.25,Medium
2024-01-13,DL,ATL,LAS,8,1,0,0.2157,Medium
2024-01-12,UA,MIA,PHX,13,0,0,0.2006,Medium
2024-01-14,F9,MIA,LAX,11,1,0,0.1611,Medium
2024-01-16,AA,LAX,BOS,11,0,0,0.1734,Medium
2024-01-12,DL,LAS,MIA,18,0,1,0.3234,High
2024-01-12,B6,MIA,LAS,19,1,1,0.3927,High
2024-01-12,AA,DFW,PHX,11,0,0,0.2188,Medium
2024-01-11,AS,CLT,MIA,7,0,0,0.0977,Low
2024-01-11,NK,SEA,BOS,22,0,1,0.3808,High
2024-01-14,F9,MIA,SFO,19,1,1,0.3393,High
2024-01-10,DL,SEA,LAX,8,1,0,0.169,Medium
2024-01-15,AS,LAS,BOS,16,0,0,0.2012,Medium
2024-01-10,F9,BOS,MCO,16,0,0,0.2435,Medium
2024-01-11,UA,CLT,LAS,8,1,0,0.1781,Medium
2024-01-14,DL,PHX,BOS,8,0,0,0.2143,Medium
2024-01-14,DL,LAS,LAX,15,1,0,0.1742,Medium
2024-01-15,AS,ATL,DFW,16,0,0,0.1749,Medium
2024-01-15,AA,CLT,ORD,12,0,0,0.2364,Medium
2024-01-15,AS,LAX,LAS,21,1,1,0.3654,High
2024-01-14,DL,JFK,SFO,10,0,0,0.2293,Medium
2024-01-15,AS,SFO,JFK,6,0,0,0.2069,Medium
2024-01-14,B6,MCO,SEA,17,0,1,0.2701,Medium
2024-01-10,AA,SFO,MIA,14,0,1,0.377,High
2024-01-13,NK,ORD,MCO,9,1,1,0.2655,Medium
2024-01-13,DL,PHX,DEN,8,1,0,0.1284,Low
2024-01-12,UA,LAX,DFW,19,1,1,0.2501,Medium
2024-01-11,WN,SFO,ATL,17,0,1,0.2932,Medium
2024-01-10,B6,BOS,MIA,7,0,0,0.1846,Medium
2024-01-15,UA,SFO,CLT,20,1,1,0.3147,High
2024-01-12,AS,ORD,SEA,21,0,1,0.4108,High
2024-01-14,WN,DEN,MIA,14,0,1,0.2574,Medium
2024-01-12,AS,DFW,SEA,13,0,0,0.2246,Medium
2024-01-14,DL,MCO,LAX,20,0,1,0.3208,High
2024-01-10,AS,SEA,LAS,6,0,0,0.1932,Medium
2024-01-15,UA,MIA,SEA,21,1,1,0.2864,Medium
2024-01-11,AA,SEA,MIA,22,0,1,0.3559,High
2024-01-10,UA,DEN,MCO,17,0,1,0.2812,Medium
2024-01-13,WN,JFK,LAX,7,0,0,0.1565,Medium
2024-01-16,NK,SFO,CLT,14,0,1,0.3001,High
2024-01-13,NK,PHX,MIA,6,0,0,0.1212,Low
2024-01-13,B6,LAX,MIA,7,0,0,0.1684,Medium
2024-01-11,B6,DEN,ATL,8,0,0,0.1488,Low
2024-01-12,AS,DEN,CLT,18,0,0,0.2456,Medium
2024-01-11,AA,LAS,SFO,19,0,1,0.283,Medium
2024-01-13,WN,PHX,BOS,9,1,0,0.1654,Medium
2024-01-16,NK,DEN,LAS,10,0,0,0.1334,Low
2024-01-11,AA,SEA,DEN,13,1,1,0.278,Medium
2024-01-10,B6,LAS,ATL,8,0,0,0.2114,Medium
2024-01-13,DL,ATL,DFW,9,0,0,0.221,Medium
2024-01-10,B6,MCO,LAS,16,0,1,0.3251,High
2024-01-16,AA,CLT,SFO,7,1,0,0.2053,Medium
2024-01-10,WN,LAX,DFW,15,0,0,0.208,Medium
2024-01-16,F9,DEN,JFK,22,0,1,0.394,High
2024-01-14,DL,BOS,JFK,11,1,0,0.2483,Medium
2024-01-13,F9,DEN,CLT,21,1,1,0.3848,High
2024-01-13,AA,CLT,JFK,22,0,1,0.3296,High
2024-01-15,AA,LAS,MCO,15,1,0,0.2487,Medium
2024-01-13,DL,PHX,BOS,6,0,0,0.049,Low
2024-01-16,DL,SFO,MIA,17,0,1,0.3618,High
2024-01-13,AS,SEA,MCO,16,0,0,0.2019,Medium
2024-01-15,B6,JFK,LAS,13,0,0,0.185,Medium
2024-01-10,AS,DEN,MIA,17,0,0,0.1897,Medium
2024-01-14,B6,LAX,PHX,17,0,0,0.2276,Medium
2024-01-16,UA,ATL,SFO,21,0,1,0.2535,Medium
2024-01-13,AA,LAS,JFK,16,0,1,0.323,High
2024-01-15,AS,MCO,LAS,9,0,0,0.2092,Medium
2024-01-10,AA,JFK,MIA,14,1,1,0.318,High
2024-01-12,AS,PHX,ATL,21,1,1,0.3509,High
2024-01-15,AS,LAS,LAX,18,1,1,0.2862,Medium
2024-01-12,NK,MCO,SFO,10,0,0,0.1099,Low
2024-01-13,UA,MIA,MCO,11,0,0,0.1421,Low
2024-01-14,WN,DFW,ATL,7,1,0,0.1006,Low
2024-01-15,AS,PHX,DFW,7,0,0,0.2042,Medium
2024-01-16,WN,ORD,LAX,16,0,0,0.2499,Medium
2024-01-11,DL,MIA,SFO,22,1,1,0.2986,Medium
2024-01-13,DL,ATL,PHX,15,0,0,0.2297,Medium
2024-01-15,WN,DEN,ORD,7,0,0,0.1818,Medium
2024-01-15,WN,MIA,MCO,13,0,0,0.2337,Medium
2024-01-12,B6,SFO,MIA,7,0,1,0.2802,Medium
2024-01-11,B6,MIA,LAX,20,1,1,0.3824,High
2024-01-13,AS,DEN,SEA,13,1,0,0.1804,Medium
2024-01-10,NK,LAS,SEA,11,0,0,0.2073,Medium
2024-01-15,F9,CLT,SFO,18,1,1,0.2911,Medium
2024-01-14,NK,ORD,SFO,18,0,1,0.3721,High
2024-01-15,AS,JFK,ATL,6,0,0,0.1085,Low
2024-01-15,WN,LAX,LAS,12,0,0,0.2246,Medium
2024-01-15,WN,ATL,MIA,7,0,0,0.0618,Low
2024-01-14,F9,MCO,ORD,13,0,0,0.2096,Medium
2024-01-15,DL,JFK,BOS,14,1,0,0.2326,Medium
2024-01-10,F9,ATL,DFW,10,1,0,0.1484,Low
2024-01-13,AS,SEA,DFW,16,0,1,0.2961,Medium
2024-01-12,F9,BOS,CLT,9,0,0,0.1537,Medium
2024-01-12,AA,MCO,ATL,16,1,1,0.3563,High
2024-01-10,UA,CLT,LAX,6,0,0,0.1389,Low
2024-01-16,WN,CLT,LAS,10,0,0,0.1071,Low
2024-01-10,NK,CLT,DFW,19,1,1,0.2768,Medium
2024-01-12,AA,MIA,DEN,7,0,0,0.159,Medium
2024-01-11,AS,JFK,DEN,8,0,0,0.1273,Low
2024-01-11,B6,SEA,CLT,11,1,1,0.2626,Medium
2024-01-11,NK,CLT,PHX,6,0,0,0.1304,Low
2024-01-11,NK,PHX,CLT,13,0,1,0.2717,Medium
2024-01-11,AA,BOS,LAS,10,0,0,0.1611,Medium
2024-01-15,NK,MCO,LAX,17,0,1,0.2525,Medium
2024-01-12,UA,SEA,SFO,19,1,0,0.2313,Medium
2024-01-11,F9,SFO,JFK,19,0,1,0.3372,High
2024-01-16,DL,SEA,BOS,13,1,0,0.1306,Low
2024-01-12,NK,PHX,JFK,16,0,0,0.2067,Medium
2024-01-10,DL,CLT,DFW,7,0,0,0.1225,Low
2024-01-13,WN,DEN,BOS,18,1,1,0.2745,Medium
2024-01-11,DL,LAS,SEA,22,0,1,0.3561,High
2024-01-14,AA,SFO,ATL,14,0,1,0.3782,High
2024-01-13,AS,DEN,ORD,21,1,1,0.3133,High
2024-01-15,AS,BOS,MIA,22,0,1,0.307,High
2024-01-11,AA,BOS,SFO,22,0,1,0.3267,High
2024-01-16,B6,BOS,SFO,18,1,1,0.3087,High
2024-01-12,AA,MCO,LAX,6,1,0,0.2078,Medium
2024-01-13,NK,LAS,JFK,13,0,0,0.2032,Medium
2024-01-15,DL,CLT,DFW,20,0,1,0.3423,High
2024-01-14,AA,PHX,MCO,19,0,1,0.359,High
2024-01-13,WN,PHX,MCO,15,0,0,0.2024,Medium
2024-01-10,DL,PHX,SFO,6,0,0,0.0689,Low
2024-01-16,WN,LAS,CLT,8,0,0,0.1653,Medium
2024-01-13,AS,DEN,MCO,11,0,1,0.2534,Medium
2024-01-13,AS,SEA,ORD,6,0,0,0.072,Low
2024-01-12,AA,DEN,CLT,8,0,0,0.2224,Medium
2024-01-10,F9,PHX,BOS,19,0,1,0.3584,High
2024-01-16,NK,BOS,LAX,6,0,0,0.0597,Low
2024-01-13,AA,ATL,DFW,7,0,0,0.1993,Medium
2024-01-12,UA,LAS,BOS,14,0,0,0.1933,Medium
2024-01-16,F9,LAS,LAX,12,0,1,0.2804,Medium
2024-01-15,B6,ORD,CLT,21,0,1,0.442,High
2024-01-13,F9,LAX,CLT,16,0,1,0.3082,High
2024-01-14,NK,MCO,JFK,16,0,0,0.2459,Medium
2024-01-16,AS,LAX,ATL,10,0,0,0.1589,Medium
2024-01-14,AA,LAS,BOS,6,0,0,0.2429,Medium
2024-01-14,DL,DFW,BOS,18,0,1,0.284,Medium
2024-01-10,NK,PHX,MIA,8,0,0,0.1288,Low
2024-01-12,AA,CLT,ATL,20,0,1,0.3899,High
2024-01-10,B6,BOS,ATL,22,0,1,0.4149,High
2024-01-11,AA,MCO,LAX,22,1,1,0.3906,High
2024-01-12,NK,PHX,ATL,12,0,0,0.1946,Medium
2024-01-12,B6,MIA,PHX,21,1,1,0.3935,High
2024-01-12,NK,JFK,MIA,6,0,0,0.1168,Low
2024-01-16,DL,BOS,MIA,10,1,0,0.1068,Low
2024-01-13,WN,JFK,MIA,22,0,1,0.2837,Medium
2024-01-16,AA,CLT,ORD,8,0,1,0.2642,Medium
2024-01-12,AA,DFW,ORD,20,0,1,0.3414,High
2024-01-11,AS,SEA,DFW,12,1,0,0.156,Medium
2024-01-14,DL,SFO,LAX,13,0,0,0.2331,Medium
2024-01-10,AS,LAX,LAS,14,0,0,0.1635,Medium
2024-01-15,DL,MCO,CLT,14,0,0,0.144,Low
2024-01-10,UA,SEA,DEN,15,0,0,0.2006,Medium
2024-01-15,WN,DEN,MCO,6,0,0,0.1827,Medium
2024-01-15,UA,JFK,MIA,17,1,1,0.2847,Medium
2024-01-12,DL,ATL,DFW,12,0,0,0.1541,Medium
2024-01-13,F9,SEA,CLT,10,0,0,0.2194,Medium
2024-01-15,F9,MIA,CLT,22,1,1,0.3815,High
2024-01-11,NK,DEN,ATL,8,0,0,0.2082,Medium
2024-01-13,AA,CLT,DFW,10,1,1,0.2681,Medium
2024-01-12,AA,ORD,JFK,20,0,1,0.3759,High
2024-01-16,AS,CLT,DEN,19,0,1,0.3498,High
2024-01-12,F9,BOS,LAX,6,0,0,0.1003,Low
2024-01-15,F9,LAX,SFO,16,0,1,0.2827,Medium
2024-01-10,F9,ATL,BOS,17,0,1,0.314,High
2024-01-14,F9,MIA,PHX,19,0,1,0.3839,High
2024-01-14,NK,DFW,LAS,13,0,0,0.1628,Medium
2024-01-10,DL,ATL,CLT,18,1,1,0.2648,Medium
2024-01-10,F9,DEN,MIA,6,0,0,0.162,Medium
2024-01-16,DL,LAX,DFW,20,1,1,0.3134,High
2024-01-15,UA,ORD,ATL,15,0,0,0.2447,Medium
2024-01-12,NK,SEA,ORD,9,0,0,0.1129,Low
2024-01-15,AA,PHX,LAX,14,0,1,0.2816,Medium
2024-01-12,DL,MIA,SFO,21,0,1,0.3369,High
2024-01-11,B6,MCO,SEA,22,0,1,0.3395,High
2024-01-10,B6,ORD,DFW,20,1,1,0.4337,High
2024-01-15,B6,CLT,ATL,20,1,1,0.285,Medium
2024-01-11,WN,MIA,ORD,16,0,1,0.2913,Medium
2024-01-16,WN,LAX,DFW,15,0,1,0.2513,Medium
2024-01-16,B6,BOS,ATL,14,0,1,0.3144,High
2024-01-12,AS,MIA,MCO,20,0,1,0.3245,High
2024-01-14,F9,ORD,JFK,16,1,1,0.3532,High
2024-01-11,NK,DEN,SEA,6,0,0,0.0595,Low
2024-01-10,F9,DFW,LAX,18,0,1,0.3649,High
2024-01-10,AA,DFW,ORD,20,0,1,0.3691,High
2024-01-13,NK,LAX,ATL,12,0,0,0.1918,Medium
2024-01-11,F9,LAX,DEN,19,1,1,0.3729,High
2024-01-16,AA,CLT,ATL,16,1,1,0.3341,High
2024-01-15,AA,MIA,CLT,9,0,0,0.2386,Medium
2024-01-12,DL,SFO,CLT,20,0,1,0.3637,High
2024-01-15,AS,MCO,ORD,18,0,0,0.2414,Medium
2024-01-12,AA,LAX,CLT,8,0,0,0.1663,Medium
2024-01-12,B6,LAX,ORD,9,1,1,0.2767,Medium
2024-01-13,AS,BOS,SEA,17,1,1,0.2997,Medium
2024-01-12,F9,SFO,ATL,16,1,1,0.2861,Medium
2024-01-14,WN,JFK,LAS,20,0,1,0.32,High
2024-01-14,AA,JFK,DEN,19,0,1,0.3933,High
2024-01-12,AS,MCO,DFW,10,0,0,0.1084,Low
2024-01-13,DL,BOS,LAX,8,1,0,0.1828,Medium
2024-01-12,NK,BOS,SFO,10,0,0,0.235,Medium
2024-01-10,DL,LAX,DEN,19,0,0,0.2013,Medium
2024-01-14,DL,PHX,SEA,21,0,1,0.2779,Medium
2024-01-14,UA,CLT,LAS,18,0,1,0.328,High
2024-01-12,AS,MCO,LAS,14,1,0,0.2362,Medium
2024-01-14,UA,BOS,MIA,14,0,0,0.1977,Medium
2024-01-16,WN,LAX,ATL,20,0,0,0.2199,Medium
2024-01-11,B6,CLT,MIA,14,0,0,0.2258,Medium
2024-01-14,UA,ATL,MIA,10,0,0,0.232,Medium
2024-01-15,NK,SFO,JFK,13,0,1,0.2559,Medium
2024-01-11,F9,ORD,CLT,14,0,1,0.2713,Medium
2024-01-12,F9,SFO,JFK,20,0,1,0.4053,High
2024-01-10,AA,MIA,LAX,22,0,1,0.3257,High
2024-01-12,WN,LAS,ATL,13,0,0,0.1387,Low
2024-01-14,AS,ATL,SFO,16,1,0,0.1916,Medium
2024-01-14,AS,PHX,JFK,7,0,0,0.0777,Low
2024-01-12,NK,BOS,DEN,12,0,1,0.2658,Medium
2024-01-14,AS,PHX,SFO,9,0,0,0.2109,Medium
2024-01-13,DL,MCO,JFK,7,0,0,0.072,Low
2024-01-11,DL,MCO,ATL,12,0,0,0.1715,Medium
2024-01-13,NK,JFK,PHX,8,1,0,0.1361,Low
2024-01-14,UA,CLT,LAX,7,0,0,0.1228,Low
2024-01-16,UA,JFK,DEN,11,0,0,0.1514,Medium
2024-01-12,UA,JFK,MCO,7,1,0,0.1462,Low
2024-01-11,AA,MCO,DEN,9,0,1,0.2551,Medium
2024-01-13,AA,DEN,MIA,18,0,1,0.3762,High
2024-01-16,F9,BOS,DFW,19,0,1,0.3414,High
2024-01-10,AA,LAX,JFK,15,0,0,0.2084,Medium
2024-01-10,NK,LAS,LAX,9,1,0,0.182,Medium
2024-01-13,AA,MIA,LAX,14,0,1,0.2562,Medium
2024-01-16,B6,SFO,SEA,16,1,1,0.2873,Medium
2024-01-12,F9,MIA,SFO,12,0,1,0.3091,High
2024-01-12,DL,ATL,CLT,18,0,1,0.3369,High
2024-01-15,AS,BOS,JFK,20,0,1,0.2961,Medium
2024-01-16,DL,DFW,ORD,14,0,0,0.1659,Medium
2024-01-14,B6,LAS,CLT,18,1,1,0.3793,High
2024-01-12,NK,DFW,LAX,20,0,1,0.3153,High
2024-01-15,AS,MIA,DFW,11,0,0,0.2285,Medium
2024-01-15,B6,ORD,SFO,18,0,1,0.2998,Medium
2024-01-13,UA,PHX,MIA,7,0,0,0.1677,Medium
2024-01-12,NK,PHX,ATL,16,0,1,0.251,Medium
2024-01-16,AS,MIA,BOS,22,0,1,0.2793,Medium
2024-01-14,WN,LAX,CLT,16,0,1,0.2813,Medium
2024-01-12,NK,DFW,LAS,21,0,1,0.3258,High
2024-01-13,WN,DFW,MIA,22,0,0,0.2396,Medium
2024-01-16,NK,LAX,BOS,10,0,0,0.162,Medium
2024-01-15,WN,CLT,MIA,18,0,0,0.2049,Medium
2024-01-15,NK,LAS,SFO,22,0,1,0.3699,High
2024-01-10,B6,DFW,BOS,21,0,1,0.3532,High
2024-01-12,WN,PHX,JFK,10,0,0,0.2327,Medium
2024-01-14,AA,ORD,DEN,11,0,1,0.3402,High
2024-01-12,B6,ORD,SEA,22,0,1,0.4363,High
2024-01-12,UA,LAS,LAX,15,0,1,0.2682,Medium
2024-01-15,F9,DFW,LAS,12,1,0,0.2421,Medium
2024-01-16,AS,SFO,ORD,8,0,0,0.1639,Medium
2024-01-15,AA,BOS,JFK,11,0,1,0.2732,Medium
2024-01-10,WN,DFW,SEA,21,1,1,0.3158,High
2024-01-14,AA,LAX,DEN,22,1,1,0.337,High
2024-01-11,AA,DEN,SFO,7,0,0,0.1504,Medium
2024-01-13,AS,DEN,CLT,12,0,1,0.2648,Medium
2024-01-11,UA,LAX,ATL,22,0,1,0.2839,Medium
2024-01-13,AA,DEN,SEA,21,1,1,0.4247,High
2024-01-14,UA,CLT,ORD,21,0,1,0.2896,Medium
2024-01-10,UA,MCO,ORD,14,0,0,0.1825,Medium
2024-01-15,F9,MIA,SEA,16,0,1,0.2761,Medium
2024-01-14,AA,LAX,LAS,6,0,0,0.1851,Medium
2024-01-10,AA,PHX,ATL,10,0,0,0.2136,Medium
2024-01-12,B6,MCO,SFO,15,1,1,0.3526,High
2024-01-10,WN,JFK,SFO,6,0,0,0.0509,Low
2024-01-10,B6,LAS,ATL,16,1,1,0.3353,High
2024-01-11,AS,ATL,PHX,20,1,1,0.3534,High
2024-01-11,AS,LAS,ORD,19,1,1,0.3332,High
2024-01-12,DL,JFK,DEN,10,0,0,0.1898,Medium
2024-01-10,WN,LAS,SEA,22,0,1,0.3804,High
2024-01-16,F9,BOS,MIA,8,0,1,0.2533,Medium
2024-01-14,AS,JFK,ORD,19,1,1,0.3149,High
2024-01-11,DL,ORD,DEN,18,0,1,0.3071,High
2024-01-11,DL,SEA,DFW,17,0,1,0.2727,Medium
2024-01-16,UA,LAS,JFK,20,1,1,0.328,High
2024-01-13,DL,LAX,ORD,13,0,1,0.2597,Medium
2024-01-12,UA,LAX,CLT,20,1,1,0.3579,High
2024-01-15,WN,SEA,ATL,6,0,0,0.0467,Low
2024-01-13,AA,DEN,SFO,10,0,0,0.2305,Medium
2024-01-13,AA,LAX,LAS,22,0,1,0.2952,Medium
2024-01-10,AA,ATL,SEA,13,0,1,0.3097,High
2024-01-13,B6,CLT,BOS,15,0,0,0.224,Medium
2024-01-13,NK,CLT,MIA,11,1,1,0.2531,Medium
2024-01-15,AS,ORD,DFW,19,1,1,0.3935,High
2024-01-16,F9,CLT,PHX,13,0,1,0.2783,Medium
2024-01-12,F9,SEA,PHX,17,0,1,0.3288,High
2024-01-14,B6,JFK,SEA,16,1,1,0.3062,High
2024-01-10,DL,MIA,LAX,11,1,0,0.1838,Medium
2024-01-11,AS,LAS,SEA,13,1,0,0.2182,Medium
2024-01-15,AA,SFO,ORD,19,1,1,0.3586,High
2024-01-13,UA,DFW,CLT,7,0,0,0.1499,Low
2024-01-11,UA,BOS,CLT,16,0,0,0.1886,Medium
2024-01-14,AA,MIA,LAS,10,0,1,0.2802,Medium
2024-01-10,DL,DFW,MCO,19,1,1,0.3467,High
2024-01-10,WN,SFO,CLT,6,0,0,0.1518,Medium
2024-01-15,WN,SFO,DEN,22,0,1,0.3591,High
2024-01-16,AS,CLT,DEN,16,0,0,0.2263,Medium
2024-01-12,WN,PHX,JFK,10,1,0,0.1785,Medium
2024-01-10,B6,SFO,CLT,10,1,0,0.2282,Medium
2024-01-11,UA,JFK,SEA,20,0,0,0.2419,Medium
2024-01-14,UA,SEA,DFW,14,0,0,0.1671,Medium
2024-01-13,WN,ATL,SEA,9,1,0,0.1849,Medium
2024-01-14,NK,MIA,DFW,16,0,1,0.3017,High
2024-01-14,AS,ATL,SEA,17,0,0,0.249,Medium
2024-01-15,NK,ATL,JFK,19,0,0,0.2091,Medium
2024-01-15,NK,DEN,PHX,16,0,0,0.1718,Medium
2024-01-14,AS,LAS,SFO,8,0,0,0.1692,Medium
2024-01-15,AA,PHX,ORD,18,0,1,0.2885,Medium
2024-01-13,UA,BOS,MCO,6,0,0,0.1501,Medium
2024-01-13,UA,LAX,PHX,6,1,0,0.078,Low
2024-01-10,UA,DEN,JFK,20,1,1,0.3296,High
2024-01-10,UA,JFK,SEA,19,1,1,0.2847,Medium
2024-01-14,UA,CLT,LAX,18,1,1,0.2608,Medium
2024-01-13,AS,DFW,MCO,11,1,0,0.2306,Medium
2024-01-12,NK,MCO,LAX,13,0,0,0.1628,Medium
2024-01-15,WN,ORD,CLT,15,0,1,0.3375,High
2024-01-16,AS,LAX,ORD,8,0,0,0.1157,Low
2024-01-10,UA,CLT,DFW,18,0,1,0.3137,High
2024-01-14,AA,SFO,SEA,21,0,1,0.4758,High
2024-01-12,WN,DEN,DFW,11,0,0,0.2401,Medium
2024-01-14,DL,ORD,BOS,16,1,1,0.303,High
2024-01-11,UA,ORD,SEA,11,0,0,0.2173,Medium
2024-01-15,NK,BOS,DEN,10,0,0,0.114,Low
2024-01-14,UA,MCO,PHX,20,1,1,0.3028,High
2024-01-15,NK,CLT,JFK,21,0,0,0.2469,Medium
2024-01-14,AA,LAX,ORD,22,0,1,0.3673,High
2024-01-10,UA,DEN,MCO,11,0,0,0.2287,Medium
2024-01-13,AS,LAS,JFK,18,0,1,0.2605,Medium
2024-01-16,B6,MIA,PHX,20,0,1,0.3358,High
2024-01-12,B6,DEN,ORD,22,0,1,0.311,High
2024-01-14,DL,DFW,MCO,14,1,0,0.2339,Medium
2024-01-11,UA,SEA,MIA,15,0,0,0.1859,Medium
2024-01-16,F9,LAX,BOS,17,0,1,0.3314,High
2024-01-12,WN,JFK,BOS,12,0,0,0.2021,Medium
2024-01-16,DL,LAX,PHX,14,1,1,0.2584,Medium
2024-01-15,AS,ORD,LAS,11,0,1,0.2997,Medium
2024-01-13,DL,ORD,DFW,10,0,0,0.2034,Medium
2024-01-13,UA,SEA,DFW,13,0,0,0.1543,Medium
2024-01-15,DL,PHX,LAX,6,0,0,0.057,Low
2024-01-10,WN,PHX,JFK,13,1,0,0.1507,Medium
2024-01-11,F9,BOS,DFW,19,0,1,0.2811,Medium
2024-01-11,F9,DEN,LAX,9,0,0,0.1918,Medium
2024-01-16,B6,SEA,JFK,16,0,1,0.3294,High
2024-01-13,DL,CLT,DFW,19,0,0,0.209,Medium
2024-01-15,DL,ATL,CLT,9,0,0,0.138,Low
2024-01-11,NK,JFK,BOS,22,0,1,0.3028,High
2024-01-12,B6,JFK,CLT,17,1,1,0.3727,High
2024-01-15,UA,JFK,CLT,12,0,0,0.1492,Low
2024-01-15,NK,JFK,LAS,8,0,0,0.1286,Low
2024-01-14,DL,DFW,JFK,6,0,0,0.0462,Low
2024-01-15,B6,DEN,BOS,11,1,0,0.2002,Medium
2024-01-14,NK,SFO,ORD,7,0,0,0.1689,Medium
2024-01-16,DL,JFK,CLT,8,0,0,0.1569,Medium
2024-01-16,AA,BOS,CLT,6,0,0,0.1317,Low
2024-01-12,AS,MIA,BOS,22,1,1,0.3016,High
2024-01-15,AS,ORD,JFK,21,1,1,0.375,High
2024-01-10,B6,CLT,JFK,6,0,0,0.1598,Medium
2024-01-16,UA,ATL,PHX,13,0,0,0.1493,Low
2024-01-13,AS,CLT,ATL,6,0,0,0.1144,Low
2024-01-10,AS,SFO,LAX,21,1,1,0.4134,High
2024-01-13,NK,MIA,ATL,22,0,1,0.31,High
2024-01-13,NK,MIA,LAS,19,0,1,0.3337,High
2024-01-12,B6,CLT,SEA,11,0,0,0.2003,Medium
2024-01-16,UA,MIA,CLT,8,0,0,0.1751,Medium
2024-01-15,UA,LAS,LAX,15,0,1,0.2654,Medium
2024-01-13,WN,MCO,SFO,17,1,1,0.305,High
2024-01-15,AA,DFW,ATL,15,0,1,0.3421,High
2024-01-10,AS,MCO,SEA,18,0,1,0.2782,Medium
2024-01-16,WN,CLT,MIA,6,0,0,0.1376,Low
2024-01-15,NK,ATL,LAX,6,1,0,0.1904,Medium
2024-01-11,AA,BOS,SFO,9,0,0,0.15,Medium
2024-01-13,B6,SEA,MIA,9,0,0,0.2373,Medium
2024-01-12,B6,JFK,LAS,19,0,1,0.3972,High
2024-01-11,B6,PHX,CLT,13,0,0,0.2281,Medium
2024-01-13,AA,SFO,PHX,18,0,1,0.3089,High
2024-01-13,F9,LAX,SEA,13,0,0,0.2091,Medium
2024-01-15,UA,JFK,CLT,21,0,1,0.3563,High
2024-01-12,DL,LAX,ORD,22,0,1,0.3229,High
2024-01-13,NK,MCO,MIA,19,1,0,0.2034,Medium
2024-01-14,AA,PHX,SFO,16,0,0,0.2309,Medium
2024-01-13,F9,SFO,DFW,19,0,1,0.3119,High
2024-01-12,NK,LAS,SEA,13,1,1,0.253,Medium
2024-01-15,UA,BOS,MIA,14,0,0,0.2253,Medium
2024-01-11,WN,MIA,BOS,9,0,0,0.1482,Low
2024-01-11,DL,DEN,ATL,19,0,1,0.2816,Medium
2024-01-12,AS,PHX,ATL,15,1,0,0.2336,Medium
2024-01-16,AS,ATL,DFW,9,0,0,0.2234,Medium
2024-01-15,DL,MIA,ORD,15,0,1,0.2946,Medium
2024-01-13,AS,BOS,MCO,15,1,0,0.19,Medium
2024-01-15,B6,ATL,BOS,10,0,0,0.1881,Medium
2024-01-14,NK,SEA,PHX,6,0,0,0.1559,Medium
2024-01-15,B6,DFW,LAS,14,0,0,0.2474,Medium
2024-01-16,AS,LAX,ATL,16,0,0,0.2323,Medium
2024-01-16,DL,MCO,JFK,10,0,0,0.1058,Low
2024-01-10,F9,BOS,PHX,17,1,1,0.2731,Medium
2024-01-12,DL,ATL,SEA,9,0,0,0.0903,Low
2024-01-11,UA,MCO,JFK,20,0,1,0.3291,High
2024-01-16,DL,SFO,BOS,20,0,1,0.3702,High
2024-01-14,F9,PHX,MIA,17,0,0,0.2433,Medium
2024-01-13,AS,LAX,CLT,7,0,0,0.0852,Low
2024-01-13,F9,BOS,DEN,12,0,0,0.199,Medium
2024-01-15,AA,LAS,DEN,11,1,0,0.2188,Medium
2024-01-15,DL,ORD,CLT,17,0,1,0.3053,High
2024-01-12,UA,CLT,SEA,22,0,1,0.3732,High
2024-01-14,WN,ORD,CLT,15,0,0,0.2264,Medium
2024-01-11,AS,DFW,SFO,13,0,0,0.1301,Low
2024-01-15,F9,DFW,BOS,15,0,1,0.3137,High
2024-01-16,AA,DEN,MIA,22,0,1,0.3085,High
2024-01-16,NK,SFO,DFW,6,0,0,0.1289,Low
2024-01-15,B6,MIA,DFW,17,0,1,0.3082,High
2024-01-16,UA,ATL,SFO,21,0,1,0.2946,Medium
2024-01-13,DL,ATL,DFW,22,0,1,0.2748,Medium
2024-01-11,WN,CLT,LAX,11,0,0,0.2066,Medium
2024-01-13,AA,LAX,LAS,16,1,1,0.2621,Medium
2024-01-14,B6,DFW,PHX,9,0,1,0.2782,Medium
2024-01-15,DL,ATL,LAX,17,0,0,0.214,Medium
2024-01-14,DL,LAS,LAX,21,0,1,0.3643,High
2024-01-11,NK,ATL,DEN,20,0,1,0.3076,High
2024-01-12,AA,SFO,ATL,8,0,0,0.1966,Medium
2024-01-14,F9,SFO,MIA,10,0,1,0.2952,Medium
2024-01-11,B6,JFK,BOS,13,0,0,0.2368,Medium
2024-01-16,DL,PHX,BOS,12,0,0,0.212,Medium
2024-01-15,AA,SEA,DFW,11,0,0,0.24,Medium
2024-01-10,NK,CLT,SEA,8,1,0,0.1685,Medium
2024-01-11,B6,DFW,MCO,11,1,0,0.1791,Medium
2024-01-12,DL,MIA,SFO,10,0,0,0.181,Medium
2024-01-16,B6,SEA,MIA,14,0,0,0.2383,Medium
2024-01-15,F9,DEN,PHX,6,0,0,0.0955,Low
2024-01-15,DL,LAX,DFW,18,0,1,0.3092,High
2024-01-14,B6,LAX,SFO,13,0,0,0.2455,Medium
2024-01-15,F9,LAX,LAS,22,1,1,0.31,High
2024-01-11,NK,BOS,DFW,9,0,0,0.1476,Low
2024-01-16,AS,ATL,ORD,21,0,1,0.3075,High
2024-01-14,DL,SEA,MIA,19,1,0,0.2486,Medium
2024-01-13,AS,JFK,PHX,12,1,0,0.2465,Medium
2024-01-13,NK,JFK,LAS,14,0,0,0.144,Low
2024-01-14,UA,MCO,ORD,22,0,1,0.3328,High
2024-01-15,UA,SEA,PHX,22,0,1,0.2681,Medium
2024-01-14,DL,ORD,CLT,10,1,1,0.2624,Medium
2024-01-14,WN,CLT,MCO,15,0,0,0.2141,Medium
2024-01-11,DL,LAS,JFK,21,0,1,0.2633,Medium
2024-01-11,DL,MCO,DFW,12,0,0,0.1373,Low
2024-01-14,UA,SEA,PHX,21,1,1,0.3374,High
2024-01-16,NK,LAX,ATL,10,1,0,0.1342,Low
2024-01-16,NK,MCO,SFO,9,0,0,0.1493,Low
2024-01-11,B6,CLT,JFK,22,0,1,0.3304,High
2024-01-10,B6,SEA,PHX,16,0,0,0.2433,Medium
2024-01-11,UA,BOS,MCO,17,0,1,0.2774,Medium
2024-01-12,NK,CLT,MCO,22,1,1,0.3053,High
2024-01-12,AA,PHX,LAX,17,0,1,0.2685,Medium
2024-01-15,AS,CLT,LAS,13,0,0,0.2494,Medium
2024-01-11,B6,DEN,BOS,7,0,0,0.1195,Low
2024-01-13,F9,CLT,MCO,19,0,1,0.2934,Medium
2024-01-15,AA,DEN,LAS,20,0,1,0.2893,Medium
2024-01-13,AS,MIA,PHX,21,0,1,0.286,Medium
2024-01-14,F9,BOS,ORD,20,1,1,0.3334,High
2024-01-11,WN,LAS,PHX,12,0,0,0.1937,Medium
2024-01-10,AA,SEA,PHX,22,0,1,0.3926,High
2024-01-14,WN,LAS,MCO,16,0,0,0.1954,Medium
2024-01-16,AS,MIA,ORD,17,0,0,0.2257,Medium
2024-01-10,AA,DEN,PHX,19,0,1,0.3603,High
2024-01-14,WN,LAX,SFO,17,0,1,0.3001,High
2024-01-14,DL,JFK,PHX,17,1,0,0.2475,Medium
2024-01-13,AS,MCO,ATL,10,0,0,0.1558,Medium
2024-01-15,DL,MIA,BOS,9,1,0,0.2197,Medium
2024-01-16,DL,LAS,ORD,22,0,1,0.2931,Medium
2024-01-16,F9,ORD,LAS,12,0,1,0.2631,Medium
2024-01-13,NK,ATL,LAS,20,0,1,0.3463,High
2024-01-12,NK,BOS,SEA,11,0,0,0.1549,Medium
2024-01-12,UA,MIA,SFO,21,0,1,0.2739,Medium
2024-01-16,AA,MIA,LAX,7,0,0,0.1983,Medium
2024-01-12,UA,PHX,ORD,21,0,1,0.2658,Medium
2024-01-13,AS,DFW,JFK,16,0,0,0.244,Medium
2024-01-12,AS,BOS,JFK,6,0,0,0.1298,Low
2024-01-12,WN,SFO,PHX,16,0,1,0.2998,Medium
2024-01-13,DL,MIA,CLT,21,0,1,0.3059,High
2024-01-12,AS,LAX,SFO,16,0,1,0.306,High
2024-01-10,DL,PHX,BOS,9,0,0,0.1693,Medium
2024-01-10,AA,JFK,DFW,6,0,0,0.2139,Medium
2024-01-11,UA,MIA,BOS,22,0,1,0.3082,High
2024-01-11,AS,LAS,PHX,22,0,1,0.3171,High
2024-01-12,AS,MCO,DFW,11,0,0,0.1988,Medium
2024-01-13,F9,LAS,DEN,9,0,0,0.2366,Medium
2024-01-15,DL,DEN,MCO,10,1,0,0.2231,Medium
2024-01-16,UA,LAS,SEA,15,0,0,0.2482,Medium
2024-01-11,B6,CLT,LAX,14,0,1,0.2581,Medium
2024-01-12,AS,BOS,SFO,19,0,0,0.21,Medium
2024-01-16,AS,SEA,DFW,20,0,1,0.282,Medium
2024-01-15,B6,DFW,BOS,17,0,1,0.2917,Medium
2024-01-12,AS,MIA,LAS,9,0,0,0.1223,Low
2024-01-10,UA,BOS,ATL,7,0,0,0.1215,Low
2024-01-15,DL,SFO,CLT,12,0,0,0.1772,Medium
2024-01-12,UA,BOS,ORD,7,0,0,0.1209,Low
2024-01-13,WN,PHX,JFK,8,0,0,0.078,Low
2024-01-16,AS,MIA,CLT,14,0,0,0.2223,Medium
2024-01-11,AS,MCO,DFW,13,0,0,0.1616,Medium
2024-01-10,DL,PHX,JFK,14,0,1,0.2587,Medium
2024-01-13,AA,CLT,LAX,20,0,1,0.3155,High
2024-01-15,NK,ATL,LAS,12,0,0,0.2014,Medium
2024-01-13,AS,LAS,PHX,13,0,0,0.1302,Low
2024-01-14,AA,CLT,BOS,9,0,0,0.1427,Low
2024-01-11,AA,LAS,MCO,10,0,0,0.2475,Medium
2024-01-14,F9,MIA,BOS,9,0,1,0.2793,Medium
2024-01-15,UA,DFW,LAX,17,0,0,0.1829,Medium
2024-01-13,F9,ORD,JFK,19,0,1,0.3311,High
2024-01-16,F9,SFO,MCO,10,0,0,0.2269,Medium
2024-01-15,UA,DEN,LAX,20,0,1,0.2863,Medium
2024-01-15,DL,ORD,ATL,6,0,0,0.2178,Medium
2024-01-15,WN,MCO,SEA,6,0,0,0.1571,Medium
2024-01-10,NK,SEA,SFO,15,0,0,0.2283,Medium
2024-01-16,UA,JFK,PHX,20,1,1,0.3244,High
2024-01-10,F9,LAS,CLT,15,0,1,0.3264,High
2024-01-14,F9,CLT,MIA,12,0,0,0.1765,Medium
2024-01-13,NK,LAX,ATL,13,0,1,0.2757,Medium
2024-01-13,F9,MCO,DFW,22,0,1,0.317,High
2024-01-16,DL,DFW,ORD,6,0,0,0.1569,Medium
2024-01-13,B6,MIA,SFO,21,0,1,0.4089,High
2024-01-15,AS,MIA,ORD,13,0,0,0.1876,Medium
2024-01-13,F9,BOS,DEN,19,0,1,0.307,High
2024-01-10,WN,SFO,SEA,16,0,0,0.2305,Medium
2024-01-15,WN,SEA,DEN,11,0,0,0.2005,Medium
2024-01-11,UA,MIA,SFO,7,0,0,0.0936,Low
2024-01-11,NK,LAX,SEA,19,0,0,0.242,Medium
2024-01-11,AS,MIA,ATL,12,0,0,0.1174,Low
2024-01-11,UA,PHX,DFW,20,1,1,0.3168,High
2024-01-11,DL,CLT,LAX,18,1,1,0.2636,Medium
2024-01-14,F9,LAS,BOS,8,0,1,0.2607,Medium
2024-01-13,UA,JFK,CLT,18,0,0,0.2283,Medium
2024-01-15,NK,LAX,LAS,16,1,0,0.2436,Medium
2024-01-10,NK,ORD,ATL,15,0,1,0.3134,High
2024-01-14,UA,DEN,JFK,19,0,0,0.2438,Medium
2024-01-15,NK,SEA,ATL,6,0,0,0.1256,Low
2024-01-16,F9,SFO,LAX,13,0,1,0.3033,High
2024-01-12,AS,ORD,LAX,22,0,1,0.3228,High
2024-01-10,AS,SFO,MCO,10,0,0,0.1574,Medium
2024-01-10,B6,MIA,LAS,22,1,1,0.4314,High
2024-01-16,B6,BOS,MCO,22,1,1,0.337,High
2024-01-16,AS,LAX,ATL,13,0,0,0.1742,Medium
2024-01-11,F9,CLT,LAX,6,1,0,0.1851,Medium
2024-01-10,AS,MIA,SEA,20,1,1,0.3437,High
2024-01-15,AA,SFO,DEN,13,0,1,0.2562,Medium
2024-01-13,F9,CLT,SFO,9,0,0,0.1376,Low
2024-01-13,AA,MCO,SEA,12,0,0,0.2176,Medium
2024-01-11,NK,LAS,SFO,20,1,1,0.2804,Medium
2024-01-15,WN,SFO,ATL,16,1,1,0.3704,High
2024-01-14,NK,JFK,PHX,14,0,1,0.2572,Medium
2024-01-15,UA,MCO,DEN,6,0,0,0.1655,Medium
2024-01-15,F9,DFW,SFO,22,0,1,0.4227,High
2024-01-14,B6,LAS,MCO,17,0,1,0.2934,Medium
2024-01-13,UA,ORD,MCO,7,0,0,0.1586,Medium
2024-01-11,B6,BOS,PHX,15,0,1,0.2681,Medium
2024-01-14,UA,LAX,CLT,16,1,1,0.2883,Medium
2024-01-14,DL,CLT,MCO,7,0,0,0.0744,Low
2024-01-11,AA,DFW,CLT,11,0,1,0.2509,Medium
2024-01-16,UA,MIA,LAS,14,0,0,0.2046,Medium
2024-01-12,B6,SEA,DEN,14,1,1,0.2735,Medium
2024-01-11,NK,CLT,JFK,16,0,1,0.2706,Medium
2024-01-11,WN,JFK,ORD,18,0,0,0.1921,Medium
2024-01-12,AA,ATL,CLT,7,0,0,0.2063,Medium
2024-01-12,NK,LAX,DEN,15,0,0,0.198,Medium
2024-01-11,DL,MCO,SEA,7,0,0,0.0664,Low
2024-01-13,NK,BOS,LAS,12,0,0,0.2323,Medium
2024-01-15,F9,DEN,BOS,13,1,1,0.2931,Medium
2024-01-13,DL,BOS,SFO,11,0,0,0.1329,Low
2024-01-16,F9,ATL,ORD,16,1,1,0.3029,High
2024-01-15,WN,MCO,LAS,11,1,0,0.2388,Medium
2024-01-13,NK,BOS,PHX,6,0,0,0.1277,Low
2024-01-15,AS,LAX,SEA,11,0,0,0.2078,Medium
2024-01-16,AA,MIA,PHX,17,0,1,0.3035,High
2024-01-13,NK,MIA,ORD,18,0,1,0.328,High
2024-01-15,AA,SEA,SFO,11,0,0,0.2057,Medium
2024-01-15,NK,SFO,ORD,22,1,1,0.3201,High
2024-01-13,AA,LAX,ATL,14,0,1,0.3167,High
2024-01-13,F9,LAX,MCO,12,1,0,0.2058,Medium
2024-01-10,F9,BOS,DFW,16,0,1,0.2561,Medium
2024-01-14,B6,LAX,LAS,11,1,0,0.203,Medium
2024-01-11,UA,MIA,BOS,12,0,0,0.2365,Medium
2024-01-15,AS,LAS,ATL,7,0,0,0.066,Low
2024-01-11,WN,CLT,LAS,7,0,0,0.1536,Medium
2024-01-16,AS,CLT,DEN,20,0,0,0.2362,Medium
2024-01-13,AA,ATL,ORD,14,0,1,0.2507,Medium
2024-01-14,UA,PHX,JFK,13,0,0,0.1404,Low
2024-01-11,NK,JFK,SEA,9,0,0,0.1917,Medium
2024-01-11,DL,JFK,ATL,17,0,0,0.2296,Medium
2024-01-13,F9,DFW,SFO,16,0,0,0.2181,Medium
2024-01-14,AS,LAX,SEA,17,0,1,0.3247,High
2024-01-10,F9,LAS,MCO,15,0,1,0.2662,Medium
2024-01-16,NK,CLT,BOS,13,0,0,0.2045,Medium
2024-01-15,DL,PHX,CLT,6,1,0,0.1845,Medium
2024-01-13,B6,SEA,CLT,6,0,0,0.1032,Low
2024-01-10,F9,LAS,SEA,18,1,1,0.3692,High
2024-01-12,AA,BOS,LAX,21,0,1,0.3689,High
2024-01-10,WN,CLT,ATL,14,0,1,0.2861,Medium
2024-01-13,DL,MIA,MCO,6,0,0,0.1188,Low
2024-01-12,WN,CLT,SEA,12,0,0,0.1445,Low
2024-01-15,NK,LAX,BOS,16,0,0,0.1985,Medium
2024-01-10,DL,MIA,LAX,11,0,0,0.1774,Medium
2024-01-10,AS,MCO,SEA,7,0,0,0.1496,Low
2024-01-15,DL,LAS,BOS,12,0,0,0.189,Medium
2024-01-15,NK,MCO,SEA,13,1,0,0.2362,Medium
2024-01-14,AS,SEA,PHX,18,0,1,0.2541,Medium
2024-01-16,F9,SFO,MIA,6,0,0,0.1853,Medium
2024-01-14,DL,LAS,ATL,15,1,0,0.1914,Medium
2024-01-14,DL,LAS,ATL,18,0,1,0.2645,Medium
2024-01-12,DL,SEA,PHX,19,0,0,0.2263,Medium
2024-01-10,AA,BOS,DFW,9,0,0,0.1676,Medium
2024-01-11,WN,LAS,DEN,10,1,0,0.205,Medium
2024-01-14,B6,ATL,PHX,13,0,0,0.2057,Medium
2024-01-13,B6,MCO,JFK,21,0,1,0.4239,High
2024-01-15,F9,PHX,ATL,6,0,0,0.207,Medium
2024-01-11,UA,LAS,DEN,6,0,0,0.0771,Low
2024-01-15,AA,PHX,SFO,18,0,1,0.2839,Medium
2024-01-13,UA,LAS,DFW,22,0,1,0.3091,High
2024-01-13,AA,DFW,ATL,10,0,0,0.1861,Medium
2024-01-13,AA,LAX,ATL,6,0,0,0.1662,Medium
2024-01-12,UA,SFO,LAS,16,0,1,0.3437,High
2024-01-15,B6,ORD,BOS,19,0,1,0.3616,High
2024-01-16,F9,JFK,ATL,7,0,0,0.2185,Medium
2024-01-14,DL,MIA,PHX,22,0,1,0.2722,Medium
2024-01-15,DL,MIA,CLT,10,0,0,0.1256,Low
2024-01-13,NK,JFK,PHX,18,1,1,0.3159,High
2024-01-15,AA,SEA,SFO,6,1,0,0.2188,Medium
2024-01-11,DL,MIA,DEN,18,0,0,0.1913,Medium
2024-01-12,AS,JFK,MCO,15,0,0,0.2474,Medium
2024-01-12,WN,PHX,SEA,8,0,0,0.1818,Medium
2024-01-10,AA,DEN,PHX,22,1,1,0.4051,High
2024-01-11,WN,LAS,DEN,19,1,1,0.2884,Medium
2024-01-10,WN,SEA,ORD,8,0,0,0.0874,Low
2024-01-16,UA,ORD,ATL,11,0,0,0.2383,Medium
2024-01-14,F9,LAS,LAX,18,1,1,0.2565,Medium
2024-01-12,AA,CLT,JFK,22,0,1,0.3345,High
2024-01-14,AS,ORD,CLT,12,0,0,0.2219,Medium
2024-01-13,AA,PHX,MCO,10,1,1,0.2775,Medium
2024-01-11,DL,BOS,MCO,11,0,0,0.1635,Medium
2024-01-13,AA,DFW,JFK,13,0,1,0.3041,High
2024-01-12,AS,ORD,CLT,17,0,1,0.2974,Medium
2024-01-10,WN,LAS,ORD,10,0,0,0.1319,Low
2024-01-10,WN,SFO,ATL,8,0,0,0.1579,Medium
2024-01-11,WN,BOS,PHX,22,0,0,0.2455,Medium
2024-01-15,NK,PHX,SFO,18,0,0,0.1899,Medium
2024-01-15,WN,SFO,ORD,16,1,1,0.309,High
2024-01-12,AS,LAX,ATL,16,0,0,0.1653,Medium
2024-01-14,DL,BOS,SFO,16,0,0,0.247,Medium
2024-01-13,F9,MIA,DFW,21,0,1,0.3064,High
2024-01-10,AS,SEA,ATL,16,1,0,0.2044,Medium
2024-01-16,AA,SEA,MCO,16,0,1,0.3441,High
2024-01-13,NK,BOS,SFO,17,1,1,0.3213,High
2024-01-14,NK,ATL,DEN,19,0,1,0.3503,High
2024-01-14,WN,ATL,MCO,22,0,1,0.3372,High
2024-01-12,B6,JFK,MIA,18,1,1,0.338,High
2024-01-11,NK,LAS,BOS,22,1,1,0.3815,High
2024-01-10,F9,ATL,SFO,12,0,1,0.3078,High
2024-01-15,NK,ATL,DFW,15,1,0,0.1897,Medium
2024-01-14,DL,ORD,ATL,17,0,1,0.2981,Medium
2024-01-11,WN,SFO,MCO,12,1,0,0.2429,Medium
2024-01-10,F9,SEA,SFO,12,0,0,0.2193,Medium
2024-01-11,DL,SFO,ATL,8,0,0,0.1599,Medium
2024-01-13,UA,BOS,PHX,20,0,1,0.2567,Medium
2024-01-15,NK,CLT,DFW,14,1,0,0.1963,Medium
2024-01-16,F9,DFW,LAS,12,1,1,0.2778,Medium
2024-01-12,NK,LAX,PHX,17,1,1,0.3196,High
2024-01-10,AS,LAS,SEA,9,0,0,0.1469,Low
2024-01-11,NK,MIA,SEA,8,0,0,0.1575,Medium
2024-01-10,AS,LAX,PHX,22,1,1,0.3396,High
2024-01-11,DL,ATL,MIA,13,0,0,0.1601,Medium
2024-01-13,B6,JFK,ORD,11,0,0,0.2287,Medium
2024-01-10,F9,MIA,DFW,21,0,1,0.3271,High
2024-01-11,B6,SFO,ATL,8,0,0,0.1889,Medium
2024-01-11,F9,JFK,BOS,10,0,1,0.2632,Medium
2024-01-14,AS,CLT,MIA,9,0,0,0.156,Medium
2024-01-11,AS,DFW,CLT,7,1,0,0.1202,Low
2024-01-15,UA,SEA,JFK,11,0,0,0.1631,Medium
2024-01-13,NK,SFO,DFW,8,0,1,0.2752,Medium
2024-01-14,AA,SEA,LAX,17,0,1,0.3679,High
2024-01-11,F9,SEA,BOS,20,1,1,0.2819,Medium
2024-01-16,DL,SFO,JFK,16,0,0,0.2477,Medium
2024-01-14,WN,MCO,LAS,13,1,1,0.2595,Medium
2024-01-16,UA,DEN,LAX,14,0,0,0.1929,Medium
2024-01-14,NK,MIA,DEN,14,0,0,0.2319,Medium
2024-01-12,AA,DFW,SFO,10,0,1,0.2811,Medium
2024-01-14,AA,ATL,SFO,19,1,1,0.3988,High
2024-01-14,F9,LAX,ATL,7,0,0,0.1699,Medium
2024-01-14,DL,MCO,DFW,19,1,1,0.2756,Medium
2024-01-12,AS,MCO,ORD,15,1,1,0.2658,Medium
2024-01-13,UA,SFO,ORD,22,1,1,0.3533,High
2024-01-12,DL,MCO,BOS,12,1,0,0.1955,Medium
2024-01-16,B6,LAX,DEN,9,0,0,0.1733,Medium
2024-01-15,AS,ORD,SFO,13,0,1,0.2531,Medium
2024-01-12,B6,DFW,ATL,9,1,1,0.2577,Medium
2024-01-14,AS,LAX,JFK,8,1,0,0.1163,Low
2024-01-10,B6,DEN,LAS,8,1,0,0.1902,Medium
2024-01-13,NK,DEN,SFO,12,0,0,0.2046,Medium
2024-01-11,AS,SEA,LAS,20,0,0,0.2138,Medium
2024-01-11,WN,LAX,BOS,21,0,1,0.2643,Medium
2024-01-10,UA,LAX,ORD,14,0,1,0.2681,Medium
2024-01-13,AA,SFO,ATL,20,1,1,0.3491,High
2024-01-14,F9,MIA,SFO,15,0,0,0.2183,Medium
2024-01-13,B6,LAX,ATL,11,0,0,0.2268,Medium
2024-01-11,UA,DFW,ATL,9,0,0,0.1167,Low
2024-01-13,DL,DFW,PHX,18,0,1,0.3071,High
2024-01-14,AA,BOS,JFK,20,0,1,0.3242,High
2024-01-13,UA,ATL,DFW,8,0,0,0.1387,Low
2024-01-14,AA,PHX,ORD,12,0,1,0.3154,High
2024-01-15,DL,LAS,MCO,21,1,1,0.3175,High
2024-01-14,WN,SEA,CLT,11,0,0,0.2098,Medium
2024-01-13,WN,ATL,SFO,7,0,0,0.0671,Low
2024-01-16,AA,LAS,JFK,19,0,1,0.392,High
2024-01-11,WN,MIA,DEN,19,0,1,0.2572,Medium
2024-01-16,AS,DEN,PHX,19,0,1,0.2846,Medium
2024-01-16,AS,SFO,CLT,19,1,1,0.3684,High
2024-01-14,AS,BOS,DFW,21,0,1,0.3245,High
2024-01-10,AA,MCO,ORD,17,0,1,0.2814,Medium
2024-01-10,NK,SFO,SEA,11,0,0,0.1659,Medium
2024-01-14,NK,MCO,ATL,14,1,1,0.2737,Medium
2024-01-12,WN,ORD,JFK,9,0,0,0.2285,Medium
2024-01-15,AA,JFK,PHX,18,0,1,0.3878,High
2024-01-14,NK,MIA,LAX,9,0,0,0.1221,Low
2024-01-16,AA,DFW,SFO,18,0,1,0.326,High
2024-01-16,AA,JFK,DEN,19,0,1,0.3766,High
2024-01-14,UA,ORD,SFO,19,0,1,0.2613,Medium
2024-01-14,WN,MCO,JFK,18,0,0,0.1919,Medium
2024-01-15,DL,DFW,MCO,7,0,0,0.1248,Low
2024-01-16,B6,SEA,JFK,15,0,1,0.3324,High
2024-01-10,WN,LAS,ORD,8,0,0,0.0843,Low
2024-01-14,AS,DEN,ATL,16,0,0,0.1975,Medium
2024-01-14,NK,BOS,CLT,21,1,1,0.3615,High
2024-01-15,AA,ORD,MIA,10,0,0,0.2209,Medium
2024-01-14,F9,MIA,DEN,13,0,1,0.2894,Medium
2024-01-11,AS,PHX,MCO,21,1,1,0.2993,Medium
2024-01-13,F9,DFW,SEA,10,1,1,0.2697,Medium
2024-01-15,NK,ORD,BOS,22,1,1,0.4044,High
2024-01-12,NK,SFO,PHX,22,0,1,0.4442,High
2024-01-15,AS,CLT,ORD,14,0,0,0.1791,Medium
2024-01-11,NK,ORD,JFK,13,0,1,0.3356,High
2024-01-11,NK,ATL,JFK,10,0,0,0.1383,Low
2024-01-10,B6,MIA,SFO,6,0,0,0.1189,Low
2024-01-16,WN,MIA,LAS,14,0,0,0.1846,Medium
2024-01-11,WN,DFW,MIA,16,0,1,0.2663,Medium
2024-01-16,AA,MCO,SEA,18,1,1,0.365,High
2024-01-16,DL,CLT,BOS,17,0,0,0.196,Medium
2024-01-10,AA,MIA,SFO,7,0,0,0.2124,Medium
2024-01-12,WN,LAX,PHX,17,0,1,0.2632,Medium
2024-01-12,F9,ATL,BOS,16,1,1,0.2561,Medium
2024-01-14,DL,LAS,ATL,11,0,0,0.201,Medium
2024-01-11,F9,ATL,CLT,8,0,0,0.1459,Low
2024-01-12,B6,DFW,SFO,22,0,1,0.3394,High
2024-01-14,B6,MCO,JFK,10,0,0,0.1778,Medium
2024-01-12,B6,JFK,CLT,13,0,0,0.2488,Medium
2024-01-15,DL,MIA,JFK,10,0,0,0.1203,Low
2024-01-15,AA,SEA,DEN,18,1,1,0.3777,High
2024-01-16,DL,BOS,PHX,15,0,1,0.3011,High
2024-01-12,DL,JFK,DEN,12,0,1,0.2564,Medium
2024-01-11,NK,DFW,MIA,18,0,1,0.2615,Medium
2024-01-10,AS,PHX,LAX,12,0,0,0.1363,Low
2024-01-13,B6,PHX,SEA,17,0,1,0.3738,High
2024-01-15,WN,PHX,SFO,11,0,0,0.1786,Medium
2024-01-15,AS,PHX,ATL,7,0,0,0.1541,Medium
2024-01-11,AS,LAS,SFO,14,0,1,0.2697,Medium
2024-01-15,NK,ORD,PHX,20,0,1,0.3817,High
2024-01-11,F9,MIA,LAS,19,0,1,0.3063,High
2024-01-12,NK,ATL,LAX,11,0,0,0.1304,Low
2024-01-11,DL,LAX,JFK,6,0,0,0.0883,Low
2024-01-11,B6,ATL,SFO,18,0,1,0.294,Medium
2024-01-10,AS,MCO,SFO,19,0,0,0.2379,Medium
2024-01-15,DL,DFW,ATL,21,0,1,0.3491,High
2024-01-15,UA,ORD,BOS,13,0,1,0.2629,Medium
2024-01-10,NK,CLT,SFO,12,0,1,0.2653,Medium
2024-01-13,WN,JFK,MIA,10,0,0,0.1087,Low
2024-01-14,B6,PHX,SFO,14,0,0,0.2067,Medium
2024-01-14,NK,DEN,SFO,11,0,0,0.2238,Medium
2024-01-11,AA,PHX,ORD,14,0,1,0.2945,Medium
2024-01-14,UA,PHX,SEA,12,0,0,0.2123,Medium
2024-01-11,UA,ORD,SEA,18,0,1,0.2608,Medium
2024-01-14,NK,JFK,LAS,14,1,0,0.1697,Medium
2024-01-10,AA,PHX,BOS,16,1,1,0.3024,High
2024-01-16,AA,MCO,MIA,13,1,1,0.3072,High
2024-01-11,AA,PHX,ORD,13,0,0,0.1821,Medium
2024-01-13,DL,LAS,MCO,18,0,0,0.2289,Medium
2024-01-11,F9,ORD,JFK,14,0,1,0.3508,High
2024-01-12,F9,PHX,MIA,6,0,0,0.1872,Medium
2024-01-11,B6,MIA,DFW,9,0,0,0.2282,Medium
2024-01-14,AA,CLT,JFK,8,0,0,0.2238,Medium
2024-01-15,F9,JFK,PHX,11,0,0,0.2405,Medium
2024-01-11,WN,MIA,PHX,9,0,0,0.1386,Low
2024-01-10,AA,DEN,LAX,11,1,1,0.2521,Medium
2024-01-11,WN,MCO,ORD,15,0,1,0.2713,Medium
2024-01-10,UA,LAS,LAX,14,0,0,0.1441,Low
2024-01-16,AS,JFK,SEA,22,1,1,0.2637,Medium
2024-01-12,AA,ATL,SFO,16,0,0,0.2288,Medium
2024-01-14,NK,SEA,ORD,8,0,0,0.1862,Medium
2024-01-12,AS,DEN,LAX,13,0,0,0.1415,Low
2024-01-14,DL,DFW,SFO,7,0,0,0.0788,Low
2024-01-14,UA,MCO,DEN,13,0,0,0.1471,Low
2024-01-13,UA,MIA,LAS,17,0,1,0.3057,High
2024-01-13,WN,PHX,DFW,10,0,0,0.106,Low
2024-01-10,AS,DEN,SEA,7,0,0,0.1073,Low
2024-01-15,F9,JFK,SEA,22,0,1,0.4312,High
2024-01-12,F9,CLT,BOS,17,0,1,0.365,High
2024-01-12,AS,ORD,MIA,9,1,0,0.1836,Medium
2024-01-15,WN,LAX,CLT,6,0,0,0.0482,Low
2024-01-14,DL,CLT,DEN,19,0,0,0.2051,Medium
2024-01-12,AS,DEN,MIA,21,1,1,0.3018,High
2024-01-13,AA,MCO,ORD,15,1,1,0.3071,High
2024-01-11,NK,PHX,JFK,19,0,1,0.3505,High
2024-01-16,AS,PHX,LAS,10,0,0,0.2022,Medium
2024-01-16,UA,PHX,DFW,22,0,1,0.3803,High
2024-01-16,UA,MIA,PHX,12,0,0,0.1717,Medium
2024-01-11,F9,SFO,LAS,16,1,1,0.4108,High
2024-01-13,AS,ATL,BOS,20,0,1,0.3305,High
2024-01-16,F9,ATL,SFO,16,0,0,0.2281,Medium
2024-01-14,UA,ATL,MIA,7,0,0,0.1299,Low
2024-01-13,UA,LAS,MCO,9,0,0,0.1376,Low
2024-01-16,WN,DFW,LAX,21,0,1,0.3607,High
2024-01-10,AS,BOS,LAX,8,0,0,0.0764,Low
2024-01-12,B6,SFO,MIA,10,0,0,0.2365,Medium
2024-01-14,DL,ORD,SEA,13,0,0,0.2272,Medium
2024-01-13,UA,JFK,BOS,12,0,0,0.1549,Medium
2024-01-13,F9,DFW,BOS,9,0,0,0.2032,Medium
2024-01-14,B6,MCO,PHX,13,1,1,0.2823,Medium
2024-01-15,B6,CLT,PHX,8,0,1,0.2552,Medium
2024-01-11,AA,SEA,BOS,20,0,1,0.3661,High
2024-01-14,WN,MIA,CLT,10,0,0,0.2249,Medium
2024-01-10,AA,LAX,MIA,22,0,1,0.2892,Medium
2024-01-13,B6,LAS,SEA,19,0,1,0.357,High
2024-01-11,NK,ATL,DFW,14,0,0,0.1802,Medium
2024-01-15,DL,SEA,MCO,20,0,0,0.2462,Medium
2024-01-11,DL,MCO,SFO,10,0,0,0.1129,Low
2024-01-15,NK,DEN,PHX,12,0,0,0.2082,Medium
2024-01-16,B6,LAX,JFK,22,0,1,0.3781,High
2024-01-14,B6,SFO,MIA,16,1,1,0.3971,High
2024-01-16,B6,LAX,CLT,16,0,1,0.268,Medium
2024-01-12,DL,SEA,MCO,12,0,0,0.1912,Medium
2024-01-15,WN,LAX,BOS,10,0,0,0.2132,Medium
2024-01-13,B6,PHX,MCO,16,0,1,0.2985,Medium
2024-01-11,AS,BOS,DFW,7,0,0,0.1732,Medium
2024-01-12,NK,SEA,LAS,9,0,0,0.1565,Medium
2024-01-16,B6,DEN,ATL,21,0,1,0.3785,High
2024-01-10,AS,LAS,SEA,15,1,0,0.1968,Medium
2024-01-13,DL,ORD,JFK,19,1,1,0.3831,High
2024-01-13,NK,ATL,DFW,18,0,1,0.297,Medium
2024-01-14,B6,BOS,JFK,11,0,0,0.2257,Medium
2024-01-10,WN,DEN,BOS,20,1,1,0.3579,High
2024-01-10,AS,MIA,SEA,14,0,0,0.1612,Medium
2024-01-14,WN,LAS,DEN,17,0,0,0.1799,Medium
2024-01-14,DL,LAS,ORD,22,0,1,0.2578,Medium
2024-01-10,UA,SEA,ATL,19,0,1,0.2932,Medium
2024-01-15,NK,DFW,LAS,20,0,1,0.3629,High
2024-01-10,B6,MIA,ATL,15,1,1,0.318,High
2024-01-11,AS,BOS,MCO,13,0,0,0.1298,Low
2024-01-12,WN,SEA,PHX,20,0,1,0.3248,High
2024-01-12,DL,DFW,BOS,14,0,0,0.1824,Medium
2024-01-14,B6,SFO,CLT,6,0,0,0.1646,Medium
2024-01-14,DL,LAS,DEN,12,0,0,0.1746,Medium
2024-01-13,NK,MCO,DEN,16,0,0,0.1881,Medium
2024-01-12,NK,JFK,ATL,14,0,0,0.2494,Medium
2024-01-13,B6,JFK,SFO,8,1,0,0.2071,Medium
2024-01-11,NK,SFO,LAS,19,1,1,0.3639,High
2024-01-13,B6,SFO,DEN,6,0,1,0.2827,Medium
2024-01-14,UA,PHX,LAX,13,0,0,0.1616,Medium
2024-01-13,NK,MIA,MCO,20,0,1,0.2713,Medium
2024-01-12,UA,PHX,ORD,11,0,0,0.172,Medium
2024-01-16,F9,BOS,DEN,18,0,1,0.2531,Medium
2024-01-13,B6,PHX,DEN,20,0,1,0.3949,High
2024-01-11,DL,DEN,MIA,12,0,0,0.167,Medium
2024-01-16,AS,DFW,LAS,11,0,0,0.1938,Medium
2024-01-11,B6,ORD,MIA,12,0,1,0.3322,High
2024-01-12,DL,MIA,LAX,14,1,1,0.2785,Medium
2024-01-16,DL,LAS,SEA,20,1,0,0.2257,Medium
2024-01-13,WN,LAS,LAX,21,1,1,0.362,High
2024-01-12,WN,DEN,SEA,7,0,0,0.106,Low
2024-01-15,AS,SFO,ORD,6,0,0,0.244,Medium
2024-01-14,F9,ATL,CLT,20,0,1,0.3672,High
2024-01-11,F9,CLT,MIA,7,1,0,0.1116,Low
2024-01-14,NK,DFW,MIA,20,0,0,0.226,Medium
2024-01-12,UA,MCO,SFO,16,1,0,0.2043,Medium
2024-01-13,B6,DFW,CLT,8,0,0,0.1566,Medium
2024-01-13,AS,DFW,LAX,9,1,0,0.1524,Medium
2024-01-13,AS,MIA,LAS,11,1,0,0.2446,Medium
2024-01-16,DL,DEN,ORD,20,1,1,0.3616,High
2024-01-14,AS,DFW,ATL,13,0,0,0.2285,Medium
2024-01-13,WN,PHX,LAS,19,1,0,0.2265,Medium
2024-01-10,F9,BOS,MCO,19,0,1,0.3799,High
2024-01-15,B6,DFW,JFK,15,0,1,0.252,Medium
2024-01-14,UA,ATL,MCO,21,0,0,0.2364,Medium
2024-01-16,NK,CLT,SFO,22,0,1,0.2625,Medium
2024-01-16,B6,MIA,LAS,19,0,1,0.2789,Medium
2024-01-13,DL,ORD,SFO,21,0,1,0.4003,High
2024-01-16,AA,MCO,LAX,8,0,0,0.1998,Medium
2024-01-14,B6,MCO,ATL,6,0,0,0.0997,Low
2024-01-16,NK,DFW,PHX,15,0,0,0.154,Medium
2024-01-15,B6,LAX,MIA,8,0,0,0.1431,Low
2024-01-10,AA,LAX,LAS,11,0,0,0.1736,Medium
2024-01-14,DL,DFW,CLT,16,0,1,0.2566,Medium
2024-01-16,DL,BOS,CLT,8,0,0,0.2151,Medium
2024-01-13,F9,SEA,DEN,18,1,1,0.2858,Medium
2024-01-13,B6,DFW,JFK,12,0,0,0.1747,Medium
2024-01-13,WN,DFW,BOS,21,1,1,0.3529,High
2024-01-14,F9,JFK,PHX,12,0,0,0.1915,Medium
2024-01-12,WN,LAS,ORD,15,1,1,0.2519,Medium
2024-01-14,B6,SEA,CLT,19,0,1,0.2738,Medium
2024-01-16,NK,ATL,SEA,19,0,1,0.2795,Medium
2024-01-12,AA,ATL,LAX,13,0,1,0.3032,High
2024-01-13,WN,DEN,ORD,12,1,0,0.1378,Low
2024-01-12,AA,ORD,SFO,21,0,1,0.381,High
2024-01-15,DL,LAX,JFK,21,1,0,0.2262,Medium
2024-01-14,NK,DFW,ATL,17,0,1,0.3264,High
2024-01-15,AA,ORD,CLT,10,1,0,0.2105,Medium
2024-01-11,AS,DEN,JFK,15,0,0,0.2381,Medium
2024-01-10,AA,PHX,ATL,20,0,1,0.3609,High
2024-01-11,AA,DEN,PHX,21,0,1,0.3217,High
2024-01-13,NK,LAX,SFO,8,0,0,0.1575,Medium
2024-01-10,UA,JFK,CLT,17,0,1,0.3234,High
2024-01-14,AA,DEN,SFO,12,0,1,0.2551,Medium
2024-01-12,AA,MIA,DFW,20,1,1,0.3514,High
2024-01-15,F9,DEN,MIA,9,0,0,0.2283,Medium
2024-01-11,B6,DEN,LAS,15,0,1,0.3438,High
2024-01-16,DL,JFK,LAS,22,1,1,0.3449,High
2024-01-12,B6,SFO,PHX,10,0,1,0.3205,High
2024-01-10,AS,CLT,MIA,17,0,0,0.1914,Medium
2024-01-10,AS,LAX,SFO,11,0,0,0.1895,Medium
2024-01-13,F9,SFO,PHX,17,0,1,0.4309,High
2024-01-16,AS,DEN,PHX,20,0,1,0.316,High
2024-01-12,F9,CLT,LAS,20,1,1,0.3378,High
2024-01-15,AS,ATL,CLT,20,0,1,0.2555,Medium
2024-01-13,F9,SFO,BOS,8,0,1,0.3167,High
2024-01-13,F9,JFK,MCO,20,1,1,0.3849,High
2024-01-16,WN,CLT,DEN,6,0,0,0.1505,Medium
2024-01-11,B6,SFO,JFK,9,0,1,0.2918,Medium
2024-01-11,AA,CLT,BOS,19,0,1,0.3007,High
2024-01-16,DL,BOS,MIA,16,0,1,0.2955,Medium
2024-01-15,UA,JFK,BOS,22,1,1,0.3653,High
2024-01-12,AA,SFO,ATL,6,0,1,0.2782,Medium
2024-01-16,DL,LAX,BOS,8,0,0,0.1003,Low
2024-01-10,NK,ORD,JFK,20,0,1,0.3067,High
2024-01-14,AA,MCO,DEN,20,0,1,0.3757,High
2024-01-11,WN,DEN,ATL,19,0,0,0.2195,Medium
2024-01-10,UA,SFO,MIA,14,0,0,0.2034,Medium
2024-01-10,B6,LAX,SFO,17,0,1,0.2553,Medium
2024-01-13,F9,BOS,LAX,16,0,1,0.3176,High
2024-01-16,NK,CLT,ORD,7,0,0,0.0998,Low
2024-01-15,AS,SFO,DFW,7,0,1,0.261,Medium
2024-01-13,AS,ATL,DEN,9,0,0,0.1775,Medium
2024-01-13,B6,LAS,ORD,15,0,1,0.3009,High
2024-01-13,AS,LAX,ORD,13,1,0,0.1344,Low
2024-01-14,AS,SEA,SFO,18,0,0,0.1964,Medium
2024-01-16,AS,LAX,MCO,9,1,0,0.2013,Medium
2024-01-11,WN,MIA,DEN,6,0,0,0.0702,Low
2024-01-11,NK,JFK,SEA,16,0,0,0.2013,Medium
2024-01-10,UA,ORD,BOS,21,0,1,0.4204,High
2024-01-10,AS,LAS,SFO,16,0,0,0.2186,Medium
2024-01-16,F9,MCO,DFW,20,0,1,0.3342,High
2024-01-11,WN,MIA,DEN,20,0,1,0.3113,High
2024-01-15,B6,LAS,LAX,19,0,1,0.251,Medium
2024-01-12,F9,LAS,DFW,21,1,1,0.3151,High
2024-01-15,NK,LAS,SFO,19,1,1,0.3306,High
2024-01-16,WN,ORD,MIA,19,0,1,0.3966,High
2024-01-16,WN,ATL,JFK,10,0,0,0.1697,Medium
2024-01-11,F9,DEN,CLT,12,0,1,0.2686,Medium
2024-01-16,AS,JFK,LAS,9,0,0,0.1172,Low
2024-01-14,NK,LAS,JFK,19,0,0,0.2075,Medium
2024-01-10,NK,DFW,JFK,7,0,0,0.0777,Low
2024-01-13,AS,ATL,BOS,18,0,1,0.3114,High
2024-01-15,B6,BOS,SFO,9,1,0,0.2344,Medium
2024-01-15,DL,CLT,SEA,17,0,0,0.2128,Medium
2024-01-14,UA,LAS,SFO,13,1,0,0.1954,Medium
2024-01-11,AA,MIA,ATL,15,0,0,0.2316,Medium
2024-01-16,NK,DFW,SFO,13,0,1,0.274,Medium
2024-01-11,UA,MCO,DFW,20,0,1,0.2536,Medium
2024-01-13,WN,SFO,PHX,8,0,1,0.2704,Medium
2024-01-11,DL,DFW,DEN,13,0,0,0.2136,Medium
2024-01-16,DL,BOS,SFO,15,0,1,0.2742,Medium
2024-01-13,AA,ATL,SFO,11,0,0,0.1553,Medium
2024-01-15,AA,MCO,PHX,16,1,1,0.3015,High
2024-01-15,AS,JFK,SFO,16,1,0,0.2442,Medium
2024-01-11,AA,SEA,ATL,18,0,1,0.2962,Medium
2024-01-16,NK,ATL,SFO,10,0,0,0.2366,Medium
2024-01-11,AS,MCO,DEN,20,1,1,0.2643,Medium
2024-01-15,B6,LAS,PHX,16,1,1,0.2695,Medium
2024-01-13,AA,ATL,CLT,13,1,1,0.3207,High
2024-01-15,DL,MCO,LAS,21,0,1,0.2638,Medium
2024-01-12,UA,MCO,PHX,16,0,0,0.1669,Medium
2024-01-16,DL,BOS,MIA,22,0,1,0.2795,Medium
2024-01-12,NK,MIA,JFK,22,1,1,0.3,High
2024-01-11,WN,SEA,DEN,6,0,0,0.1808,Medium
2024-01-10,NK,PHX,SFO,21,1,1,0.288,Medium
2024-01-14,UA,MIA,LAS,6,1,0,0.0811,Low
2024-01-11,AS,LAS,PHX,18,0,1,0.3312,High
2024-01-16,F9,LAS,CLT,9,0,0,0.1544,Medium
2024-01-10,WN,MCO,LAX,6,0,0,0.1698,Medium
2024-01-15,UA,LAX,PHX,20,0,1,0.3215,High
2024-01-16,UA,LAS,DEN,21,1,1,0.2591,Medium
2024-01-16,WN,LAX,ORD,13,0,0,0.1715,Medium
2024-01-16,WN,LAX,ATL,22,1,1,0.3312,High
2024-01-11,AA,PHX,LAS,12,0,1,0.2542,Medium
2024-01-12,F9,JFK,PHX,9,0,0,0.1652,Medium
2024-01-14,F9,DEN,DFW,21,1,1,0.3792,High
2024-01-16,B6,LAS,MCO,15,0,1,0.2859,Medium
2024-01-15,F9,BOS,CLT,7,0,0,0.1523,Medium
2024-01-11,AA,SFO,BOS,20,0,1,0.4036,High
2024-01-10,UA,ATL,JFK,22,0,1,0.2891,Medium
2024-01-14,F9,JFK,LAS,6,0,0,0.1373,Low
2024-01-16,WN,PHX,JFK,15,0,0,0.2312,Medium
2024-01-12,AA,LAX,PHX,9,0,0,0.1913,Medium
2024-01-16,NK,ATL,CLT,17,0,0,0.2383,Medium
2024-01-14,UA,SFO,SEA,14,0,0,0.2475,Medium
2024-01-15,NK,ORD,DFW,13,1,1,0.2796,Medium
2024-01-10,AS,MCO,DFW,6,0,0,0.1503,Medium
2024-01-11,AA,LAX,CLT,22,0,1,0.3749,High
2024-01-10,NK,LAX,DFW,20,0,0,0.2376,Medium
2024-01-10,UA,SFO,JFK,9,0,0,0.2221,Medium
2024-01-11,F9,MCO,MIA,19,0,1,0.3728,High
2024-01-11,AS,SEA,BOS,18,0,1,0.3033,High
2024-01-11,UA,MIA,SEA,18,0,1,0.2917,Medium
2024-01-16,AA,LAS,SEA,13,1,1,0.297,Medium
2024-01-11,DL,ATL,CLT,8,0,0,0.2186,Medium
2024-01-10,WN,JFK,ORD,19,0,1,0.3103,High
2024-01-10,B6,BOS,ORD,12,0,1,0.3094,High
2024-01-10,AS,SEA,SFO,20,0,0,0.2277,Medium
2024-01-16,AS,ORD,DEN,6,0,0,0.2376,Medium
2024-01-13,UA,CLT,SEA,19,1,1,0.2573,Medium
2024-01-16,AS,DEN,LAS,22,0,1,0.3267,High
2024-01-13,UA,DEN,JFK,20,0,1,0.2616,Medium
2024-01-13,AS,DFW,PHX,18,0,0,0.2202,Medium
2024-01-15,NK,MIA,CLT,7,0,0,0.1477,Low
2024-01-15,B6,MCO,SEA,8,1,1,0.2686,Medium
2024-01-13,F9,SFO,DEN,13,0,1,0.3042,High
2024-01-12,DL,SEA,MCO,7,0,0,0.1377,Low
2024-01-11,NK,BOS,LAS,7,0,0,0.1865,Medium
2024-01-11,AA,SFO,ATL,7,0,0,0.2295,Medium
2024-01-12,UA,MIA,LAX,13,0,0,0.2149,Medium
2024-01-12,WN,DFW,MIA,12,0,0,0.1217,Low
2024-01-13,UA,SEA,CLT,11,0,0,0.1626,Medium
2024-01-16,B6,JFK,LAX,15,0,1,0.2535,Medium
2024-01-10,AA,DEN,JFK,6,0,0,0.2328,Medium
2024-01-15,WN,MCO,LAS,18,0,1,0.314,High
2024-01-12,DL,BOS,CLT,8,0,0,0.165,Medium
2024-01-16,AS,ATL,LAX,12,0,0,0.2116,Medium
2024-01-11,AA,DFW,JFK,13,0,1,0.2715,Medium
2024-01-11,UA,DFW,LAS,15,0,0,0.2485,Medium
2024-01-10,F9,CLT,SEA,15,0,0,0.2486,Medium
2024-01-12,UA,DFW,DEN,17,1,1,0.3212,High
2024-01-12,AA,PHX,BOS,10,0,0,0.2318,Medium
2024-01-12,UA,LAS,DFW,9,1,0,0.0923,Low
2024-01-15,UA,CLT,MCO,6,0,0,0.0966,Low
2024-01-15,WN,SEA,CLT,11,0,0,0.2107,Medium
2024-01-15,AA,MCO,MIA,17,0,1,0.2831,Medium
2024-01-11,WN,DFW,ATL,6,0,0,0.1697,Medium
2024-01-14,F9,ATL,DFW,9,0,0,0.2119,Medium
2024-01-10,WN,CLT,BOS,16,0,0,0.175,Medium
2024-01-14,UA,CLT,LAS,21,0,1,0.3601,High
2024-01-12,UA,SEA,BOS,10,0,0,0.1818,Medium
2024-01-13,UA,LAS,SEA,10,0,0,0.1277,Low
2024-01-12,WN,LAX,ORD,9,0,0,0.1879,Medium
2024-01-15,AA,JFK,DFW,10,1,0,0.2321,Medium
2024-01-13,UA,ORD,LAS,22,0,1,0.3411,High
2024-01-14,NK,SEA,ATL,22,0,1,0.2511,Medium
2024-01-13,AS,LAX,MIA,11,1,0,0.1275,Low
2024-01-12,NK,MIA,BOS,22,0,1,0.3483,High
2024-01-13,B6,DEN,LAS,22,1,1,0.4126,High
2024-01-10,NK,MCO,DFW,21,0,1,0.3633,High
2024-01-15,B6,PHX,ATL,16,1,1,0.3126,High
2024-01-12,F9,SEA,LAS,13,1,0,0.1807,Medium
2024-01-13,WN,ATL,JFK,15,0,0,0.1632,Medium
2024-01-11,DL,ATL,LAS,10,0,0,0.2188,Medium
2024-01-16,B6,SFO,DEN,9,0,1,0.26,Medium
2024-01-12,NK,SFO,DFW,7,0,0,0.1546,Medium
2024-01-14,NK,JFK,SEA,20,0,1,0.3547,High
2024-01-12,UA,ATL,DEN,20,0,1,0.2758,Medium
2024-01-13,B6,DFW,DEN,19,0,1,0.3681,High
2024-01-12,AA,SEA,ATL,15,1,1,0.2787,Medium
2024-01-14,NK,MIA,SFO,19,0,0,0.201,Medium
2024-01-11,DL,DEN,SFO,21,0,1,0.363,High
2024-01-11,DL,JFK,DEN,6,0,0,0.0674,Low
2024-01-11,DL,LAS,ATL,13,1,0,0.2489,Medium
2024-01-15,B6,DFW,ATL,13,0,0,0.2434,Medium
2024-01-13,B6,PHX,JFK,13,1,1,0.3007,High
2024-01-12,F9,LAS,PHX,20,1,1,0.3862,High
2024-01-15,B6,CLT,SEA,12,0,0,0.2106,Medium
2024-01-14,AS,ORD,DFW,9,0,0,0.2132,Medium
2024-01-14,AA,ORD,SFO,14,0,1,0.3706,High
2024-01-14,AA,DFW,MCO,11,0,1,0.2593,Medium
2024-01-11,AA,DEN,MCO,22,0,1,0.4293,High
2024-01-16,WN,MIA,LAX,8,0,0,0.1294,Low
2024-01-15,AS,BOS,ATL,11,0,0,0.2083,Medium
2024-01-15,NK,SFO,DEN,6,1,0,0.1933,Medium
2024-01-13,B6,PHX,JFK,16,0,1,0.2915,Medium
2024-01-14,NK,MIA,ATL,15,0,0,0.2283,Medium
2024-01-13,WN,DEN,DFW,12,0,0,0.2344,Medium
2024-01-12,AS,DEN,JFK,6,0,0,0.0728,Low
2024-01-11,F9,ATL,LAS,12,0,1,0.2914,Medium
2024-01-16,F9,JFK,SEA,21,1,1,0.3354,High
2024-01-16,F9,LAS,CLT,9,0,1,0.2727,Medium
2024-01-12,AA,JFK,MCO,19,1,1,0.2866,Medium
2024-01-15,WN,JFK,MCO,11,0,0,0.1173,Low
2024-01-16,WN,ATL,ORD,17,0,0,0.2055,Medium
2024-01-13,UA,CLT,SEA,12,0,0,0.2413,Medium
2024-01-14,WN,ORD,CLT,10,0,0,0.1672,Medium
2024-01-15,DL,DFW,SEA,16,1,0,0.2299,Medium
2024-01-12,AA,LAS,SEA,11,0,0,0.2484,Medium
2024-01-13,AS,MCO,SEA,18,0,1,0.2951,Medium
2024-01-15,DL,LAX,DEN,12,1,0,0.2183,Medium
2024-01-10,NK,MIA,LAX,22,1,1,0.3232,High
2024-01-11,F9,MCO,LAX,18,1,1,0.3046,High
2024-01-11,NK,LAS,JFK,9,0,0,0.1463,Low
2024-01-14,B6,DFW,SFO,12,1,0,0.1689,Medium
2024-01-10,DL,LAX,ORD,18,1,1,0.3351,High
2024-01-11,DL,SFO,DFW,6,1,0,0.2349,Medium
2024-01-15,AA,SFO,LAS,10,0,1,0.3138,High
2024-01-12,DL,DEN,ORD,10,0,0,0.2318,Medium
2024-01-11,WN,MCO,SEA,8,0,0,0.1081,Low
2024-01-13,F9,LAS,SFO,19,0,1,0.3989,High
2024-01-13,AS,ORD,SEA,6,0,0,0.2402,Medium
2024-01-16,WN,LAX,ATL,13,0,0,0.2272,Medium
2024-01-15,F9,SEA,JFK,21,0,1,0.2812,Medium
2024-01-16,AS,SFO,MIA,21,0,1,0.2901,Medium
2024-01-13,F9,CLT,LAS,15,0,1,0.3067,High
2024-01-14,AA,BOS,PHX,14,0,1,0.2868,Medium
2024-01-10,WN,DFW,BOS,16,0,1,0.2774,Medium
2024-01-16,WN,DEN,PHX,22,0,1,0.3784,High
2024-01-16,AS,CLT,LAX,20,0,0,0.222,Medium
2024-01-13,UA,DFW,PHX,22,1,1,0.2747,Medium
2024-01-16,NK,ORD,SFO,12,0,0,0.1975,Medium
2024-01-11,DL,LAX,DFW,10,0,0,0.2111,Medium
2024-01-13,WN,JFK,MCO,18,0,0,0.2171,Medium
2024-01-12,NK,MIA,MCO,15,0,0,0.1896,Medium
2024-01-11,F9,MIA,MCO,14,0,1,0.2826,Medium
2024-01-14,DL,SFO,SEA,19,0,1,0.3786,High
2024-01-13,AS,CLT,MCO,10,0,0,0.2025,Medium
2024-01-16,UA,ATL,JFK,13,1,0,0.2132,Medium
2024-01-13,NK,CLT,PHX,8,0,0,0.0807,Low
2024-01-12,AS,CLT,ORD,16,1,1,0.2973,Medium
2024-01-14,AA,LAS,DEN,21,1,1,0.4097,High
2024-01-16,AA,DFW,SEA,16,0,1,0.2535,Medium
2024-01-13,WN,SFO,ORD,13,0,1,0.284,Medium
2024-01-14,AS,PHX,MCO,17,0,0,0.2107,Medium
2024-01-10,NK,LAX,MIA,17,0,0,0.2064,Medium
2024-01-14,B6,BOS,PHX,14,0,1,0.3096,High
2024-01-12,B6,CLT,MCO,19,0,1,0.2884,Medium
2024-01-10,DL,ATL,DFW,6,1,0,0.0987,Low
2024-01-15,UA,BOS,CLT,10,0,0,0.1245,Low
2024-01-13,WN,JFK,DFW,8,0,0,0.1848,Medium
2024-01-15,AS,DFW,CLT,9,1,0,0.1613,Medium
2024-01-15,AS,MCO,PHX,13,0,0,0.1384,Low
2024-01-15,WN,MCO,CLT,10,0,0,0.2255,Medium
2024-01-16,DL,BOS,SEA,11,0,1,0.2501,Medium
2024-01-12,B6,SEA,LAX,15,0,1,0.2696,Medium
2024-01-13,AA,ATL,ORD,14,0,1,0.291,Medium
2024-01-10,AA,PHX,CLT,8,0,0,0.1956,Medium
2024-01-10,WN,SFO,PHX,21,0,1,0.3277,High
2024-01-13,B6,ATL,PHX,15,0,0,0.2251,Medium
2024-01-10,AA,CLT,PHX,16,0,1,0.2837,Medium
2024-01-12,WN,BOS,MIA,9,0,0,0.2149,Medium
2024-01-10,NK,MIA,ORD,13,0,0,0.1676,Medium
2024-01-11,AA,ORD,BOS,8,0,1,0.2799,Medium
2024-01-12,F9,ATL,PHX,14,0,1,0.3258,High
2024-01-16,AA,LAS,SEA,6,0,0,0.1504,Medium
2024-01-16,NK,ORD,BOS,12,0,1,0.2991,Medium
2024-01-15,B6,MIA,LAX,21,0,1,0.3149,High
2024-01-10,B6,ORD,SFO,19,0,1,0.3656,High
2024-01-13,WN,CLT,BOS,22,1,1,0.3856,High
2024-01-14,NK,MCO,DEN,21,1,1,0.3066,High
2024-01-11,AA,JFK,MIA,20,0,1,0.3487,High
2024-01-13,B6,CLT,MCO,16,0,0,0.227,Medium
2024-01-13,NK,JFK,ATL,6,0,0,0.1573,Medium
2024-01-12,UA,LAS,DEN,19,1,0,0.2382,Medium
2024-01-14,AA,BOS,JFK,18,0,1,0.3421,High
2024-01-13,DL,BOS,PHX,19,1,1,0.2551,Medium
2024-01-16,AA,JFK,DEN,21,1,1,0.3083,High
2024-01-10,B6,LAX,PHX,19,0,1,0.3513,High
2024-01-14,AA,DEN,JFK,11,0,0,0.2183,Medium
2024-01-12,AA,MCO,PHX,12,0,0,0.1893,Medium
2024-01-14,WN,DFW,ORD,12,0,0,0.1965,Medium
2024-01-12,F9,JFK,PHX,6,0,0,0.1007,Low
2024-01-13,B6,LAX,PHX,6,0,0,0.2279,Medium
2024-01-10,UA,PHX,SFO,21,0,1,0.26,Medium
2024-01-16,WN,SFO,SEA,7,0,0,0.1432,Low
2024-01-11,NK,BOS,DEN,8,0,0,0.1315,Low
2024-01-10,UA,LAX,DFW,12,0,0,0.1377,Low
2024-01-13,B6,LAS,DEN,10,0,0,0.1585,Medium
2024-01-10,WN,MIA,SFO,11,0,0,0.108,Low
2024-01-13,B6,DEN,LAS,20,0,1,0.2918,Medium
2024-01-15,WN,SEA,PHX,13,0,0,0.1974,Medium
2024-01-16,NK,ORD,SEA,7,0,0,0.2031,Medium
2024-01-16,WN,ORD,CLT,7,1,1,0.2552,Medium
2024-01-12,F9,LAS,CLT,12,0,1,0.3168,High
2024-01-15,AS,DFW,SEA,22,0,1,0.3165,High
2024-01-10,WN,SFO,CLT,17,1,1,0.3202,High
2024-01-14,B6,PHX,ORD,13,0,0,0.1836,Medium
2024-01-10,UA,LAX,CLT,10,0,0,0.1269,Low
2024-01-13,B6,JFK,LAX,13,0,0,0.2216,Medium
2024-01-10,NK,JFK,ORD,6,0,0,0.1359,Low
2024-01-10,AS,JFK,DEN,12,0,0,0.1272,Low
2024-01-12,AA,MCO,LAS,22,0,1,0.3094,High
2024-01-13,DL,MIA,BOS,11,0,0,0.1557,Medium
2024-01-16,WN,MIA,ORD,10,0,0,0.2159,Medium
2024-01-15,NK,JFK,DEN,13,1,0,0.2261,Medium
2024-01-14,AA,DEN,PHX,8,1,0,0.2333,Medium
2024-01-13,WN,LAX,SFO,8,0,0,0.1609,Medium
2024-01-14,UA,SFO,MIA,10,1,0,0.2056,Medium
2024-01-11,UA,ATL,LAX,10,0,0,0.0966,Low
2024-01-11,B6,SEA,PHX,7,0,0,0.1616,Medium
2024-01-11,B6,DFW,DEN,6,0,0,0.1847,Medium
2024-01-10,DL,LAX,SEA,15,1,1,0.2522,Medium
2024-01-12,AA,DEN,CLT,8,0,0,0.2403,Medium
2024-01-15,B6,DFW,CLT,15,0,1,0.345,High
2024-01-10,AS,SEA,LAS,17,0,1,0.2662,Medium
2024-01-16,AS,LAX,BOS,15,1,1,0.2967,Medium
2024-01-16,WN,BOS,JFK,21,1,1,0.2828,Medium
2024-01-13,WN,ATL,LAS,10,0,0,0.2186,Medium
2024-01-10,DL,JFK,MIA,14,0,0,0.1581,Medium
2024-01-14,B6,PHX,JFK,13,0,0,0.2243,Medium
2024-01-11,DL,MCO,CLT,20,1,1,0.3317,High
2024-01-14,NK,BOS,SEA,13,0,0,0.2166,Medium
2024-01-12,AS,MIA,DEN,20,0,0,0.2436,Medium
2024-01-16,AS,MIA,SFO,21,0,1,0.3088,High
2024-01-10,DL,CLT,PHX,21,1,1,0.2541,Medium
2024-01-10,AS,LAX,DEN,6,0,0,0.1509,Medium
2024-01-13,UA,ORD,LAX,15,0,0,0.2377,Medium
2024-01-16,DL,BOS,MCO,7,0,0,0.1666,Medium
2024-01-13,NK,DEN,LAS,9,0,0,0.1085,Low
2024-01-14,NK,MCO,SEA,12,0,0,0.122,Low
2024-01-10,AS,LAS,CLT,14,0,0,0.16,Medium
2024-01-12,B6,DEN,MCO,7,1,1,0.2547,Medium
2024-01-12,NK,SFO,CLT,17,0,1,0.3602,High
2024-01-13,NK,SEA,CLT,19,0,1,0.2714,Medium
2024-01-13,DL,LAX,CLT,14,0,0,0.2486,Medium
2024-01-14,B6,LAS,LAX,9,0,0,0.1345,Low
2024-01-15,B6,SEA,BOS,18,0,1,0.2884,Medium
2024-01-16,DL,SEA,ATL,21,0,1,0.3093,High
2024-01-16,UA,BOS,PHX,6,0,0,0.1675,Medium
2024-01-11,WN,ATL,SFO,12,0,0,0.1934,Medium
2024-01-16,NK,SEA,MCO,17,0,1,0.3101,High
2024-01-16,UA,LAX,MIA,9,0,0,0.2071,Medium
2024-01-16,B6,MCO,ORD,19,1,1,0.3449,High
2024-01-11,DL,ORD,ATL,15,0,0,0.2247,Medium
2024-01-11,UA,CLT,SEA,7,0,0,0.1136,Low
2024-01-14,DL,BOS,JFK,6,0,0,0.1926,Medium
2024-01-11,NK,LAS,JFK,12,0,0,0.2486,Medium
2024-01-16,DL,BOS,MCO,15,0,0,0.2405,Medium
2024-01-12,WN,MCO,DEN,20,0,0,0.2225,Medium
2024-01-12,WN,DFW,ORD,14,0,0,0.2399,Medium
2024-01-12,WN,CLT,MCO,11,1,0,0.2056,Medium
2024-01-12,DL,ATL,ORD,15,1,0,0.2076,Medium
2024-01-10,F9,SEA,CLT,17,0,1,0.2637,Medium
2024-01-10,B6,ORD,PHX,18,1,1,0.4189,High
2024-01-14,F9,CLT,ATL,18,0,1,0.3098,High
2024-01-16,F9,ATL,PHX,9,0,0,0.1363,Low
2024-01-12,DL,BOS,SFO,14,0,0,0.1759,Medium
2024-01-12,AS,MIA,JFK,17,0,1,0.2755,Medium
2024-01-11,WN,DEN,PHX,11,0,0,0.2489,Medium
2024-01-12,WN,LAS,CLT,21,1,1,0.2795,Medium
2024-01-16,UA,PHX,SFO,9,0,0,0.1524,Medium
2024-01-13,WN,SFO,ATL,15,0,0,0.2323,Medium
2024-01-11,AA,ATL,JFK,19,0,1,0.3033,High
2024-01-13,NK,LAS,PHX,7,1,0,0.1579,Medium
2024-01-15,AS,BOS,MCO,20,0,0,0.2254,Medium
2024-01-12,NK,SEA,SFO,9,0,0,0.1867,Medium
2024-01-16,F9,BOS,MIA,20,1,1,0.3128,High
2024-01-11,NK,CLT,LAX,6,0,0,0.1123,Low
2024-01-13,F9,SEA,LAX,19,0,1,0.3527,High
2024-01-15,NK,BOS,JFK,19,1,1,0.34,High
2024-01-14,B6,MCO,BOS,6,0,0,0.1765,Medium
2024-01-12,DL,ATL,DFW,22,0,1,0.3183,High
2024-01-15,B6,CLT,MCO,6,0,0,0.2273,Medium
2024-01-16,UA,DEN,JFK,7,0,0,0.0859,Low
2024-01-16,AA,MIA,SEA,8,1,1,0.2687,Medium
2024-01-11,WN,DEN,PHX,16,0,0,0.2475,Medium
2024-01-16,WN,MIA,LAX,20,1,1,0.3559,High
2024-01-15,WN,CLT,JFK,11,1,0,0.2058,Medium
2024-01-11,B6,LAS,DFW,17,1,1,0.2803,Medium
2024-01-13,NK,CLT,SEA,20,1,1,0.2993,Medium
2024-01-13,DL,LAX,ATL,12,0,0,0.2099,Medium
2024-01-16,UA,LAS,DFW,9,1,0,0.2056,Medium
2024-01-12,AS,LAX,BOS,13,0,0,0.1391,Low
2024-01-15,WN,SEA,LAS,9,0,0,0.1164,Low
2024-01-14,F9,SEA,JFK,12,0,0,0.1787,Medium
2024-01-11,AS,MIA,PHX,6,0,0,0.154,Medium
2024-01-12,F9,JFK,SFO,14,1,1,0.3336,High
2024-01-10,AS,CLT,DEN,14,0,1,0.2744,Medium
2024-01-15,B6,DFW,ORD,12,0,0,0.173,Medium
2024-01-12,WN,DFW,CLT,18,1,1,0.3134,High
2024-01-10,UA,CLT,DEN,11,0,0,0.2318,Medium
2024-01-13,B6,SFO,BOS,10,0,1,0.2536,Medium
2024-01-11,AS,MCO,PHX,9,0,0,0.1757,Medium
2024-01-10,WN,BOS,JFK,21,0,1,0.302,High
2024-01-14,NK,LAX,PHX,7,1,0,0.1154,Low
2024-01-10,DL,JFK,ATL,9,0,0,0.0872,Low
2024-01-13,AA,BOS,MIA,9,0,0,0.2433,Medium
2024-01-16,B6,ORD,MIA,20,1,1,0.459,High
2024-01-14,AS,MIA,SEA,6,0,0,0.1645,Medium
2024-01-16,DL,DEN,CLT,16,0,1,0.2572,Medium
2024-01-11,UA,ORD,LAX,15,0,0,0.2353,Medium
2024-01-16,UA,BOS,MIA,7,0,0,0.1487,Low
2024-01-16,DL,ATL,SFO,22,0,1,0.2852,Medium
2024-01-11,AS,ATL,LAS,16,1,1,0.3051,High
2024-01-12,WN,LAX,JFK,10,0,0,0.156,Medium
2024-01-13,NK,DFW,LAS,8,0,0,0.1698,Medium
2024-01-16,DL,MIA,ATL,17,0,0,0.2131,Medium
2024-01-11,UA,BOS,DFW,9,0,0,0.2128,Medium
2024-01-16,NK,MCO,SEA,16,0,1,0.2708,Medium
2024-01-11,AS,JFK,DFW,19,0,0,0.2118,Medium
2024-01-13,DL,JFK,ORD,20,0,1,0.334,High
2024-01-16,B6,BOS,LAS,17,1,0,0.2323,Medium
2024-01-10,WN,MIA,LAX,15,0,0,0.1902,Medium
2024-01-16,AS,SFO,LAS,14,0,1,0.2913,Medium
2024-01-14,F9,PHX,ORD,15,1,1,0.3062,High
2024-01-14,AA,DFW,LAX,18,1,1,0.386,High
2024-01-16,B6,LAS,BOS,20,1,1,0.2841,Medium
2024-01-12,DL,ATL,CLT,8,0,0,0.1546,Medium
2024-01-14,AS,PHX,DFW,10,0,0,0.1538,Medium
2024-01-15,AA,SEA,SFO,14,0,1,0.3323,High
2024-01-14,AS,SFO,SEA,15,0,1,0.2995,Medium
2024-01-16,B6,DFW,BOS,13,0,0,0.2424,Medium
2024-01-14,AS,DFW,SFO,7,1,0,0.1741,Medium
2024-01-12,WN,MIA,SFO,15,1,0,0.2286,Medium
2024-01-13,WN,ORD,DFW,9,0,0,0.1901,Medium
2024-01-13,NK,DFW,SEA,22,0,1,0.3201,High
2024-01-11,B6,BOS,CLT,22,1,1,0.3508,High
2024-01-12,DL,JFK,DFW,8,0,0,0.1888,Medium
2024-01-11,AS,LAX,LAS,7,0,0,0.1569,Medium
2024-01-10,AA,DFW,ATL,7,1,0,0.2215,Medium
2024-01-16,AA,PHX,LAX,9,0,0,0.1826,Medium
2024-01-16,AA,MCO,LAX,8,0,0,0.1387,Low
2024-01-11,F9,JFK,SEA,12,1,0,0.2031,Medium
2024-01-11,B6,PHX,DFW,6,0,0,0.1684,Medium
2024-01-13,F9,BOS,CLT,14,1,0,0.2102,Medium
2024-01-11,F9,SFO,LAS,12,0,1,0.3304,High
2024-01-12,F9,SEA,ATL,20,1,1,0.3956,High
2024-01-11,B6,DEN,LAS,20,1,1,0.3913,High
2024-01-11,UA,JFK,ATL,13,1,0,0.2255,Medium
2024-01-14,WN,DFW,MCO,7,0,0,0.068,Low
2024-01-10,AA,DEN,PHX,11,1,1,0.2618,Medium
2024-01-16,UA,LAX,ORD,16,0,0,0.1808,Medium
2024-01-12,UA,PHX,BOS,10,1,0,0.2182,Medium
2024-01-14,WN,MIA,LAS,6,0,0,0.11,Low
2024-01-14,DL,MCO,MIA,19,1,1,0.281,Medium
2024-01-13,F9,LAX,SFO,8,0,0,0.1337,Low
2024-01-16,F9,JFK,CLT,15,0,1,0.3102,High
2024-01-10,WN,LAS,CLT,10,0,0,0.2023,Medium
2024-01-14,AS,LAS,DFW,10,0,0,0.1696,Medium
2024-01-11,WN,DEN,CLT,15,0,0,0.1856,Medium
2024-01-12,NK,ORD,LAX,18,0,1,0.363,High
2024-01-13,AS,LAX,SEA,18,0,0,0.234,Medium
2024-01-15,AS,PHX,MCO,19,0,1,0.2926,Medium
2024-01-12,DL,ORD,PHX,15,0,1,0.3511,High
2024-01-13,AS,JFK,LAS,14,0,0,0.2247,Medium
2024-01-14,NK,BOS,SEA,22,1,1,0.3701,High
2024-01-16,NK,CLT,SEA,9,0,0,0.2157,Medium
2024-01-16,WN,ATL,MIA,16,0,1,0.31,High
2024-01-14,F9,ATL,ORD,20,1,1,0.3835,High
2024-01-10,DL,SEA,ATL,18,1,1,0.2891,Medium
2024-01-15,DL,JFK,CLT,18,0,1,0.3019,High
2024-01-12,WN,DFW,DEN,6,0,0,0.1071,Low
2024-01-11,NK,ORD,PHX,16,1,1,0.3432,High
2024-01-15,WN,DFW,LAX,7,0,0,0.0591,Low
2024-01-14,UA,DFW,SFO,9,1,0,0.131,Low
2024-01-11,DL,LAS,PHX,9,0,0,0.1688,Medium
2024-01-14,F9,MIA,CLT,12,0,0,0.2464,Medium
2024-01-12,UA,DFW,ORD,20,0,0,0.2148,Medium
2024-01-15,AS,BOS,MCO,18,0,1,0.2652,Medium
2024-01-10,F9,PHX,CLT,7,0,0,0.1841,Medium
2024-01-14,UA,JFK,DEN,9,0,0,0.2013,Medium
2024-01-13,B6,DFW,BOS,14,0,0,0.2098,Medium
2024-01-16,AA,DFW,JFK,14,1,1,0.257,Medium
2024-01-11,WN,LAX,SEA,14,0,1,0.2903,Medium
2024-01-10,UA,JFK,CLT,18,0,0,0.2007,Medium
2024-01-15,AS,ORD,MIA,10,0,0,0.1727,Medium
2024-01-16,UA,DEN,ORD,22,0,1,0.3259,High
2024-01-15,WN,SEA,ORD,6,0,0,0.1594,Medium
2024-01-10,UA,MIA,SFO,18,0,0,0.2319,Medium
2024-01-13,UA,MCO,CLT,17,0,1,0.2584,Medium
2024-01-10,UA,ORD,DFW,20,1,1,0.3181,High
2024-01-14,DL,ATL,JFK,10,0,0,0.1809,Medium
2024-01-13,UA,SEA,JFK,15,0,1,0.2838,Medium
2024-01-16,F9,CLT,DEN,7,0,0,0.1906,Medium
2024-01-10,NK,DEN,ATL,6,0,0,0.1595,Medium
2024-01-10,UA,PHX,ORD,13,0,0,0.2309,Medium
2024-01-10,B6,SFO,BOS,20,1,1,0.4578,High
2024-01-10,NK,LAX,BOS,8,0,0,0.0922,Low
2024-01-12,F9,MIA,SFO,17,0,1,0.2833,Medium
2024-01-15,DL,CLT,PHX,13,0,1,0.2706,Medium
2024-01-15,AA,ORD,LAX,20,1,1,0.3962,High
2024-01-16,WN,MIA,PHX,22,0,1,0.3411,High
2024-01-10,WN,MCO,SFO,19,0,1,0.3383,High
2024-01-13,AS,ATL,MIA,18,0,1,0.2819,Medium
2024-01-11,F9,LAS,SFO,8,0,0,0.1879,Medium
2024-01-10,WN,JFK,DFW,20,0,0,0.2238,Medium
2024-01-12,AA,SEA,BOS,17,0,1,0.2721,Medium
2024-01-15,DL,DEN,BOS,6,0,0,0.1416,Low
2024-01-12,F9,DFW,ORD,20,0,1,0.3612,High
2024-01-13,NK,SFO,CLT,9,1,0,0.2332,Medium
2024-01-16,AS,ORD,LAS,20,1,1,0.2798,Medium
2024-01-14,AS,LAX,JFK,11,0,0,0.113,Low
2024-01-14,B6,CLT,LAX,19,0,1,0.3442,High
2024-01-13,AS,LAX,LAS,13,0,0,0.1618,Medium
2024-01-11,AA,CLT,SFO,17,0,1,0.3043,High
2024-01-13,DL,BOS,ORD,16,0,0,0.1913,Medium
2024-01-11,DL,LAX,SEA,16,0,0,0.2142,Medium
2024-01-11,AS,MIA,DEN,22,0,1,0.3062,High
2024-01-16,AA,LAS,DEN,20,0,1,0.3209,High
2024-01-13,UA,MCO,SEA,13,0,0,0.1491,Low
2024-01-10,F9,ATL,SFO,22,0,1,0.3264,High
2024-01-10,WN,CLT,PHX,22,0,1,0.3825,High
2024-01-10,AA,BOS,JFK,15,1,1,0.2935,Medium
2024-01-15,NK,MIA,CLT,9,0,0,0.1851,Medium
2024-01-13,F9,JFK,PHX,17,0,1,0.3696,High
2024-01-15,DL,SEA,SFO,7,1,0,0.1341,Low
2024-01-13,B6,LAS,SFO,14,1,0,0.2038,Medium
2024-01-13,F9,SFO,PHX,15,0,1,0.2878,Medium
2024-01-11,WN,BOS,MIA,15,0,0,0.2237,Medium
2024-01-13,NK,JFK,ATL,6,0,0,0.1869,Medium
2024-01-15,DL,SEA,SFO,7,0,0,0.0752,Low
2024-01-11,NK,DFW,MIA,16,0,1,0.2851,Medium
2024-01-16,B6,LAS,ORD,19,0,1,0.2761,Medium
2024-01-15,F9,MIA,SEA,6,1,0,0.1724,Medium
2024-01-15,F9,ORD,SFO,8,0,1,0.314,High
2024-01-15,F9,SFO,JFK,9,0,0,0.1921,Medium
2024-01-12,AA,LAS,BOS,15,1,1,0.2818,Medium
2024-01-10,AA,ATL,MIA,16,0,0,0.2253,Medium
2024-01-15,F9,JFK,MCO,8,0,0,0.1628,Medium
2024-01-11,UA,SFO,PHX,9,0,0,0.1688,Medium
2024-01-13,AS,MIA,LAS,17,0,0,0.1994,Medium
2024-01-15,B6,DEN,LAS,14,0,1,0.2934,Medium
2024-01-10,DL,DEN,DFW,17,1,1,0.2578,Medium
2024-01-13,WN,SFO,LAX,18,1,1,0.3525,High
2024-01-15,WN,MIA,DFW,11,0,0,0.1827,Medium
2024-01-12,WN,CLT,LAS,21,1,1,0.3263,High
2024-01-12,AS,MCO,JFK,6,0,0,0.0477,Low
2024-01-14,B6,BOS,SEA,6,0,0,0.1458,Low
2024-01-16,F9,SFO,DEN,22,0,1,0.3609,High
2024-01-14,DL,ORD,DEN,19,0,1,0.3725,High
2024-01-12,AS,PHX,JFK,9,0,0,0.1889,Medium
2024-01-13,AA,BOS,ORD,18,1,1,0.2963,Medium
2024-01-15,AS,LAS,SFO,22,0,1,0.2659,Medium
2024-01-16,WN,ATL,ORD,9,1,0,0.092,Low
2024-01-12,WN,BOS,ORD,10,0,0,0.1769,Medium
2024-01-15,NK,SEA,CLT,16,0,0,0.2403,Medium
2024-01-15,NK,ATL,ORD,18,0,1,0.2534,Medium
2024-01-13,DL,PHX,CLT,15,0,0,0.2471,Medium
2024-01-12,B6,PHX,LAS,16,1,1,0.3346,High
2024-01-14,F9,LAS,SFO,19,0,1,0.3922,High
2024-01-16,WN,BOS,DEN,17,1,1,0.2541,Medium
2024-01-14,AA,LAS,SEA,16,0,0,0.2347,Medium
2024-01-11,NK,DEN,MIA,21,0,1,0.3526,High
2024-01-11,AS,CLT,LAS,17,1,0,0.2283,Medium
2024-01-15,UA,MIA,PHX,14,0,1,0.2779,Medium
2024-01-15,DL,SFO,PHX,7,0,0,0.1524,Medium
2024-01-14,F9,SFO,JFK,17,0,1,0.3084,High
2024-01-11,B6,MIA,PHX,7,0,0,0.1723,Medium
2024-01-15,F9,DEN,LAS,8,0,1,0.2634,Medium
2024-01-14,DL,MCO,ORD,9,0,0,0.1325,Low
2024-01-14,F9,PHX,CLT,16,0,1,0.3477,High
2024-01-15,UA,LAS,JFK,9,0,0,0.196,Medium
2024-01-15,F9,LAS,DEN,14,1,1,0.3188,High
2024-01-11,AA,PHX,LAS,10,0,1,0.2637,Medium
2024-01-15,NK,CLT,SFO,19,0,1,0.3438,High
2024-01-14,F9,LAX,SFO,15,0,0,0.2256,Medium
2024-01-13,WN,LAS,ORD,9,0,0,0.2214,Medium
2024-01-14,NK,MIA,SFO,12,0,0,0.1665,Medium
2024-01-16,F9,DFW,LAX,17,0,0,0.234,Medium
2024-01-10,B6,DEN,CLT,6,1,0,0.1185,Low
2024-01-16,F9,PHX,BOS,7,0,0,0.2178,Medium
2024-01-16,F9,LAX,MCO,22,1,1,0.3612,High
2024-01-10,AS,DFW,SEA,10,0,0,0.1944,Medium
2024-01-11,DL,SFO,PHX,6,0,0,0.1504,Medium
2024-01-14,WN,ORD,MIA,8,0,0,0.2356,Medium
2024-01-15,NK,DFW,MCO,11,0,0,0.1138,Low
2024-01-11,WN,BOS,SEA,11,0,0,0.111,Low
2024-01-10,UA,MIA,SFO,9,0,0,0.1906,Medium
2024-01-13,DL,ORD,MIA,11,0,1,0.2506,Medium
2024-01-14,UA,ORD,DEN,14,0,0,0.2382,Medium
2024-01-13,DL,BOS,DEN,20,0,1,0.2556,Medium
2024-01-16,NK,DEN,BOS,10,0,0,0.1642,Medium
2024-01-10,WN,DFW,LAS,22,0,0,0.2446,Medium
2024-01-14,DL,PHX,JFK,14,0,0,0.2186,Medium
2024-01-10,WN,ORD,CLT,19,0,1,0.4096,High
2024-01-10,AA,LAX,DFW,13,0,1,0.3168,High
2024-01-12,NK,JFK,LAX,21,0,1,0.313,High
2024-01-16,WN,SFO,ORD,15,1,1,0.3546,High
2024-01-15,UA,DFW,MIA,11,0,0,0.2307,Medium
2024-01-11,NK,SFO,PHX,6,0,0,0.1666,Medium
2024-01-14,B6,LAX,PHX,8,0,0,0.1717,Medium
2024-01-16,WN,MCO,LAS,10,0,0,0.1821,Medium
2024-01-12,B6,SFO,MCO,22,0,1,0.3844,High
2024-01-16,AS,MCO,BOS,7,0,0,0.1505,Medium
2024-01-14,B6,LAS,SEA,14,0,1,0.2986,Medium
2024-01-16,AA,BOS,CLT,18,0,1,0.3889,High
2024-01-16,DL,DFW,MCO,18,0,1,0.2524,Medium
2024-01-16,AA,ATL,JFK,8,0,0,0.1817,Medium
2024-01-15,B6,ATL,JFK,18,0,1,0.3264,High
2024-01-15,B6,SFO,MIA,20,1,1,0.46,High
2024-01-13,NK,CLT,ATL,10,1,0,0.149,Low
2024-01-13,UA,JFK,DEN,9,0,0,0.1963,Medium
2024-01-14,AS,SFO,DFW,11,1,0,0.2029,Medium
2024-01-13,WN,MIA,LAS,13,1,1,0.2786,Medium
2024-01-13,NK,CLT,SEA,7,0,0,0.1086,Low
2024-01-13,NK,PHX,JFK,15,0,0,0.2027,Medium
2024-01-11,AS,SEA,CLT,17,0,0,0.2064,Medium
2024-01-16,WN,MCO,BOS,10,0,0,0.2399,Medium
2024-01-10,UA,CLT,DEN,20,0,1,0.3597,High
2024-01-11,B6,BOS,DFW,12,0,0,0.2068,Medium
2024-01-12,UA,BOS,MIA,11,1,0,0.143,Low
2024-01-13,B6,DFW,LAS,16,0,1,0.3485,High
2024-01-11,NK,CLT,DEN,20,0,1,0.2671,Medium
2024-01-10,AS,BOS,DFW,19,1,1,0.3464,High
2024-01-15,AA,DFW,CLT,16,1,1,0.2582,Medium
2024-01-12,F9,SFO,MCO,7,0,1,0.312,High
2024-01-11,AA,PHX,DFW,15,1,1,0.3237,High
2024-01-15,F9,LAS,SFO,21,0,1,0.3053,High
2024-01-14,F9,DEN,SEA,10,0,0,0.1519,Medium
2024-01-13,F9,ORD,JFK,16,0,1,0.3315,High
2024-01-16,UA,MIA,DEN,17,0,1,0.3043,High
2024-01-15,AA,ATL,ORD,18,1,1,0.3876,High
2024-01-12,UA,MIA,LAX,17,0,1,0.2873,Medium
2024-01-10,AA,CLT,PHX,9,1,0,0.2427,Medium
2024-01-15,UA,LAS,DEN,12,0,1,0.2612,Medium
2024-01-11,NK,SEA,SFO,22,0,1,0.2604,Medium
2024-01-12,AA,DFW,MCO,10,0,0,0.2349,Medium
2024-01-11,B6,BOS,ORD,21,0,1,0.3091,High
2024-01-16,WN,SFO,LAX,14,0,0,0.218,Medium
2024-01-11,AS,DEN,JFK,16,0,0,0.178,Medium
2024-01-11,B6,ORD,MIA,19,0,1,0.4102,High
2024-01-14,B6,MCO,SFO,14,1,1,0.3285,High
2024-01-13,AS,ORD,JFK,12,0,1,0.2678,Medium
2024-01-10,AA,DEN,SEA,6,1,0,0.202,Medium
2024-01-12,F9,MCO,BOS,14,1,0,0.2233,Medium
2024-01-16,WN,SFO,LAX,15,1,1,0.3525,High
2024-01-16,NK,MCO,LAS,9,0,0,0.1783,Medium
2024-01-16,DL,LAS,ATL,14,1,1,0.2543,Medium
2024-01-12,NK,ATL,MIA,22,1,1,0.3376,High
2024-01-14,F9,CLT,LAS,17,0,1,0.3751,High
2024-01-11,AS,LAS,CLT,17,1,1,0.2711,Medium
2024-01-11,AS,SEA,CLT,7,0,0,0.0874,Low
2024-01-15,B6,DEN,JFK,13,0,1,0.3085,High
2024-01-14,DL,DFW,MCO,10,0,0,0.2253,Medium
2024-01-16,NK,JFK,SFO,17,0,0,0.2381,Medium
2024-01-13,AA,DEN,CLT,8,0,0,0.1288,Low
2024-01-10,AS,PHX,SFO,21,0,1,0.3542,High
2024-01-12,F9,ATL,LAX,20,0,1,0.361,High
2024-01-14,DL,DEN,MIA,20,0,1,0.2727,Medium
2024-01-13,UA,DEN,CLT,17,0,0,0.2261,Medium
2024-01-16,DL,DFW,CLT,13,0,0,0.2106,Medium
2024-01-12,AS,CLT,LAS,12,0,0,0.1937,Medium
2024-01-10,UA,SEA,JFK,22,1,1,0.2942,Medium
2024-01-12,WN,ORD,MIA,8,0,0,0.1591,Medium
2024-01-13,AS,ATL,SEA,18,0,0,0.2485,Medium
2024-01-16,UA,SFO,LAX,22,0,1,0.3342,High
2024-01-14,NK,SFO,PHX,14,1,1,0.2642,Medium
2024-01-16,UA,BOS,DEN,9,0,0,0.196,Medium
2024-01-16,B6,BOS,DEN,11,1,1,0.2772,Medium
2024-01-10,AS,PHX,MIA,6,0,0,0.1051,Low
2024-01-11,AA,LAS,LAX,19,0,1,0.3654,High
2024-01-14,NK,MCO,MIA,14,0,0,0.2335,Medium
2024-01-14,DL,SEA,MCO,20,0,1,0.3571,High
2024-01-15,AS,BOS,SFO,9,1,0,0.1573,Medium
2024-01-14,DL,SEA,JFK,18,1,1,0.2869,Medium
2024-01-14,WN,LAX,LAS,7,0,0,0.1109,Low
2024-01-15,NK,SEA,DFW,16,1,1,0.2723,Medium
2024-01-14,DL,DEN,SEA,12,0,0,0.1911,Medium
2024-01-11,UA,BOS,SEA,10,1,0,0.1706,Medium
2024-01-15,AA,MIA,LAS,9,0,1,0.2643,Medium
2024-01-13,AS,MIA,MCO,20,0,1,0.3625,High
2024-01-11,AA,SEA,CLT,22,0,1,0.4232,High
2024-01-10,WN,DEN,ORD,22,1,1,0.3083,High
2024-01-12,WN,CLT,JFK,17,0,1,0.2933,Medium
2024-01-14,B6,ATL,LAS,19,0,1,0.364,High
2024-01-15,AS,ATL,DFW,8,0,0,0.1595,Medium
2024-01-13,B6,ORD,CLT,6,0,0,0.2002,Medium
2024-01-15,DL,DEN,SEA,6,0,0,0.0763,Low
2024-01-15,AA,PHX,ATL,12,0,0,0.2393,Medium
2024-01-11,AS,PHX,LAX,12,0,0,0.2133,Medium
2024-01-13,AS,ORD,JFK,19,0,1,0.3256,High
2024-01-11,B6,ATL,BOS,14,0,0,0.2308,Medium
2024-01-11,NK,SFO,MIA,15,1,1,0.3479,High
2024-01-14,UA,JFK,MIA,8,0,0,0.0837,Low
2024-01-16,UA,BOS,MCO,17,0,1,0.2905,Medium
2024-01-13,DL,SEA,ATL,19,0,1,0.2825,Medium
2024-01-12,AS,MCO,PHX,9,0,0,0.0858,Low
2024-01-16,WN,DEN,CLT,18,0,1,0.2747,Medium
2024-01-12,DL,ATL,BOS,11,0,0,0.1321,Low
2024-01-12,B6,JFK,CLT,14,0,1,0.2735,Medium
2024-01-14,F9,SFO,MIA,12,1,1,0.3067,High
2024-01-14,UA,PHX,JFK,9,0,0,0.2286,Medium
2024-01-12,NK,PHX,ORD,14,1,0,0.171,Medium
2024-01-11,B6,SFO,DEN,7,1,0,0.1766,Medium
2024-01-14,AA,BOS,SFO,10,0,0,0.1855,Medium
2024-01-16,AA,DEN,JFK,16,0,1,0.3196,High
2024-01-12,NK,ATL,LAS,13,0,0,0.2115,Medium
2024-01-11,F9,DFW,LAX,15,0,1,0.2858,Medium
2024-01-15,UA,LAS,SFO,8,0,0,0.1467,Low
2024-01-15,DL,MCO,LAS,17,0,0,0.212,Medium
2024-01-15,B6,ORD,PHX,14,0,1,0.2868,Medium
2024-01-15,DL,DEN,BOS,14,0,1,0.2738,Medium
2024-01-11,WN,DEN,MIA,18,1,1,0.3216,High
2024-01-15,WN,MCO,DEN,9,0,0,0.0887,Low
2024-01-13,AS,JFK,MIA,11,0,0,0.2405,Medium
2024-01-12,DL,ORD,JFK,11,1,1,0.2938,Medium
2024-01-11,B6,MIA,BOS,16,0,1,0.2638,Medium
2024-01-15,DL,ATL,LAS,11,1,0,0.1427,Low
2024-01-10,B6,SFO,DFW,9,0,0,0.2172,Medium
2024-01-13,UA,LAS,ORD,22,0,0,0.2395,Medium
2024-01-11,DL,BOS,DEN,6,0,0,0.0583,Low
2024-01-15,NK,MIA,SEA,18,0,0,0.1963,Medium
2024-01-13,NK,MIA,LAS,17,1,0,0.2321,Medium
2024-01-14,NK,BOS,LAX,17,0,1,0.2867,Medium
2024-01-11,NK,SFO,BOS,11,0,1,0.2819,Medium
2024-01-16,B6,SEA,DFW,8,0,0,0.1884,Medium
2024-01-15,AS,MIA,SFO,8,0,0,0.1468,Low
2024-01-13,DL,ATL,DFW,17,0,1,0.2653,Medium
2024-01-13,F9,DFW,LAS,15,1,1,0.3492,High
2024-01-16,WN,ATL,ORD,15,0,0,0.1929,Medium
2024-01-14,WN,PHX,LAX,21,0,1,0.3248,High
2024-01-11,AS,BOS,ATL,11,1,0,0.2038,Medium
2024-01-10,B6,SEA,ATL,22,0,1,0.4079,High
2024-01-15,NK,DEN,PHX,6,0,0,0.1735,Medium
2024-01-13,UA,LAS,MCO,20,0,1,0.3247,High
2024-01-14,UA,JFK,MCO,19,0,0,0.2225,Medium
2024-01-16,UA,LAX,MCO,18,1,0,0.2008,Medium
2024-01-16,AS,LAS,BOS,17,1,0,0.2336,Medium
2024-01-10,AS,JFK,MCO,17,1,1,0.3048,High
2024-01-12,AS,BOS,SFO,21,0,1,0.2965,Medium
2024-01-11,WN,MCO,ORD,17,0,0,0.2149,Medium
2024-01-13,UA,DFW,ATL,19,0,0,0.2346,Medium
2024-01-14,AA,LAS,ORD,12,0,1,0.2644,Medium
2024-01-14,AA,JFK,LAX,10,0,0,0.1537,Medium
2024-01-14,WN,LAX,CLT,16,0,1,0.2866,Medium
2024-01-11,UA,SFO,JFK,8,0,0,0.1465,Low
2024-01-12,AS,DFW,PHX,16,0,1,0.276,Medium
2024-01-14,AS,DFW,SEA,20,0,1,0.3265,High
2024-01-13,AS,LAX,DEN,9,0,0,0.151,Medium
2024-01-16,DL,SFO,ORD,13,0,1,0.2877,Medium
2024-01-15,WN,LAX,ATL,15,1,1,0.2852,Medium
2024-01-11,AS,ORD,BOS,11,1,1,0.2665,Medium
2024-01-14,NK,DFW,MIA,6,0,0,0.0823,Low
2024-01-14,UA,BOS,LAS,17,0,1,0.3172,High
2024-01-13,F9,MIA,ATL,7,0,0,0.1768,Medium
2024-01-11,DL,DFW,PHX,11,0,0,0.1348,Low
2024-01-16,AS,CLT,BOS,8,0,0,0.1358,Low
2024-01-12,UA,DEN,MCO,7,0,0,0.0757,Low
2024-01-12,F9,LAS,BOS,18,0,1,0.3542,High
2024-01-13,DL,ORD,ATL,13,0,1,0.2767,Medium
2024-01-13,DL,PHX,SEA,18,0,0,0.2471,Medium
2024-01-10,NK,ATL,DEN,7,0,0,0.1707,Medium
2024-01-15,AS,PHX,MIA,8,1,0,0.1738,Medium
2024-01-12,F9,BOS,SFO,9,0,0,0.2125,Medium
2024-01-14,B6,SFO,BOS,20,0,1,0.3447,High
2024-01-11,B6,JFK,DEN,18,1,1,0.3206,High
2024-01-10,AS,ATL,BOS,6,0,0,0.0552,Low
2024-01-14,UA,SFO,DFW,21,1,1,0.434,High
2024-01-11,DL,LAX,SEA,20,0,1,0.3156,High
2024-01-11,NK,BOS,ATL,16,0,0,0.2287,Medium
2024-01-11,F9,DEN,ORD,19,1,1,0.3093,High
2024-01-12,NK,ORD,SFO,17,0,0,0.2409,Medium
2024-01-16,UA,LAS,ORD,20,1,1,0.3523,High
2024-01-16,NK,PHX,MIA,18,0,1,0.3162,High
2024-01-13,WN,BOS,PHX,12,1,0,0.1831,Medium
2024-01-16,AS,ORD,BOS,6,0,0,0.2243,Medium
2024-01-12,UA,JFK,SFO,6,0,0,0.1756,Medium
2024-01-11,WN,MCO,MIA,20,0,1,0.3616,High
2024-01-13,UA,LAX,BOS,12,0,0,0.2454,Medium
2024-01-15,NK,MIA,MCO,19,0,1,0.337,High
2024-01-11,F9,ORD,PHX,14,0,1,0.3325,High
2024-01-13,NK,ATL,MIA,22,1,1,0.2681,Medium
2024-01-16,AA,ORD,SEA,13,0,1,0.3127,High
2024-01-13,AA,JFK,MCO,21,0,1,0.2797,Medium
2024-01-13,UA,CLT,ORD,22,0,1,0.3824,High
2024-01-13,WN,CLT,DEN,13,0,0,0.1369,Low
2024-01-13,NK,LAS,DEN,17,0,0,0.192,Medium
2024-01-15,B6,LAX,DEN,13,0,1,0.3166,High
2024-01-15,DL,DFW,SEA,14,0,1,0.2864,Medium
2024-01-14,WN,SEA,JFK,10,0,0,0.1254,Low
2024-01-14,UA,ORD,JFK,13,0,1,0.2648,Medium
2024-01-12,AA,ORD,DFW,21,0,1,0.4388,High
2024-01-14,NK,CLT,SEA,6,0,0,0.0738,Low
2024-01-11,B6,CLT,LAS,7,0,1,0.253,Medium
2024-01-12,WN,DEN,PHX,13,0,0,0.1424,Low
2024-01-16,UA,LAS,DEN,20,1,1,0.2946,Medium
2024-01-10,UA,MCO,ATL,9,0,0,0.2156,Medium
2024-01-14,WN,ORD,JFK,18,0,1,0.311,High
2024-01-12,AA,DFW,SEA,7,0,0,0.237,Medium
2024-01-15,F9,JFK,ATL,17,0,1,0.2926,Medium
2024-01-13,B6,MCO,DEN,8,0,0,0.152,Medium
2024-01-13,UA,CLT,MIA,22,0,1,0.3559,High
2024-01-16,DL,PHX,BOS,17,0,0,0.2379,Medium
2024-01-12,B6,PHX,MIA,17,0,1,0.2805,Medium
2024-01-12,B6,JFK,SEA,13,1,1,0.2959,Medium
2024-01-16,B6,BOS,MCO,9,0,0,0.2008,Medium
2024-01-14,B6,MIA,LAX,7,0,0,0.247,Medium
2024-01-14,DL,MCO,JFK,6,0,0,0.0865,Low
2024-01-16,NK,BOS,SFO,20,1,0,0.2151,Medium
2024-01-15,NK,ATL,SEA,6,1,0,0.1279,Low
2024-01-14,DL,JFK,SFO,21,0,1,0.3429,High
2024-01-10,AA,MCO,DEN,14,0,1,0.3012,High
2024-01-12,B6,SFO,SEA,6,0,1,0.2962,Medium
2024-01-10,DL,DFW,SFO,16,0,1,0.2988,Medium
2024-01-13,B6,JFK,DEN,19,0,1,0.397,High
2024-01-13,B6,LAX,SFO,16,0,1,0.3472,High
2024-01-10,NK,SFO,DEN,17,0,1,0.2505,Medium
2024-01-13,AA,PHX,ORD,20,0,1,0.2859,Medium
2024-01-11,AS,DFW,SEA,22,1,1,0.3185,High
2024-01-15,NK,DEN,CLT,22,1,1,0.2877,Medium
2024-01-12,AA,LAX,LAS,11,0,1,0.2884,Medium
2024-01-11,WN,DEN,CLT,14,0,0,0.2234,Medium
2024-01-14,AA,MIA,BOS,12,0,1,0.2574,Medium
2024-01-16,B6,LAX,DFW,12,0,1,0.2792,Medium
2024-01-10,B6,BOS,MIA,14,1,0,0.2066,Medium
2024-01-15,UA,SEA,ATL,14,1,1,0.2855,Medium
2024-01-16,AS,SFO,LAS,9,0,0,0.1512,Medium
2024-01-14,DL,MCO,MIA,17,0,1,0.2565,Medium
2024-01-10,NK,JFK,SFO,9,0,0,0.1603,Medium
2024-01-15,DL,MIA,JFK,18,0,1,0.2826,Medium
2024-01-13,DL,LAX,DEN,16,0,1,0.2575,Medium
2024-01-14,UA,ORD,BOS,22,1,1,0.3756,High
2024-01-10,AA,CLT,MCO,15,0,1,0.314,High
2024-01-13,NK,DFW,SFO,22,0,1,0.2532,Medium
2024-01-14,F9,SFO,DEN,7,0,0,0.1695,Medium
2024-01-14,UA,PHX,MCO,10,0,0,0.1997,Medium
2024-01-13,B6,CLT,SFO,7,0,0,0.2194,Medium
2024-01-11,AA,SEA,LAX,16,0,1,0.2658,Medium
2024-01-16,AS,SEA,CLT,21,0,1,0.2801,Medium
2024-01-11,B6,SFO,DFW,15,0,1,0.3166,High
2024-01-14,AS,LAX,ORD,19,0,1,0.2734,Medium
2024-01-16,DL,MCO,SFO,22,1,1,0.344,High
2024-01-12,NK,LAS,DEN,8,0,0,0.2035,Medium
2024-01-11,UA,CLT,DFW,11,0,0,0.1854,Medium
2024-01-16,UA,LAX,SFO,12,0,0,0.2254,Medium
2024-01-12,WN,LAS,CLT,20,1,1,0.3606,High
2024-01-13,F9,DFW,LAS,17,0,1,0.2977,Medium
2024-01-15,B6,LAS,DEN,13,0,0,0.1983,Medium
2024-01-12,UA,CLT,SFO,22,0,1,0.3092,High
2024-01-15,B6,JFK,SEA,22,0,1,0.404,High
2024-01-12,F9,SEA,DFW,21,0,1,0.3254,High
2024-01-13,WN,DFW,BOS,7,0,0,0.1222,Low
2024-01-15,DL,LAX,LAS,16,1,0,0.1764,Medium
2024-01-11,DL,DEN,PHX,14,0,0,0.1539,Medium
2024-01-12,UA,DEN,BOS,17,0,1,0.3096,High
2024-01-14,WN,LAX,SEA,19,0,1,0.3012,High
2024-01-16,B6,MIA,PHX,6,1,0,0.2198,Medium
2024-01-12,F9,MCO,DEN,17,1,1,0.3603,High
2024-01-15,DL,DEN,ATL,8,0,0,0.0872,Low
2024-01-16,AA,DEN,SEA,17,0,1,0.2583,Medium
2024-01-10,WN,CLT,DEN,10,0,0,0.1359,Low
2024-01-14,AA,SFO,ATL,15,0,1,0.2679,Medium
2024-01-15,UA,LAS,ATL,18,0,0,0.221,Medium
2024-01-10,B6,SEA,BOS,18,0,1,0.3301,High
2024-01-13,WN,ORD,PHX,15,1,1,0.3456,High
2024-01-14,UA,MCO,PHX,9,0,0,0.1706,Medium
2024-01-16,F9,SEA,LAX,17,0,0,0.2417,Medium
2024-01-12,B6,DEN,SFO,15,1,1,0.2563,Medium
2024-01-11,NK,MCO,SEA,6,0,0,0.1728,Medium
2024-01-16,AA,BOS,SFO,15,0,1,0.288,Medium
2024-01-14,WN,DFW,SEA,16,1,0,0.2077,Medium
2024-01-13,F9,MCO,JFK,14,1,1,0.3382,High
2024-01-16,NK,DEN,JFK,14,0,1,0.2902,Medium
2024-01-13,AA,DEN,ORD,18,0,1,0.3691,High
2024-01-16,NK,MCO,ORD,15,0,0,0.1664,Medium
2024-01-11,AA,PHX,LAS,7,0,0,0.1163,Low
2024-01-16,F9,SEA,PHX,12,0,0,0.1697,Medium
2024-01-12,WN,JFK,MCO,11,0,0,0.1438,Low
2024-01-16,UA,PHX,DEN,9,1,0,0.1754,Medium
2024-01-16,NK,LAS,PHX,13,0,0,0.2448,Medium
2024-01-13,AA,SFO,LAS,16,1,1,0.3581,High
2024-01-15,AS,PHX,SFO,22,0,1,0.3296,High
2024-01-11,DL,LAS,MIA,13,1,1,0.25,Medium
2024-01-14,AA,BOS,PHX,7,1,0,0.219,Medium
2024-01-14,B6,LAS,ATL,15,1,1,0.3269,High
2024-01-13,AS,MIA,BOS,11,0,0,0.1297,Low
2024-01-16,F9,ORD,JFK,15,0,1,0.3749,High
2024-01-10,DL,LAS,BOS,21,0,0,0.2321,Medium
2024-01-10,B6,CLT,JFK,8,0,0,0.1449,Low
2024-01-13,AS,JFK,MIA,21,0,1,0.3143,High
2024-01-10,AS,SFO,PHX,21,0,1,0.2942,Medium
2024-01-14,AA,ORD,ATL,21,0,1,0.4106,High
2024-01-16,UA,CLT,PHX,10,0,0,0.2054,Medium
2024-01-11,F9,DFW,LAS,14,0,0,0.2061,Medium
2024-01-13,F9,PHX,CLT,8,1,0,0.224,Medium
2024-01-11,WN,CLT,LAS,22,0,1,0.2506,Medium
2024-01-13,AS,MIA,ATL,17,0,0,0.1858,Medium
2024-01-13,DL,CLT,MCO,20,0,1,0.3237,High
2024-01-15,DL,PHX,SFO,22,1,1,0.281,Medium
2024-01-10,UA,SFO,CLT,19,0,1,0.37,High
2024-01-15,AA,LAS,ATL,17,0,1,0.2549,Medium
2024-01-11,B6,MIA,CLT,6,1,0,0.2242,Medium
2024-01-15,AA,ORD,ATL,22,0,1,0.3869,High
2024-01-12,F9,SEA,JFK,19,0,1,0.2825,Medium
2024-01-12,UA,DEN,PHX,11,0,0,0.235,Medium
2024-01-11,NK,DEN,ORD,15,0,0,0.1703,Medium
2024-01-14,DL,BOS,PHX,13,0,0,0.1525,Medium
2024-01-11,DL,SEA,CLT,13,0,0,0.1677,Medium
2024-01-10,WN,ATL,PHX,22,0,1,0.2966,Medium
2024-01-11,UA,LAS,BOS,22,0,1,0.2932,Medium
2024-01-11,NK,LAX,DEN,8,0,0,0.1968,Medium
2024-01-15,F9,LAX,DEN,6,1,0,0.2356,Medium
2024-01-10,NK,JFK,PHX,16,1,0,0.1901,Medium
2024-01-13,AA,DFW,MCO,18,0,1,0.3425,High
2024-01-15,AS,ORD,SFO,19,1,1,0.3893,High
2024-01-12,WN,SFO,DFW,12,1,1,0.2943,Medium
2024-01-13,DL,SFO,PHX,13,1,1,0.3029,High
2024-01-13,F9,CLT,DEN,9,0,0,0.1942,Medium
2024-01-15,NK,CLT,SFO,8,1,0,0.123,Low
2024-01-11,F9,PHX,ATL,7,0,0,0.1245,Low
2024-01-12,B6,SEA,ORD,12,0,1,0.2952,Medium
2024-01-16,NK,BOS,ATL,21,0,0,0.2475,Medium
2024-01-15,UA,JFK,MCO,13,0,0,0.1676,Medium
2024-01-14,B6,PHX,ATL,13,0,0,0.2144,Medium
2024-01-11,B6,BOS,DEN,16,1,1,0.2952,Medium
2024-01-12,UA,ORD,CLT,15,0,1,0.3397,High
2024-01-16,DL,ORD,ATL,9,0,0,0.2466,Medium
2024-01-13,F9,BOS,PHX,22,0,1,0.3962,High
2024-01-14,F9,LAS,MCO,15,1,1,0.3107,High
2024-01-10,F9,DFW,MCO,10,1,0,0.21,Medium
2024-01-16,NK,PHX,DEN,21,0,1,0.3396,High
2024-01-14,AA,ORD,SEA,22,0,1,0.4536,High
2024-01-16,AS,MIA,SEA,11,0,0,0.1569,Medium
2024-01-11,NK,LAS,ATL,6,0,0,0.1446,Low
2024-01-12,F9,MCO,DEN,22,1,1,0.3543,High
2024-01-16,NK,SFO,JFK,22,0,1,0.3821,High
2024-01-16,NK,LAX,MCO,6,1,0,0.1309,Low
2024-01-11,B6,JFK,LAS,7,0,0,0.1804,Medium
2024-01-16,F9,LAX,PHX,7,0,0,0.1438,Low
2024-01-10,B6,LAX,JFK,10,1,0,0.2458,Medium
2024-01-16,UA,SEA,DFW,19,1,1,0.2935,Medium
2024-01-10,NK,BOS,JFK,7,0,0,0.076,Low
2024-01-13,B6,SFO,CLT,22,1,1,0.4007,High
2024-01-16,UA,ORD,PHX,11,0,1,0.2507,Medium
2024-01-10,F9,MCO,MIA,21,1,1,0.2806,Medium
2024-01-11,B6,MCO,DFW,20,0,1,0.3194,High
2024-01-10,WN,CLT,JFK,8,0,0,0.1088,Low
2024-01-10,AS,ORD,DFW,11,1,1,0.3093,High
2024-01-10,UA,SFO,JFK,12,0,1,0.3236,High
2024-01-10,UA,ORD,LAX,22,0,1,0.3379,High
2024-01-16,B6,LAX,LAS,10,0,1,0.2639,Medium
2024-01-12,NK,ORD,DFW,10,0,0,0.1603,Medium
2024-01-13,WN,SEA,LAX,8,0,0,0.0916,Low
2024-01-10,NK,CLT,LAS,19,0,0,0.2276,Medium
2024-01-13,NK,JFK,DFW,12,0,0,0.132,Low
2024-01-14,DL,DFW,BOS,10,1,0,0.1149,Low
2024-01-14,UA,MIA,LAX,21,0,1,0.3055,High
2024-01-15,AS,JFK,CLT,8,0,0,0.1836,Medium
2024-01-14,UA,LAS,SFO,16,0,0,0.2418,Medium
2024-01-10,DL,LAS,PHX,22,0,1,0.3222,High
2024-01-11,DL,DEN,CLT,6,0,0,0.076,Low
2024-01-14,AA,PHX,MCO,18,1,1,0.3457,High
2024-01-10,B6,ATL,DFW,6,0,0,0.2408,Medium
2024-01-12,DL,BOS,MCO,10,1,0,0.1811,Medium
2024-01-15,DL,LAS,CLT,16,0,0,0.2296,Medium
2024-01-16,AA,SEA,ATL,6,0,0,0.1208,Low
2024-01-14,F9,CLT,JFK,21,0,1,0.2988,Medium
2024-01-14,B6,SEA,CLT,10,1,1,0.2722,Medium
2024-01-11,UA,LAS,PHX,15,0,0,0.2025,Medium
2024-01-16,AS,PHX,LAX,18,0,0,0.2459,Medium
2024-01-10,NK,MIA,PHX,19,0,0,0.2334,Medium
2024-01-14,NK,ORD,BOS,21,0,1,0.3263,High
2024-01-12,WN,JFK,DEN,15,0,0,0.2276,Medium
2024-01-15,B6,DEN,SEA,20,0,1,0.3385,High
2024-01-12,F9,LAS,ORD,19,0,1,0.396,High
2024-01-15,NK,PHX,SFO,16,0,0,0.2364,Medium
2024-01-13,NK,ORD,MCO,6,0,0,0.1172,Low
2024-01-11,NK,MIA,ORD,20,0,1,0.3207,High
2024-01-11,WN,DEN,LAS,18,0,1,0.3366,High
2024-01-16,DL,SEA,ORD,11,0,1,0.2537,Medium
2024-01-14,AA,PHX,JFK,10,0,0,0.1737,Medium
2024-01-11,F9,CLT,DEN,8,1,0,0.1299,Low
2024-01-11,F9,PHX,ATL,9,0,0,0.2292,Medium
2024-01-13,B6,LAS,SFO,9,0,0,0.2298,Medium
2024-01-14,WN,MIA,LAX,22,0,1,0.3258,High
2024-01-15,DL,PHX,SFO,8,0,0,0.1201,Low
2024-01-13,DL,DFW,CLT,10,0,0,0.2097,Medium
2024-01-13,DL,JFK,CLT,20,0,1,0.2513,Medium
2024-01-12,F9,SEA,LAX,15,0,0,0.2493,Medium
2024-01-13,AA,DFW,ORD,14,0,0,0.2472,Medium
2024-01-15,AA,CLT,JFK,11,1,0,0.1844,Medium
2024-01-12,AS,BOS,PHX,20,1,1,0.2931,Medium
2024-01-11,AS,DFW,LAX,11,0,0,0.1243,Low
2024-01-11,UA,DFW,MCO,6,1,0,0.1451,Low
2024-01-10,F9,BOS,CLT,12,0,1,0.2585,Medium
2024-01-11,UA,MIA,SEA,7,0,0,0.1442,Low
2024-01-12,NK,ORD,BOS,19,1,1,0.3246,High
2024-01-12,AA,JFK,ORD,10,0,1,0.2749,Medium
2024-01-14,WN,DEN,ATL,14,1,1,0.2885,Medium
2024-01-14,F9,LAX,SFO,21,1,1,0.3233,High
2024-01-13,B6,SEA,ATL,15,0,1,0.2841,Medium
2024-01-13,DL,LAS,ATL,10,0,0,0.2138,Medium
2024-01-16,AS,BOS,ORD,18,0,0,0.2305,Medium
2024-01-15,UA,ATL,SEA,16,0,1,0.2706,Medium
2024-01-16,AA,ORD,CLT,7,0,0,0.2,Medium
2024-01-13,WN,PHX,BOS,11,0,0,0.1959,Medium
2024-01-12,WN,JFK,DFW,9,0,0,0.1561,Medium
2024-01-12,WN,DFW,ORD,6,0,0,0.1215,Low
2024-01-11,UA,MIA,LAS,20,0,0,0.2497,Medium
2024-01-10,NK,DEN,LAX,15,0,1,0.2787,Medium
2024-01-11,NK,SFO,DEN,17,0,1,0.275,Medium
2024-01-16,UA,ATL,DEN,9,0,0,0.2139,Medium
2024-01-14,NK,BOS,JFK,18,0,0,0.2327,Medium
2024-01-11,AA,MIA,SEA,12,1,1,0.2709,Medium
2024-01-14,B6,ORD,MCO,17,1,1,0.3439,High
2024-01-14,NK,CLT,DEN,10,0,0,0.1134,Low
2024-01-10,B6,SEA,MCO,12,0,1,0.3128,High
2024-01-16,AS,LAX,PHX,15,0,0,0.158,Medium
2024-01-14,AS,PHX,DFW,15,0,0,0.1916,Medium
2024-01-14,AA,CLT,SEA,14,0,1,0.2558,Medium
2024-01-10,NK,BOS,SFO,8,0,0,0.083,Low
2024-01-14,DL,PHX,JFK,18,0,1,0.3104,High
2024-01-16,AA,MIA,LAX,11,1,0,0.1853,Medium
2024-01-11,F9,JFK,BOS,20,0,1,0.2729,Medium
2024-01-12,AS,LAX,CLT,15,0,0,0.2229,Medium
2024-01-16,WN,DEN,LAS,18,0,0,0.1964,Medium
2024-01-10,UA,CLT,SFO,12,1,0,0.2333,Medium
2024-01-10,WN,ORD,ATL,22,0,1,0.4247,High
2024-01-14,NK,ATL,JFK,20,0,0,0.245,Medium
2024-01-15,DL,ORD,DFW,21,0,1,0.4319,High
2024-01-12,AS,DEN,SFO,22,0,1,0.3369,High
2024-01-15,NK,SFO,BOS,15,0,1,0.2678,Medium
2024-01-14,AS,DFW,SEA,6,0,0,0.1863,Medium
2024-01-14,AA,PHX,CLT,22,1,1,0.324,High
2024-01-14,AA,SFO,CLT,12,0,1,0.3489,High
2024-01-15,NK,JFK,ORD,7,0,0,0.187,Medium
2024-01-15,UA,ATL,CLT,21,0,0,0.2411,Medium
2024-01-16,NK,PHX,JFK,21,0,1,0.3199,High
2024-01-13,B6,LAX,BOS,16,1,1,0.3044,High
2024-01-12,DL,CLT,LAS,19,0,1,0.3462,High
2024-01-13,B6,CLT,PHX,21,1,1,0.3894,High
2024-01-13,B6,LAS,JFK,8,0,0,0.224,Medium
2024-01-11,B6,MIA,SFO,9,0,0,0.1446,Low
2024-01-11,F9,SFO,DEN,10,0,1,0.3086,High
2024-01-11,WN,CLT,ORD,8,0,0,0.1473,Low
2024-01-12,AA,ORD,LAS,20,0,1,0.3743,High
2024-01-16,DL,BOS,SEA,21,1,1,0.2863,Medium
2024-01-13,AA,SEA,MCO,20,0,1,0.3643,High
2024-01-14,UA,SFO,MCO,7,0,0,0.229,Medium
2024-01-10,DL,PHX,JFK,9,0,0,0.1508,Medium
2024-01-14,B6,SEA,DFW,18,1,1,0.2872,Medium
2024-01-15,NK,PHX,DEN,11,0,0,0.1747,Medium
2024-01-13,UA,SEA,ATL,20,0,1,0.3552,High
2024-01-14,AS,DFW,CLT,16,0,0,0.2494,Medium
2024-01-16,NK,SEA,MIA,22,0,1,0.2559,Medium
2024-01-12,F9,DFW,LAX,12,0,0,0.1951,Medium
2024-01-13,B6,ATL,MIA,10,0,1,0.2588,Medium
2024-01-15,UA,MIA,DFW,14,0,0,0.1723,Medium
2024-01-16,DL,SFO,ORD,18,0,1,0.2977,Medium
2024-01-10,WN,BOS,DFW,11,1,0,0.1991,Medium
2024-01-12,UA,LAX,SFO,18,1,1,0.319,High
2024-01-10,AA,JFK,DFW,19,1,1,0.2805,Medium
2024-01-12,NK,DEN,PHX,6,0,0,0.1217,Low
2024-01-15,F9,MCO,PHX,7,1,0,0.1754,Medium
2024-01-14,WN,LAS,ORD,16,1,0,0.2266,Medium
2024-01-14,NK,MIA,DFW,19,1,1,0.3174,High
2024-01-13,NK,LAS,LAX,15,0,1,0.2527,Medium
2024-01-11,F9,DEN,MCO,14,0,1,0.2755,Medium
2024-01-11,F9,PHX,MIA,17,0,0,0.2273,Medium
2024-01-14,UA,BOS,SEA,19,1,0,0.2492,Medium
2024-01-13,AS,MCO,ATL,18,0,1,0.2919,Medium
2024-01-10,AS,MIA,SEA,19,0,1,0.2738,Medium
2024-01-13,B6,SEA,LAX,20,0,1,0.3561,High
2024-01-16,NK,MCO,ORD,19,0,1,0.3009,High
2024-01-13,UA,SEA,MIA,11,0,0,0.1796,Medium
2024-01-11,NK,DEN,MIA,20,1,0,0.2326,Medium
2024-01-11,DL,ORD,PHX,14,1,0,0.2167,Medium
2024-01-15,AA,SFO,LAS,17,0,1,0.3923,High
2024-01-15,AA,LAX,LAS,6,0,0,0.1731,Medium
2024-01-12,DL,CLT,SFO,22,1,1,0.3316,High
2024-01-14,DL,DFW,LAS,14,0,0,0.2059,Medium
2024-01-14,UA,ATL,SEA,17,1,1,0.2702,Medium
2024-01-10,NK,MCO,CLT,7,0,0,0.1243,Low
2024-01-11,NK,CLT,MCO,12,0,1,0.2617,Medium
2024-01-12,WN,SEA,SFO,21,0,1,0.2508,Medium
2024-01-10,F9,ORD,ATL,21,0,1,0.3521,High
2024-01-15,AS,SFO,CLT,6,1,0,0.1155,Low
2024-01-10,NK,ORD,SEA,19,0,1,0.3861,High
2024-01-13,AA,PHX,LAX,18,0,1,0.3435,High
2024-01-15,AS,LAX,MIA,13,1,0,0.1802,Medium
2024-01-15,WN,SEA,ORD,11,0,0,0.1349,Low
2024-01-10,WN,MIA,DFW,21,1,1,0.3705,High
2024-01-14,UA,LAS,ORD,11,0,1,0.2517,Medium
2024-01-16,UA,ORD,ATL,13,0,1,0.2892,Medium
2024-01-16,UA,LAX,MCO,18,1,1,0.3374,High
2024-01-12,AS,DFW,SFO,16,0,0,0.2315,Medium
2024-01-15,AA,MIA,CLT,18,1,1,0.3364,High
2024-01-12,DL,MCO,LAX,12,0,0,0.1869,Medium
2024-01-10,UA,LAS,PHX,15,1,0,0.2283,Medium
2024-01-10,AS,BOS,ORD,22,0,0,0.2435,Medium
2024-01-14,B6,BOS,SEA,8,0,0,0.1434,Low
2024-01-12,WN,BOS,JFK,18,1,1,0.276,Medium
2024-01-13,WN,DEN,SEA,12,0,0,0.1582,Medium
2024-01-12,B6,LAX,LAS,10,0,0,0.2463,Medium
2024-01-10,AS,MIA,MCO,22,0,1,0.3459,High
2024-01-16,WN,CLT,DFW,18,0,1,0.3229,High
2024-01-13,DL,SEA,MIA,15,1,1,0.2715,Medium
2024-01-11,NK,SFO,BOS,22,1,1,0.3476,High
2024-01-11,B6,MCO,PHX,14,0,1,0.3009,High
2024-01-15,F9,DEN,MIA,20,0,1,0.3687,High
2024-01-10,B6,ATL,BOS,12,0,0,0.229,Medium
2024-01-12,B6,ORD,BOS,21,0,1,0.3854,High
2024-01-15,UA,LAS,JFK,12,0,0,0.1669,Medium
2024-01-15,DL,DEN,ATL,8,0,0,0.1527,Medium
2024-01-11,AA,LAS,BOS,7,1,0,0.1861,Medium
2024-01-11,DL,JFK,MCO,21,0,1,0.2738,Medium
2024-01-10,WN,ORD,MCO,12,0,1,0.2563,Medium
2024-01-14,WN,MIA,SFO,12,0,1,0.2504,Medium
2024-01-12,NK,DEN,ATL,20,1,0,0.2296,Medium
2024-01-13,DL,LAS,CLT,19,0,1,0.303,High
2024-01-10,F9,DEN,SFO,6,0,0,0.2218,Medium
2024-01-15,DL,BOS,MIA,6,0,0,0.1713,Medium
2024-01-14,DL,ATL,BOS,16,0,1,0.2973,Medium
2024-01-12,B6,DEN,JFK,9,0,1,0.26,Medium
2024-01-11,DL,MIA,MCO,20,0,1,0.2636,Medium
2024-01-13,UA,JFK,DEN,6,0,0,0.1159,Low
2024-01-14,AS,SFO,CLT,10,0,0,0.2115,Medium
2024-01-10,NK,LAX,ORD,19,0,1,0.2942,Medium
2024-01-12,AA,DEN,CLT,22,0,1,0.3281,High
2024-01-16,F9,ORD,SEA,6,0,0,0.1717,Medium
2024-01-11,UA,MCO,DEN,14,0,1,0.2543,Medium
2024-01-16,DL,LAS,SFO,17,0,0,0.2041,Medium
2024-01-14,WN,JFK,MIA,21,0,1,0.2564,Medium
2024-01-14,B6,JFK,ORD,20,0,1,0.3624,High
2024-01-12,AS,MIA,DEN,18,0,0,0.2145,Medium
2024-01-15,B6,DEN,LAX,21,1,1,0.3346,High
2024-01-11,NK,SEA,MCO,13,0,0,0.2072,Medium
2024-01-15,DL,CLT,LAX,21,0,1,0.3037,High
2024-01-15,B6,ORD,BOS,7,0,0,0.1879,Medium
2024-01-14,DL,LAX,LAS,6,0,0,0.1878,Medium
2024-01-15,AS,MCO,JFK,19,0,0,0.2274,Medium
2024-01-15,B6,MCO,DEN,8,0,0,0.1972,Medium
2024-01-13,F9,ATL,CLT,16,0,1,0.3454,High
2024-01-10,DL,SFO,CLT,10,0,0,0.231,Medium
2024-01-14,WN,BOS,SFO,15,0,0,0.2046,Medium
2024-01-13,DL,JFK,LAX,11,1,0,0.1329,Low
2024-01-16,B6,DFW,LAS,16,1,0,0.2283,Medium
2024-01-11,NK,LAX,DEN,7,0,0,0.1982,Medium
2024-01-13,AA,ATL,SEA,17,1,1,0.3615,High
2024-01-10,F9,PHX,SEA,9,1,0,0.2237,Medium
2024-01-15,DL,MIA,DFW,17,1,1,0.3153,High
2024-01-13,DL,PHX,MCO,13,0,0,0.2,Medium
2024-01-13,B6,LAX,SFO,12,0,0,0.1838,Medium
2024-01-10,NK,SEA,BOS,10,0,0,0.2413,Medium
2024-01-14,WN,DEN,SFO,14,0,0,0.1459,Low
2024-01-14,UA,JFK,DEN,6,0,0,0.1577,Medium
2024-01-16,UA,PHX,ATL,13,0,0,0.2196,Medium
2024-01-12,NK,LAX,MIA,14,0,0,0.1515,Medium
2024-01-12,DL,MCO,DEN,21,0,1,0.2543,Medium
2024-01-15,WN,ORD,LAS,13,0,0,0.1926,Medium
2024-01-11,AA,LAX,DEN,12,1,0,0.1749,Medium
2024-01-13,B6,SFO,PHX,12,0,1,0.2698,Medium
2024-01-13,UA,BOS,LAS,22,1,1,0.3481,High
2024-01-10,WN,JFK,LAX,15,0,0,0.1618,Medium
2024-01-16,AS,ATL,LAS,15,1,0,0.2468,Medium
2024-01-15,F9,DEN,ORD,6,0,0,0.1802,Medium
2024-01-14,DL,SEA,PHX,14,0,0,0.1781,Medium
2024-01-13,F9,SFO,ATL,17,0,1,0.3027,High
2024-01-10,UA,CLT,LAS,22,0,1,0.3257,High
2024-01-11,F9,CLT,BOS,10,0,1,0.2514,Medium
2024-01-11,NK,LAS,ORD,11,0,0,0.1855,Medium
2024-01-13,B6,BOS,SEA,21,1,1,0.3797,High
2024-01-11,B6,DFW,PHX,6,0,0,0.1357,Low
2024-01-10,UA,JFK,MCO,11,0,0,0.2081,Medium
2024-01-14,AS,ATL,DFW,14,1,1,0.2735,Medium
2024-01-11,B6,LAX,DEN,15,0,0,0.2354,Medium
2024-01-15,DL,SFO,JFK,21,0,1,0.3938,High
2024-01-12,B6,MIA,ATL,13,1,0,0.2368,Medium
2024-01-13,F9,SEA,JFK,20,0,1,0.3233,High
2024-01-15,WN,ATL,DEN,19,1,1,0.3392,High
2024-01-16,DL,SEA,SFO,6,0,0,0.0923,Low
2024-01-11,B6,SEA,DEN,22,1,1,0.4365,High
2024-01-11,B6,JFK,LAX,14,0,0,0.2026,Medium
2024-01-14,B6,DFW,MIA,19,0,1,0.3651,High
2024-01-15,DL,BOS,LAX,19,0,1,0.3264,High
2024-01-12,DL,CLT,DEN,7,0,0,0.1843,Medium
2024-01-12,AA,MCO,PHX,12,0,1,0.2539,Medium
2024-01-16,DL,DFW,CLT,12,0,0,0.171,Medium
2024-01-11,AS,ATL,SEA,12,0,0,0.179,Medium
2024-01-16,UA,ORD,CLT,21,1,1,0.3378,High
2024-01-14,WN,ATL,DEN,10,0,0,0.174,Medium
2024-01-15,WN,ORD,DEN,21,0,1,0.2866,Medium
2024-01-15,F9,SFO,JFK,17,1,1,0.4279,High
2024-01-11,B6,SFO,PHX,22,1,1,0.3612,High
2024-01-15,DL,MIA,BOS,14,0,1,0.2808,Medium
2024-01-16,B6,JFK,LAX,7,0,0,0.1802,Medium
2024-01-15,UA,LAS,SEA,11,0,0,0.1914,Medium
2024-01-11,AS,CLT,ATL,13,0,0,0.1573,Medium
2024-01-16,AS,SFO,ATL,13,1,1,0.2617,Medium
2024-01-11,WN,MIA,DEN,7,0,0,0.1608,Medium
2024-01-12,WN,LAS,MCO,13,0,0,0.1573,Medium
2024-01-10,B6,DEN,BOS,14,0,1,0.2918,Medium
2024-01-13,F9,DEN,LAX,18,0,1,0.2569,Medium
2024-01-16,B6,CLT,BOS,6,0,0,0.2122,Medium
2024-01-16,DL,ORD,ATL,21,0,1,0.3916,High
2024-01-12,NK,BOS,LAS,22,0,1,0.2668,Medium
2024-01-11,DL,MCO,PHX,19,0,1,0.2871,Medium
2024-01-13,UA,ATL,DFW,15,0,1,0.2874,Medium
2024-01-16,AA,PHX,SFO,12,1,1,0.2654,Medium
2024-01-12,DL,DEN,MCO,22,1,1,0.3386,High
2024-01-10,NK,ORD,MIA,21,0,1,0.3157,High
2024-01-12,DL,MIA,ORD,9,0,0,0.0832,Low
2024-01-15,F9,LAS,DFW,19,0,1,0.3076,High
2024-01-15,AS,SEA,MCO,15,0,0,0.2359,Medium
2024-01-16,DL,DFW,CLT,21,0,1,0.2944,Medium
2024-01-14,AA,MCO,BOS,17,0,1,0.3513,High
2024-01-16,DL,ATL,ORD,16,0,1,0.2878,Medium
2024-01-12,WN,DFW,ORD,11,0,0,0.2183,Medium
2024-01-10,AS,ORD,DEN,17,0,1,0.3501,High
2024-01-10,WN,DFW,SEA,22,0,1,0.2786,Medium
2024-01-12,AS,LAX,SEA,21,0,1,0.3601,High
2024-01-11,WN,PHX,MIA,13,0,0,0.221,Medium
2024-01-16,AS,MCO,BOS,8,0,0,0.1491,Low
2024-01-13,UA,JFK,LAX,6,0,0,0.1731,Medium
2024-01-16,F9,LAX,PHX,9,1,0,0.2079,Medium
2024-01-14,AA,MIA,CLT,13,0,1,0.2557,Medium
2024-01-15,WN,PHX,DFW,20,0,0,0.2455,Medium
2024-01-14,AS,CLT,MIA,11,0,0,0.2402,Medium
2024-01-10,WN,PHX,JFK,19,0,1,0.2516,Medium
2024-01-15,NK,ATL,LAX,17,0,0,0.2231,Medium
2024-01-15,F9,MIA,JFK,7,0,0,0.2092,Medium
2024-01-10,AS,ORD,MCO,10,1,0,0.1957,Medium
2024-01-11,AA,SFO,ORD,9,0,0,0.2327,Medium
2024-01-11,F9,DEN,MIA,6,0,0,0.1335,Low
2024-01-10,AA,MIA,SEA,8,0,1,0.2619,Medium
2024-01-16,AA,MIA,ATL,9,0,0,0.219,Medium
2024-01-15,AS,DEN,SFO,6,0,0,0.0942,Low
2024-01-15,NK,PHX,SFO,6,0,0,0.1562,Medium
2024-01-16,UA,ATL,JFK,13,1,0,0.1488,Low
2024-01-14,WN,LAX,DFW,11,0,0,0.1487,Low
2024-01-15,F9,LAS,BOS,22,1,1,0.3685,High
2024-01-16,UA,LAS,LAX,9,0,0,0.1324,Low
2024-01-10,DL,ORD,DFW,22,0,1,0.4076,High
2024-01-11,NK,SFO,PHX,7,0,0,0.166,Medium
2024-01-12,AS,JFK,ATL,20,0,0,0.2185,Medium
2024-01-13,UA,MIA,JFK,19,1,1,0.2607,Medium
2024-01-10,WN,JFK,CLT,10,1,0,0.1782,Medium
2024-01-16,AA,JFK,DFW,9,0,0,0.1753,Medium
2024-01-11,DL,LAX,SFO,20,0,1,0.3115,High
2024-01-11,F9,CLT,DEN,11,0,1,0.2889,Medium
2024-01-15,WN,ATL,ORD,11,1,0,0.166,Medium
2024-01-12,WN,JFK,CLT,18,0,0,0.2246,Medium
2024-01-14,AA,LAS,MCO,18,0,1,0.2657,Medium
2024-01-10,AS,MCO,LAS,18,0,0,0.2087,Medium
2024-01-14,DL,SFO,LAS,17,1,1,0.3158,High
2024-01-14,AS,ORD,PHX,21,0,1,0.3831,High
2024-01-15,AA,MCO,LAX,13,0,1,0.2604,Medium
2024-01-16,NK,MIA,SEA,18,0,0,0.2219,Medium
2024-01-15,AS,ORD,MCO,10,0,0,0.2029,Medium
2024-01-11,B6,CLT,LAX,18,0,1,0.2619,Medium
2024-01-11,NK,MIA,CLT,14,0,0,0.2057,Medium
2024-01-14,F9,PHX,DFW,16,0,0,0.2328,Medium
2024-01-12,AS,DEN,LAS,11,0,0,0.1817,Medium
2024-01-10,F9,ATL,MCO,11,0,0,0.1817,Medium
2024-01-13,NK,LAS,BOS,12,0,0,0.2287,Medium
2024-01-10,F9,BOS,ORD,19,1,1,0.3117,High
2024-01-15,UA,ATL,BOS,9,0,0,0.0834,Low
2024-01-16,WN,LAX,DEN,16,0,0,0.1682,Medium
2024-01-15,WN,ATL,ORD,10,0,0,0.197,Medium
2024-01-11,F9,MCO,ORD,12,0,0,0.1788,Medium
2024-01-15,AS,MIA,SEA,7,0,0,0.1745,Medium
2024-01-14,AA,PHX,LAX,8,0,0,0.2254,Medium
2024-01-12,NK,DFW,MIA,18,0,0,0.2467,Medium
2024-01-13,WN,LAS,SEA,18,0,1,0.3257,High
2024-01-12,AS,SFO,CLT,21,1,1,0.3795,High
2024-01-14,UA,PHX,SEA,10,1,0,0.2285,Medium
2024-01-13,UA,LAX,LAS,16,1,1,0.2875,Medium
2024-01-12,WN,BOS,LAS,10,0,0,0.1282,Low
2024-01-16,WN,PHX,CLT,11,0,0,0.1571,Medium
2024-01-11,DL,LAX,SFO,17,0,1,0.255,Medium
2024-01-11,WN,SFO,ORD,6,0,0,0.1286,Low
2024-01-13,AS,ATL,MIA,12,1,0,0.1688,Medium
2024-01-11,DL,MCO,CLT,14,0,0,0.2267,Medium
2024-01-10,UA,LAX,CLT,8,0,0,0.2005,Medium
2024-01-16,F9,ORD,SEA,21,1,1,0.37,High
2024-01-11,NK,ATL,LAX,21,0,1,0.3065,High
2024-01-14,AA,LAS,JFK,12,0,0,0.179,Medium
2024-01-13,B6,ORD,LAS,14,1,1,0.2624,Medium
2024-01-12,UA,PHX,ATL,7,0,0,0.1432,Low
2024-01-10,B6,PHX,SFO,19,1,1,0.2545,Medium
2024-01-15,B6,DEN,BOS,12,0,0,0.2378,Medium
2024-01-10,NK,LAX,SFO,18,0,1,0.3219,High
2024-01-13,F9,SEA,DEN,8,0,0,0.1258,Low
2024-01-13,UA,CLT,LAS,20,0,1,0.2866,Medium
2024-01-10,B6,MCO,JFK,22,0,1,0.3824,High
2024-01-15,UA,ORD,MCO,11,0,0,0.2129,Medium
2024-01-15,NK,DFW,BOS,12,0,0,0.1997,Medium
2024-01-12,AA,BOS,LAS,9,0,0,0.1763,Medium
2024-01-14,NK,DEN,MCO,10,0,0,0.1738,Medium
2024-01-13,F9,BOS,LAS,20,1,1,0.3469,High
2024-01-12,DL,SEA,BOS,14,0,0,0.1453,Low
2024-01-16,B6,ATL,SFO,21,0,1,0.4165,High
2024-01-13,F9,LAX,MIA,11,1,1,0.2612,Medium
2024-01-12,NK,LAS,LAX,19,1,1,0.3042,High
2024-01-16,AS,MIA,SEA,22,1,1,0.289,Medium
2024-01-15,AA,ATL,BOS,10,0,1,0.2536,Medium
2024-01-12,AA,LAX,DFW,16,1,0,0.2156,Medium
2024-01-16,B6,ORD,SFO,20,0,1,0.3306,High
2024-01-13,B6,MCO,MIA,11,1,0,0.205,Medium
2024-01-16,B6,LAS,MCO,18,0,1,0.3424,High
2024-01-15,AA,JFK,LAS,15,0,0,0.2099,Medium
2024-01-15,AS,ORD,BOS,8,1,1,0.2728,Medium
2024-01-14,AA,LAX,DFW,8,0,0,0.1697,Medium
2024-01-14,F9,LAS,DEN,14,0,1,0.2644,Medium
2024-01-11,WN,LAS,ATL,12,0,0,0.1328,Low
2024-01-10,WN,PHX,SFO,20,0,1,0.3371,High
2024-01-16,B6,BOS,ORD,8,0,0,0.2467,Medium
2024-01-16,NK,DFW,MCO,11,1,0,0.1543,Medium
2024-01-11,DL,SEA,JFK,15,0,0,0.1628,Medium
2024-01-12,DL,SFO,CLT,20,0,1,0.3031,High
2024-01-14,UA,CLT,DFW,14,0,1,0.2568,Medium
2024-01-12,UA,ATL,DEN,16,1,1,0.2618,Medium
2024-01-14,AS,MCO,JFK,19,0,1,0.3045,High
2024-01-12,UA,SFO,ATL,18,0,1,0.2633,Medium
2024-01-12,DL,DEN,ATL,17,0,0,0.2385,Medium
2024-01-13,WN,DFW,CLT,15,0,0,0.2052,Medium
2024-01-15,UA,BOS,PHX,13,0,0,0.1875,Medium
2024-01-13,NK,MIA,LAX,14,0,0,0.2416,Medium
2024-01-16,UA,JFK,MIA,17,0,0,0.2125,Medium
2024-01-10,NK,LAX,LAS,9,1,0,0.2208,Medium
2024-01-11,UA,ORD,ATL,11,0,0,0.1668,Medium
2024-01-16,NK,DEN,DFW,17,0,1,0.2953,Medium
2024-01-12,B6,ORD,LAX,18,0,1,0.304,High
2024-01-10,UA,LAX,PHX,7,0,0,0.1873,Medium
2024-01-13,B6,LAS,ORD,13,1,1,0.2859,Medium
2024-01-13,B6,PHX,ORD,17,0,1,0.3536,High
2024-01-13,AS,DEN,LAS,13,0,0,0.1431,Low
2024-01-11,F9,CLT,SFO,21,1,1,0.3416,High
2024-01-16,AA,DFW,ATL,8,0,0,0.2173,Medium
2024-01-11,WN,ORD,ATL,7,0,0,0.2069,Medium
2024-01-10,UA,LAS,LAX,9,0,0,0.1753,Medium
2024-01-14,AS,PHX,BOS,19,0,0,0.2181,Medium
2024-01-14,AA,BOS,SEA,10,0,0,0.1754,Medium
2024-01-13,B6,LAS,SEA,9,0,0,0.2045,Medium
2024-01-11,DL,MIA,DEN,14,1,1,0.2702,Medium
2024-01-14,F9,DEN,BOS,19,1,1,0.3265,High
2024-01-12,WN,SEA,DEN,15,0,0,0.1838,Medium
2024-01-12,WN,BOS,CLT,12,0,0,0.1485,Low
2024-01-15,AA,SEA,JFK,8,0,0,0.1567,Medium
2024-01-13,DL,DFW,ATL,10,1,0,0.1046,Low
2024-01-11,UA,CLT,SFO,18,1,0,0.2375,Medium
2024-01-10,UA,ORD,BOS,10,0,1,0.2559,Medium
2024-01-15,AA,SEA,LAX,17,0,1,0.3286,High
2024-01-15,NK,BOS,ATL,20,1,1,0.3567,High
2024-01-11,AA,DFW,LAX,15,1,0,0.2245,Medium
2024-01-15,UA,BOS,PHX,12,0,0,0.2274,Medium
2024-01-12,UA,CLT,SEA,15,1,1,0.2517,Medium
2024-01-15,DL,MCO,DEN,11,0,0,0.1588,Medium
2024-01-10,NK,SFO,ORD,20,1,1,0.287,Medium
2024-01-12,DL,LAX,MIA,16,0,0,0.1947,Medium
2024-01-13,NK,ATL,JFK,9,0,0,0.1454,Low
2024-01-15,AS,ATL,DFW,7,0,0,0.1399,Low
2024-01-14,AS,ATL,MIA,18,0,1,0.2937,Medium
2024-01-11,WN,ATL,PHX,15,0,0,0.2069,Medium
2024-01-14,WN,CLT,JFK,22,0,1,0.3139,High
2024-01-15,DL,DFW,ORD,22,0,1,0.3546,High
2024-01-15,DL,CLT,MIA,15,0,0,0.1741,Medium
2024-01-12,NK,LAS,CLT,14,1,0,0.2366,Medium
2024-01-12,AA,LAX,MCO,7,1,0,0.1613,Medium
2024-01-11,WN,ATL,ORD,6,0,0,0.0735,Low
2024-01-14,F9,MCO,MIA,21,0,1,0.3678,High
2024-01-11,WN,ORD,JFK,9,0,0,0.1893,Medium
2024-01-14,F9,ATL,SFO,20,0,1,0.3379,High
2024-01-10,DL,SEA,PHX,13,0,1,0.2541,Medium
2024-01-15,B6,MCO,SFO,22,0,1,0.4103,High
2024-01-15,UA,JFK,MCO,6,0,0,0.1638,Medium
2024-01-14,F9,MCO,CLT,6,0,0,0.2227,Medium
2024-01-13,F9,BOS,ORD,17,0,1,0.2831,Medium
2024-01-15,AA,CLT,SFO,19,0,1,0.3853,High
2024-01-15,B6,SEA,ATL,14,0,1,0.2572,Medium
2024-01-13,DL,PHX,CLT,18,0,0,0.2349,Medium
2024-01-11,F9,LAX,DEN,22,1,1,0.4263,High
2024-01-14,F9,DFW,ATL,13,1,0,0.2323,Medium
2024-01-11,DL,LAX,ATL,21,0,1,0.339,High
2024-01-13,AA,MCO,SEA,12,0,1,0.2942,Medium
2024-01-15,NK,DFW,LAS,7,0,0,0.2004,Medium
2024-01-10,NK,LAX,CLT,22,1,1,0.2622,Medium
2024-01-14,DL,JFK,LAX,18,0,0,0.2308,Medium
2024-01-15,B6,CLT,SEA,17,0,1,0.3408,High
2024-01-13,NK,MCO,LAX,10,1,0,0.2143,Medium
2024-01-10,UA,DEN,ORD,13,0,1,0.2767,Medium
2024-01-16,B6,BOS,CLT,20,0,1,0.3496,High
2024-01-12,AA,BOS,PHX,6,1,0,0.1977,Medium
2024-01-13,UA,PHX,ORD,10,0,0,0.1331,Low
2024-01-16,F9,DFW,SEA,8,0,0,0.2287,Medium
2024-01-14,UA,LAX,SFO,19,0,0,0.23,Medium
2024-01-16,AA,LAS,JFK,21,1,1,0.3282,High
2024-01-16,B6,LAS,JFK,11,0,0,0.1705,Medium
2024-01-11,B6,JFK,ORD,18,1,1,0.269,Medium
2024-01-14,UA,ATL,BOS,20,0,1,0.3351,High
2024-01-15,B6,DEN,ATL,14,0,0,0.2348,Medium
2024-01-11,F9,LAX,DFW,21,0,1,0.4224,High
2024-01-12,WN,SEA,CLT,16,0,1,0.2873,Medium
2024-01-15,AA,ATL,JFK,22,1,1,0.4129,High
2024-01-15,AS,DFW,JFK,15,1,0,0.2446,Medium
2024-01-16,B6,MIA,CLT,19,0,1,0.2943,Medium
2024-01-14,NK,CLT,ATL,7,0,0,0.1072,Low
2024-01-15,NK,ATL,LAS,7,0,0,0.0635,Low
2024-01-10,DL,SFO,DFW,13,0,0,0.2181,Medium
2024-01-12,UA,DEN,MIA,12,0,0,0.2477,Medium
2024-01-16,NK,SEA,MCO,8,0,0,0.0991,Low
2024-01-11,NK,MIA,LAS,20,0,1,0.3622,High
2024-01-15,B6,SEA,LAX,12,0,0,0.2312,Medium
2024-01-12,UA,LAS,SFO,13,0,0,0.1411,Low
2024-01-13,NK,DFW,PHX,6,0,0,0.1858,Medium
2024-01-12,WN,SEA,PHX,11,0,0,0.2079,Medium
2024-01-15,AS,DEN,MCO,9,0,0,0.1289,Low
2024-01-15,NK,BOS,JFK,13,0,0,0.1635,Medium
2024-01-13,B6,LAX,BOS,8,0,0,0.2498,Medium
2024-01-16,WN,JFK,CLT,6,0,0,0.1322,Low
2024-01-10,AA,ORD,JFK,18,0,1,0.3906,High
2024-01-14,B6,PHX,ATL,18,0,1,0.2571,Medium
2024-01-16,AS,PHX,SEA,18,0,0,0.2291,Medium
2024-01-16,WN,ATL,CLT,7,0,0,0.1758,Medium
2024-01-12,AS,ORD,MIA,22,0,1,0.4109,High
2024-01-13,F9,BOS,MCO,22,0,1,0.4111,High
2024-01-11,WN,DEN,MIA,9,0,0,0.2226,Medium
2024-01-10,UA,DFW,SEA,8,0,0,0.1579,Medium
2024-01-15,F9,SEA,CLT,10,0,0,0.1822,Medium
2024-01-10,AA,LAX,CLT,8,0,0,0.1495,Low
2024-01-16,AA,ATL,LAX,6,0,0,0.1306,Low
2024-01-16,AA,PHX,CLT,16,0,1,0.2559,Medium
2024-01-15,WN,SFO,MCO,10,1,0,0.2351,Medium
2024-01-15,AA,ORD,SEA,17,1,1,0.4341,High
2024-01-12,B6,DEN,CLT,14,0,0,0.208,Medium
2024-01-11,AA,DEN,LAX,12,0,0,0.1802,Medium
2024-01-16,B6,LAS,MCO,22,1,1,0.4009,High
2024-01-14,AS,ATL,PHX,17,1,1,0.3072,High
2024-01-16,AA,MCO,DEN,10,0,0,0.2229,Medium
2024-01-13,WN,JFK,ORD,8,0,0,0.0714,Low
2024-01-12,AA,SFO,PHX,13,0,1,0.2577,Medium
2024-01-13,DL,PHX,BOS,9,0,0,0.2302,Medium
2024-01-16,DL,LAS,CLT,10,0,0,0.1416,Low
2024-01-16,NK,MIA,LAX,15,0,0,0.2213,Medium
2024-01-10,F9,SFO,CLT,18,1,1,0.4154,High
2024-01-13,AS,LAS,ORD,18,0,0,0.2174,Medium
2024-01-16,AS,BOS,JFK,15,0,1,0.2713,Medium
2024-01-12,AA,DFW,PHX,17,0,1,0.2647,Medium
2024-01-12,AS,CLT,PHX,17,0,0,0.2492,Medium
2024-01-11,WN,CLT,SFO,9,0,0,0.1585,Medium
2024-01-13,F9,BOS,SEA,8,0,0,0.2395,Medium
2024-01-11,AA,JFK,BOS,22,0,1,0.4068,High
2024-01-11,F9,JFK,SEA,19,0,1,0.2889,Medium
2024-01-11,UA,LAX,BOS,8,0,0,0.1776,Medium
2024-01-15,B6,DFW,ATL,6,1,0,0.2287,Medium
2024-01-14,WN,SEA,SFO,13,0,0,0.1499,Low
2024-01-15,F9,JFK,SEA,15,1,1,0.2567,Medium
2024-01-16,WN,BOS,MIA,9,0,0,0.1494,Low
2024-01-12,WN,DEN,BOS,10,1,0,0.2286,Medium
2024-01-13,AS,DEN,LAS,21,0,1,0.336,High
2024-01-13,WN,LAX,DFW,7,0,0,0.1045,Low
2024-01-12,AA,ORD,SEA,12,0,0,0.2276,Medium
2024-01-10,B6,SEA,CLT,13,0,0,0.2242,Medium
2024-01-16,DL,MIA,ORD,10,0,0,0.1607,Medium
2024-01-11,B6,MCO,BOS,16,0,1,0.3235,High
2024-01-16,B6,DEN,LAX,8,0,0,0.1795,Medium
2024-01-12,DL,LAX,PHX,21,0,1,0.2678,Medium
2024-01-10,NK,LAX,SFO,13,0,0,0.1599,Medium
2024-01-12,UA,LAX,PHX,20,1,0,0.2391,Medium
2024-01-13,B6,PHX,MIA,10,1,0,0.2193,Medium
2024-01-10,AA,MIA,DFW,21,0,1,0.3299,High
2024-01-16,AS,DFW,ORD,20,0,0,0.2301,Medium
2024-01-13,DL,ORD,SEA,21,1,1,0.3698,High
2024-01-12,DL,ATL,MIA,21,1,1,0.3177,High
2024-01-11,B6,MIA,ORD,7,0,0,0.2222,Medium
2024-01-11,B6,CLT,PHX,14,0,1,0.2906,Medium
2024-01-13,AS,DFW,LAX,18,0,0,0.2118,Medium
2024-01-13,NK,MCO,BOS,19,1,1,0.2862,Medium
2024-01-14,AS,MIA,ATL,13,0,0,0.149,Low
2024-01-12,AS,JFK,LAS,8,0,0,0.0702,Low
2024-01-14,AA,LAX,BOS,13,0,1,0.277,Medium
2024-01-16,B6,ORD,SFO,14,0,1,0.3386,High
2024-01-11,B6,DEN,LAS,19,0,1,0.2739,Medium
2024-01-11,DL,ORD,ATL,18,1,1,0.3727,High
2024-01-14,AA,MIA,JFK,18,1,1,0.3786,High
2024-01-14,B6,JFK,DFW,21,0,1,0.3423,High
2024-01-10,B6,CLT,LAS,15,1,1,0.3323,High
2024-01-11,AS,JFK,DFW,20,0,1,0.3281,High
2024-01-16,F9,DEN,MIA,20,0,1,0.3027,High
2024-01-13,WN,SFO,MIA,17,0,1,0.3525,High
2024-01-16,UA,MCO,PHX,17,1,0,0.1956,Medium
2024-01-14,WN,DFW,ORD,22,0,1,0.2509,Medium
2024-01-12,AS,BOS,PHX,8,0,0,0.1602,Medium
2024-01-14,AS,MCO,LAX,9,0,0,0.147,Low
2024-01-11,UA,ORD,PHX,7,1,0,0.2121,Medium
2024-01-12,WN,SFO,ORD,16,0,1,0.2691,Medium
2024-01-13,AA,MCO,PHX,8,1,0,0.2463,Medium
2024-01-14,AS,PHX,SFO,8,0,0,0.1981,Medium
2024-01-14,AA,MIA,SEA,17,0,1,0.3362,High
2024-01-10,DL,ATL,PHX,13,1,0,0.1743,Medium
2024-01-12,DL,BOS,SEA,11,1,0,0.1702,Medium
2024-01-13,AA,ATL,JFK,16,0,1,0.2566,Medium
2024-01-14,DL,DEN,LAS,19,0,1,0.3217,High
2024-01-12,AS,MCO,LAS,15,0,1,0.2838,Medium
2024-01-16,UA,LAS,BOS,15,0,0,0.1745,Medium
2024-01-13,DL,LAS,CLT,13,1,0,0.1617,Medium
2024-01-10,B6,SEA,LAX,13,0,1,0.3164,High
2024-01-16,NK,LAS,BOS,14,1,0,0.1952,Medium
2024-01-13,AA,SEA,MIA,15,0,1,0.2988,Medium
2024-01-14,DL,DFW,JFK,8,1,0,0.1004,Low
2024-01-10,WN,LAX,DFW,15,0,0,0.2324,Medium
2024-01-11,AA,PHX,LAX,22,1,1,0.3034,High
2024-01-13,AA,JFK,MIA,10,1,0,0.1491,Low
2024-01-12,AA,PHX,MCO,15,0,1,0.2544,Medium
2024-01-11,AA,DFW,BOS,11,0,1,0.2916,Medium
2024-01-16,UA,PHX,CLT,17,0,0,0.2301,Medium
2024-01-14,AS,MCO,SEA,15,1,0,0.1852,Medium
2024-01-11,F9,DFW,LAS,6,1,0,0.226,Medium
2024-01-16,WN,JFK,LAS,22,0,1,0.3591,High
2024-01-15,NK,ATL,CLT,8,0,0,0.0758,Low
2024-01-14,DL,LAS,MCO,17,0,0,0.2049,Medium
2024-01-13,UA,JFK,LAX,8,1,0,0.2105,Medium
2024-01-16,NK,ATL,JFK,12,0,0,0.2483,Medium
2024-01-16,NK,MIA,SEA,6,0,0,0.1766,Medium
2024-01-12,AS,SFO,ORD,22,0,1,0.3835,High
2024-01-12,UA,DFW,BOS,11,0,0,0.1822,Medium
2024-01-16,F9,CLT,BOS,22,0,1,0.4016,High
2024-01-13,B6,LAX,BOS,11,1,1,0.281,Medium
2024-01-10,NK,ORD,CLT,16,1,1,0.3599,High
2024-01-13,F9,ORD,DEN,9,0,1,0.2754,Medium
2024-01-16,UA,LAX,DEN,16,0,1,0.3068,High
2024-01-16,F9,LAX,LAS,20,0,1,0.2898,Medium
2024-01-13,AS,MIA,MCO,11,0,0,0.1816,Medium
2024-01-13,WN,PHX,DFW,16,0,0,0.2252,Medium
2024-01-13,B6,SEA,ATL,7,0,0,0.2029,Medium
2024-01-14,F9,ATL,DFW,9,1,1,0.2803,Medium
2024-01-10,AS,MCO,JFK,8,0,0,0.1004,Low
2024-01-13,AS,MCO,ATL,21,0,1,0.3295,High
2024-01-14,WN,DFW,SFO,22,0,1,0.3028,High
2024-01-13,AS,CLT,SEA,16,0,1,0.3066,High
2024-01-13,UA,LAX,SEA,22,0,1,0.3086,High
2024-01-11,UA,SFO,ORD,13,0,1,0.3245,High
2024-01-16,AA,ORD,LAS,21,0,1,0.4809,High
2024-01-16,F9,BOS,JFK,19,1,1,0.3399,High
2024-01-16,DL,MCO,SFO,20,0,0,0.2296,Medium
2024-01-10,UA,MIA,DFW,20,0,0,0.2479,Medium
2024-01-15,UA,SEA,BOS,16,0,1,0.2545,Medium
2024-01-16,DL,MCO,DFW,13,1,0,0.2021,Medium
2024-01-16,B6,DFW,LAX,20,0,1,0.3541,High
2024-01-10,NK,MIA,PHX,19,0,0,0.2307,Medium
2024-01-10,DL,LAS,ORD,12,0,0,0.1941,Medium
2024-01-10,B6,ORD,MCO,6,0,1,0.288,Medium
2024-01-14,B6,PHX,MIA,21,0,1,0.3663,High
2024-01-11,F9,PHX,LAS,17,0,1,0.3109,High
2024-01-14,NK,CLT,MIA,12,0,0,0.1319,Low
2024-01-16,AS,ORD,JFK,22,0,1,0.425,High
2024-01-16,DL,SFO,PHX,18,0,1,0.3134,High
2024-01-12,NK,ORD,LAS,16,0,0,0.2484,Medium
2024-01-12,AA,ORD,BOS,22,1,1,0.465,High
2024-01-15,WN,PHX,MCO,19,0,1,0.3034,High
2024-01-15,AS,BOS,PHX,18,0,1,0.2863,Medium
2024-01-15,WN,LAX,LAS,8,0,0,0.0866,Low
2024-01-16,AS,CLT,LAS,22,0,1,0.3262,High
2024-01-10,UA,JFK,DFW,8,0,0,0.1837,Medium
2024-01-11,F9,MIA,BOS,14,0,0,0.2163,Medium
2024-01-10,NK,SEA,MCO,15,0,0,0.1666,Medium
2024-01-15,AS,ORD,CLT,18,0,1,0.2524,Medium
2024-01-15,AS,LAX,ORD,17,0,0,0.2374,Medium
2024-01-14,UA,ORD,LAS,21,1,1,0.4125,High
2024-01-12,WN,CLT,ORD,19,0,1,0.3473,High
2024-01-12,F9,LAX,LAS,15,0,0,0.232,Medium
2024-01-11,UA,JFK,SEA,13,1,0,0.1425,Low
2024-01-13,UA,SEA,JFK,8,0,0,0.0905,Low
2024-01-12,AS,MCO,ATL,17,1,0,0.2433,Medium
2024-01-12,AA,SEA,ORD,20,1,1,0.3242,High
2024-01-10,AA,MIA,CLT,17,1,1,0.2711,Medium
2024-01-15,F9,DFW,DEN,22,0,1,0.338,High
2024-01-13,UA,LAX,BOS,20,0,0,0.2471,Medium
2024-01-12,WN,BOS,PHX,18,0,0,0.215,Medium
2024-01-11,WN,DFW,MCO,17,0,1,0.29,Medium
2024-01-11,NK,ATL,DEN,20,0,0,0.2294,Medium
2024-01-14,UA,CLT,MIA,7,0,0,0.1069,Low
2024-01-15,WN,SEA,LAS,9,0,0,0.1254,Low
2024-01-14,AA,LAS,LAX,10,0,0,0.2286,Medium
2024-01-10,NK,ATL,MCO,13,0,0,0.1761,Medium
2024-01-16,UA,LAS,LAX,12,1,0,0.2189,Medium
2024-01-16,AA,BOS,CLT,6,1,0,0.169,Medium
2024-01-15,B6,SEA,SFO,17,0,1,0.3118,High
2024-01-11,WN,MIA,PHX,6,0,0,0.0782,Low
2024-01-10,WN,SEA,PHX,14,0,0,0.1805,Medium
2024-01-11,AA,JFK,PHX,7,0,0,0.174,Medium
2024-01-15,UA,ATL,LAX,12,0,0,0.1435,Low
2024-01-15,DL,CLT,MIA,18,0,1,0.2851,Medium
2024-01-11,UA,DEN,SFO,21,0,1,0.3497,High
2024-01-10,F9,SFO,ATL,15,0,1,0.3473,High
2024-01-13,B6,SEA,LAX,15,1,1,0.2641,Medium
2024-01-13,B6,LAS,CLT,7,0,0,0.2332,Medium
2024-01-12,AA,MIA,SEA,21,0,1,0.3477,High
2024-01-15,B6,MCO,SEA,11,1,0,0.1874,Medium
2024-01-12,NK,CLT,MCO,16,0,0,0.2137,Medium
2024-01-11,AS,ORD,ATL,16,0,1,0.3456,High
2024-01-13,B6,CLT,LAS,21,0,1,0.3869,High
2024-01-14,AS,BOS,LAX,20,1,1,0.3084,High
2024-01-16,B6,ATL,ORD,6,0,0,0.1157,Low
2024-01-10,F9,SFO,ATL,12,0,1,0.3506,High
2024-01-11,UA,BOS,PHX,22,1,1,0.262,Medium
2024-01-10,NK,DFW,DEN,12,1,0,0.1259,Low
2024-01-11,B6,MIA,BOS,14,1,0,0.2364,Medium
2024-01-16,AA,MCO,BOS,19,0,1,0.3038,High
2024-01-12,AS,SEA,PHX,7,0,0,0.1397,Low
2024-01-10,DL,PHX,SFO,6,0,0,0.1838,Medium
2024-01-16,F9,MCO,MIA,19,0,1,0.397,High
2024-01-16,WN,BOS,DFW,14,0,0,0.1539,Medium
2024-01-14,UA,DFW,DEN,17,0,0,0.2336,Medium
2024-01-14,NK,SFO,DFW,14,1,1,0.307,High
2024-01-12,F9,ATL,SFO,12,1,0,0.2058,Medium
2024-01-11,AA,LAS,DEN,19,1,1,0.3015,High
2024-01-15,B6,SEA,SFO,7,0,0,0.1683,Medium
2024-01-14,AA,DFW,SEA,11,1,0,0.1945,Medium
2024-01-10,WN,DFW,ATL,17,0,1,0.2687,Medium
2024-01-13,NK,ORD,CLT,10,0,0,0.2215,Medium
2024-01-12,WN,DFW,SEA,8,0,0,0.1218,Low
2024-01-16,NK,JFK,MCO,18,0,1,0.2559,Medium
2024-01-10,DL,CLT,PHX,20,0,0,0.2186,Medium
2024-01-13,AS,LAX,ORD,18,0,1,0.2886,Medium
2024-01-15,WN,MCO,CLT,22,1,1,0.3282,High
2024-01-14,F9,LAS,ORD,21,1,1,0.2977,Medium
2024-01-14,UA,MCO,PHX,8,0,0,0.1111,Low
2024-01-14,UA,PHX,DEN,13,0,0,0.1855,Medium
2024-01-15,DL,DEN,BOS,16,0,0,0.1854,Medium
2024-01-12,NK,CLT,LAX,14,0,0,0.1731,Medium
2024-01-15,F9,PHX,MIA,22,0,1,0.3513,High
2024-01-11,B6,DEN,LAS,8,0,0,0.1292,Low
2024-01-12,B6,ATL,DEN,21,0,1,0.3893,High
2024-01-15,DL,SEA,JFK,8,0,0,0.1961,Medium
2024-01-10,UA,ORD,PHX,13,1,1,0.2603,Medium
2024-01-13,B6,BOS,CLT,11,1,1,0.2643,Medium
2024-01-15,UA,BOS,JFK,11,0,0,0.2053,Medium
2024-01-11,B6,BOS,SEA,13,0,0,0.22,Medium
2024-01-14,UA,BOS,CLT,15,1,1,0.2563,Medium
2024-01-11,DL,LAX,BOS,16,0,0,0.249,Medium
2024-01-16,B6,MCO,JFK,13,0,1,0.3202,High
2024-01-16,AA,CLT,ORD,12,0,1,0.2932,Medium
2024-01-13,UA,LAS,ORD,10,1,0,0.215,Medium
2024-01-16,AA,MIA,JFK,6,1,0,0.1874,Medium
2024-01-13,UA,MIA,LAX,15,1,0,0.193,Medium
2024-01-10,F9,DEN,PHX,22,0,1,0.4033,High
2024-01-14,F9,DEN,DFW,11,0,0,0.2318,Medium
2024-01-15,AS,DEN,DFW,7,0,0,0.1818,Medium
2024-01-13,F9,LAS,DEN,11,0,1,0.2762,Medium
2024-01-15,AA,JFK,CLT,15,0,1,0.3075,High
2024-01-12,B6,DFW,ATL,6,0,0,0.1969,Medium
2024-01-10,UA,BOS,MIA,7,0,0,0.1227,Low
2024-01-14,UA,CLT,SEA,13,0,0,0.1913,Medium
2024-01-10,WN,SFO,BOS,22,0,1,0.317,High
2024-01-16,UA,SEA,MIA,19,0,0,0.2369,Medium
2024-01-11,AA,LAX,JFK,8,0,0,0.1604,Medium
2024-01-13,UA,BOS,ATL,12,1,0,0.2129,Medium
2024-01-15,UA,ATL,LAX,10,0,0,0.2259,Medium
2024-01-10,NK,MCO,JFK,15,0,0,0.2146,Medium
2024-01-16,DL,LAS,DFW,9,0,0,0.1242,Low
2024-01-12,AS,SFO,ATL,8,0,0,0.144,Low
2024-01-10,NK,SFO,MCO,14,1,1,0.3225,High
2024-01-10,UA,MCO,SEA,12,1,0,0.1301,Low
2024-01-11,WN,LAS,MCO,20,0,0,0.2475,Medium
2024-01-10,AS,LAS,ORD,11,0,0,0.2048,Medium
2024-01-13,NK,CLT,LAX,19,0,1,0.331,High
2024-01-10,DL,SFO,JFK,16,0,0,0.2357,Medium
2024-01-16,WN,MIA,CLT,9,1,0,0.1448,Low
2024-01-11,B6,BOS,ATL,20,1,1,0.3978,High
2024-01-10,B6,DEN,LAX,8,0,0,0.2286,Medium
2024-01-13,AS,DEN,SEA,9,0,0,0.0845,Low
2024-01-12,WN,SEA,ATL,8,0,0,0.1635,Medium
2024-01-11,DL,DFW,ORD,10,0,0,0.1358,Low
2024-01-11,DL,PHX,LAS,22,0,1,0.3786,High
2024-01-10,F9,SFO,DFW,13,0,1,0.3032,High
2024-01-12,UA,LAS,DEN,6,1,0,0.1732,Medium
2024-01-10,AA,BOS,ATL,18,1,1,0.3687,High
2024-01-10,F9,PHX,SFO,8,0,0,0.1456,Low
2024-01-13,AS,ATL,JFK,8,0,0,0.1817,Medium
2024-01-14,NK,CLT,ORD,19,0,1,0.2878,Medium
2024-01-10,DL,CLT,ATL,14,1,0,0.1779,Medium
2024-01-16,DL,BOS,ATL,7,0,0,0.0982,Low
2024-01-16,B6,PHX,DFW,10,0,0,0.1634,Medium
2024-01-14,AS,DEN,PHX,7,0,0,0.1471,Low
2024-01-11,F9,LAX,LAS,10,1,0,0.222,Medium
2024-01-15,AA,ORD,MCO,21,0,1,0.4084,High
2024-01-13,B6,CLT,LAX,14,0,1,0.2648,Medium
2024-01-11,F9,CLT,SEA,13,0,1,0.3249,High
2024-01-13,WN,DEN,BOS,15,0,1,0.2512,Medium
2024-01-14,UA,CLT,MIA,21,0,0,0.2399,Medium
2024-01-14,AS,DFW,BOS,8,0,0,0.0962,Low
2024-01-14,NK,MCO,LAX,18,0,1,0.3308,High
2024-01-11,WN,CLT,SEA,16,0,0,0.2213,Medium
2024-01-15,UA,DFW,PHX,6,0,0,0.0656,Low
2024-01-13,UA,MIA,MCO,16,1,1,0.281,Medium
2024-01-11,DL,CLT,ATL,10,0,0,0.2254,Medium
2024-01-15,B6,CLT,BOS,11,0,0,0.2053,Medium
2024-01-16,DL,ATL,MIA,20,0,1,0.3528,High
2024-01-10,AS,ORD,JFK,9,0,0,0.1534,Medium
2024-01-16,B6,LAX,ORD,18,1,1,0.2557,Medium
2024-01-10,NK,DEN,LAX,18,0,0,0.2114,Medium
2024-01-15,AA,DFW,CLT,16,0,1,0.3024,High
2024-01-13,UA,PHX,ATL,18,1,0,0.2213,Medium
2024-01-14,DL,JFK,CLT,8,1,0,0.1983,Medium
2024-01-14,B6,MCO,ATL,19,0,1,0.3865,High
2024-01-15,B6,ORD,MIA,21,0,1,0.3773,High
2024-01-16,DL,MCO,SEA,8,0,0,0.1238,Low
2024-01-11,UA,SFO,DEN,21,1,1,0.4332,High
2024-01-11,AA,PHX,LAS,16,0,1,0.3233,High
2024-01-15,DL,DEN,CLT,13,0,0,0.1431,Low
2024-01-11,AS,SFO,MIA,21,0,1,0.345,High
2024-01-16,WN,DFW,JFK,14,0,1,0.2707,Medium
2024-01-11,AA,CLT,PHX,21,0,1,0.3234,High
2024-01-13,DL,MIA,DFW,15,1,0,0.1952,Medium
2024-01-10,DL,BOS,ATL,17,0,1,0.318,High
2024-01-16,B6,LAS,MCO,11,0,0,0.1937,Medium
2024-01-14,F9,LAX,PHX,21,1,1,0.3512,High
2024-01-13,F9,SEA,MIA,20,0,1,0.3714,High
2024-01-14,WN,DEN,LAX,17,1,1,0.3166,High
2024-01-14,UA,ATL,ORD,15,1,1,0.2592,Medium
2024-01-11,F9,DFW,LAS,12,0,1,0.3094,High
2024-01-15,DL,BOS,DEN,15,0,1,0.2853,Medium
2024-01-15,DL,SEA,CLT,9,0,0,0.0896,Low
2024-01-11,B6,SFO,BOS,11,1,1,0.2709,Medium
2024-01-14,F9,BOS,DEN,19,0,1,0.256,Medium
2024-01-10,DL,CLT,SFO,19,0,1,0.3318,High
2024-01-12,AS,MIA,LAX,6,0,0,0.1341,Low
2024-01-11,AS,DFW,BOS,20,0,0,0.2239,Medium
2024-01-16,UA,JFK,MCO,16,0,0,0.1845,Medium
2024-01-10,AA,CLT,DFW,18,0,1,0.3853,High
2024-01-12,WN,ORD,DEN,20,0,1,0.4135,High
2024-01-13,UA,MIA,ORD,14,0,0,0.1685,Medium
2024-01-10,DL,ORD,ATL,18,0,1,0.2999,Medium
2024-01-12,DL,ATL,MIA,6,0,0,0.1407,Low
2024-01-12,DL,DFW,LAX,8,0,0,0.071,Low
2024-01-16,WN,SFO,ATL,11,0,0,0.1838,Medium
2024-01-15,NK,DEN,MCO,7,0,0,0.1639,Medium
2024-01-14,AS,JFK,LAS,16,1,0,0.2018,Medium
2024-01-11,F9,MCO,CLT,11,0,0,0.1578,Medium
2024-01-10,WN,LAX,DEN,8,0,0,0.1241,Low
2024-01-14,AS,JFK,DEN,9,0,0,0.1872,Medium
2024-01-12,F9,ORD,LAS,21,0,1,0.4445,High
2024-01-13,UA,LAX,SEA,19,0,1,0.3413,High
2024-01-13,F9,DEN,JFK,7,0,0,0.1819,Medium
2024-01-12,UA,ATL,PHX,11,0,0,0.2283,Medium
2024-01-16,F9,MCO,DEN,15,0,1,0.2673,Medium
2024-01-10,WN,PHX,DEN,10,0,0,0.1816,Medium
2024-01-11,AA,CLT,DEN,13,1,1,0.259,Medium
2024-01-16,AS,DEN,LAX,9,1,0,0.2128,Medium
2024-01-14,F9,JFK,MCO,21,0,1,0.382,High
2024-01-12,WN,LAX,ATL,14,0,1,0.2576,Medium
2024-01-13,WN,BOS,CLT,21,1,1,0.254,Medium
2024-01-11,WN,SEA,PHX,10,1,0,0.2174,Medium
2024-01-12,DL,DFW,SEA,19,0,1,0.2577,Medium
2024-01-16,NK,DEN,PHX,20,0,1,0.353,High
2024-01-15,DL,PHX,MIA,15,1,0,0.2122,Medium
2024-01-14,UA,DFW,BOS,22,0,1,0.3028,High
2024-01-13,AS,MCO,PHX,16,1,1,0.311,High
2024-01-15,F9,LAS,JFK,8,0,0,0.119,Low
2024-01-16,WN,JFK,DFW,8,0,0,0.1655,Medium
2024-01-12,F9,SEA,ATL,16,0,0,0.2372,Medium
2024-01-10,AA,PHX,MIA,21,1,1,0.4194,High
2024-01-10,NK,LAS,ORD,22,0,1,0.2799,Medium
2024-01-11,F9,MIA,DEN,12,0,0,0.2476,Medium
2024-01-15,UA,DFW,CLT,19,1,1,0.3217,High
2024-01-14,AA,MCO,JFK,20,0,1,0.3725,High
2024-01-16,AA,ATL,JFK,10,0,1,0.2559,Medium
2024-01-10,DL,ORD,DFW,19,1,1,0.2728,Medium
2024-01-15,NK,ATL,MCO,18,0,0,0.2147,Medium
2024-01-13,F9,ORD,SFO,17,1,1,0.3402,High
2024-01-10,B6,ORD,DEN,20,1,1,0.4004,High
2024-01-12,UA,JFK,ORD,9,0,0,0.1127,Low
2024-01-13,AA,LAX,BOS,11,0,1,0.2771,Medium
2024-01-11,F9,MCO,LAX,15,1,0,0.2458,Medium
2024-01-16,AA,DFW,LAS,17,1,1,0.3664,High
2024-01-15,AS,BOS,ORD,10,0,0,0.1872,Medium
2024-01-12,AS,LAS,SEA,11,0,0,0.1522,Medium
2024-01-10,AA,CLT,DEN,15,0,1,0.2674,Medium
2024-01-13,B6,ATL,DFW,9,0,0,0.1485,Low
2024-01-11,NK,ORD,SEA,10,0,0,0.238,Medium
2024-01-12,WN,SEA,JFK,9,0,0,0.2149,Medium
2024-01-12,B6,MCO,ATL,22,0,1,0.3432,High
2024-01-16,B6,MCO,LAX,14,0,0,0.2129,Medium
2024-01-10,WN,CLT,JFK,14,1,0,0.2013,Medium
2024-01-16,NK,LAS,JFK,18,0,0,0.199,Medium
2024-01-15,UA,DFW,SEA,6,0,0,0.0824,Low
2024-01-14,AA,ATL,MIA,18,1,1,0.2745,Medium
2024-01-13,WN,MIA,DEN,12,0,0,0.1609,Medium
2024-01-14,F9,BOS,SFO,18,0,1,0.2958,Medium
2024-01-14,DL,ATL,DFW,22,1,1,0.2739,Medium
2024-01-11,NK,LAS,LAX,22,0,1,0.259,Medium
2024-01-15,NK,MIA,BOS,21,1,1,0.3284,High
2024-01-14,DL,DFW,BOS,13,0,0,0.2391,Medium
2024-01-12,AS,JFK,DFW,20,1,0,0.2344,Medium
2024-01-15,AA,SFO,MIA,22,1,1,0.35,High
2024-01-14,NK,DFW,DEN,8,0,0,0.1065,Low
2024-01-11,F9,CLT,BOS,15,0,0,0.2085,Medium
2024-01-16,AS,SEA,MCO,21,0,0,0.2414,Medium
2024-01-15,AA,JFK,BOS,22,1,1,0.3978,High
2024-01-16,F9,BOS,LAS,22,1,1,0.3515,High
2024-01-11,UA,SFO,BOS,8,1,0,0.2452,Medium
2024-01-13,DL,MCO,JFK,20,0,0,0.2343,Medium
2024-01-11,WN,DEN,DFW,14,0,1,0.2759,Medium
2024-01-12,DL,MCO,LAS,14,0,0,0.2262,Medium
2024-01-16,AA,MCO,LAX,15,0,1,0.3363,High
2024-01-11,AA,PHX,CLT,11,0,1,0.26,Medium
2024-01-16,WN,MCO,LAX,16,0,0,0.2466,Medium
2024-01-13,UA,MCO,SFO,15,0,0,0.2238,Medium
2024-01-11,F9,MIA,BOS,9,0,0,0.1752,Medium
2024-01-11,AA,LAS,DFW,10,1,0,0.2047,Medium
2024-01-13,WN,SEA,ORD,9,0,0,0.1171,Low
2024-01-15,F9,CLT,PHX,6,0,0,0.1347,Low
2024-01-15,F9,MCO,JFK,13,1,0,0.2409,Medium
2024-01-10,DL,ORD,LAX,12,0,1,0.2835,Medium
2024-01-12,AS,CLT,DFW,8,0,0,0.16,Medium
2024-01-15,AA,ATL,DFW,9,0,0,0.2233,Medium
2024-01-16,F9,MIA,ORD,6,0,0,0.1118,Low
2024-01-10,UA,ATL,CLT,22,0,0,0.2423,Medium
2024-01-12,UA,JFK,CLT,15,0,0,0.2397,Medium
2024-01-12,F9,SEA,PHX,17,0,1,0.3001,High
2024-01-15,UA,BOS,ORD,19,1,1,0.2866,Medium
2024-01-11,WN,LAS,DEN,16,0,0,0.22,Medium
2024-01-12,B6,SEA,LAX,15,0,1,0.3033,High
2024-01-15,DL,SEA,BOS,6,0,0,0.0605,Low
2024-01-16,DL,DFW,DEN,16,0,0,0.2286,Medium
2024-01-16,B6,BOS,ORD,13,0,0,0.1941,Medium
2024-01-16,AA,DEN,LAS,9,0,0,0.1371,Low
2024-01-13,AA,MIA,LAX,19,1,1,0.3394,High
2024-01-10,DL,SFO,MIA,13,1,1,0.2793,Medium
2024-01-11,AS,JFK,LAS,22,0,0,0.2402,Medium
2024-01-16,NK,LAS,LAX,15,0,0,0.1807,Medium
2024-01-10,AA,MIA,CLT,7,0,0,0.2033,Medium
2024-01-11,B6,ATL,CLT,20,0,1,0.3003,High
2024-01-13,DL,SFO,LAS,14,0,0,0.2036,Medium
2024-01-13,WN,LAS,ATL,6,0,0,0.1357,Low
2024-01-11,NK,LAS,ATL,12,0,0,0.1452,Low
2024-01-10,AS,LAS,DEN,22,1,1,0.3377,High
2024-01-10,AS,ORD,LAX,19,0,1,0.3389,High
2024-01-14,WN,LAX,JFK,8,0,0,0.0847,Low
2024-01-14,NK,SEA,JFK,6,1,0,0.0506,Low
2024-01-14,UA,SEA,SFO,7,0,0,0.1847,Medium
2024-01-13,B6,MCO,SEA,11,0,1,0.2642,Medium
2024-01-14,NK,ORD,ATL,7,0,1,0.2607,Medium
2024-01-12,NK,ORD,ATL,7,0,0,0.1642,Medium
2024-01-16,WN,DEN,PHX,16,0,0,0.1663,Medium
2024-01-12,B6,BOS,LAX,9,0,1,0.2792,Medium
2024-01-13,NK,DEN,DFW,6,0,0,0.0483,Low
2024-01-15,F9,LAX,SEA,12,0,0,0.232,Medium
2024-01-11,F9,SEA,JFK,15,0,0,0.2219,Medium
2024-01-14,AS,MIA,PHX,10,0,0,0.1196,Low
2024-01-13,WN,CLT,ATL,11,0,0,0.1584,Medium
2024-01-12,AS,LAS,DFW,20,0,1,0.3605,High
2024-01-16,B6,SEA,JFK,22,0,1,0.3224,High
2024-01-15,DL,JFK,BOS,20,0,1,0.2555,Medium
2024-01-10,AS,SFO,MIA,20,1,1,0.41,High
2024-01-13,DL,ATL,JFK,7,0,0,0.1662,Medium
2024-01-11,B6,MIA,BOS,8,0,0,0.2191,Medium
2024-01-11,DL,PHX,DFW,21,0,1,0.3746,High
2024-01-11,NK,MCO,SFO,7,0,0,0.1667,Medium
2024-01-10,B6,MCO,JFK,7,0,0,0.1526,Medium
2024-01-12,UA,LAS,PHX,14,0,0,0.2472,Medium
2024-01-13,UA,JFK,MIA,16,0,0,0.2059,Medium
2024-01-13,B6,DEN,PHX,21,1,1,0.344,High
2024-01-13,AS,SEA,JFK,22,1,1,0.3074,High
2024-01-10,DL,MCO,LAX,12,0,0,0.148,Low
2024-01-16,F9,DEN,SFO,10,0,0,0.1937,Medium
2024-01-13,B6,MIA,SFO,13,0,0,0.2325,Medium
2024-01-16,DL,LAX,ORD,20,0,0,0.2412,Medium
2024-01-14,WN,PHX,SEA,10,0,0,0.1292,Low
2024-01-11,WN,BOS,ATL,7,0,0,0.0719,Low
2024-01-14,AA,SFO,MCO,8,1,1,0.2575,Medium
2024-01-10,NK,SEA,LAX,16,0,0,0.1728,Medium
2024-01-13,F9,SEA,JFK,6,0,0,0.1509,Medium
2024-01-13,F9,JFK,LAX,9,0,0,0.1718,Medium
2024-01-10,DL,DEN,ATL,8,0,0,0.1188,Low
2024-01-14,B6,MIA,BOS,19,0,1,0.3245,High
2024-01-12,F9,LAX,MCO,13,0,0,0.2141,Medium
2024-01-15,AS,JFK,LAX,7,0,0,0.0896,Low
2024-01-13,B6,JFK,DFW,18,0,1,0.3766,High
2024-01-12,DL,CLT,SFO,18,0,1,0.3057,High
2024-01-12,NK,DFW,ATL,21,1,1,0.3417,High
2024-01-16,F9,SFO,MIA,6,0,0,0.2,Medium
2024-01-13,UA,ORD,JFK,7,1,0,0.2148,Medium
2024-01-16,AS,DFW,JFK,15,1,1,0.3017,High
2024-01-15,UA,ORD,MIA,13,0,0,0.1959,Medium
2024-01-16,AS,PHX,ATL,13,0,0,0.1844,Medium
2024-01-14,B6,MCO,BOS,16,0,1,0.2566,Medium
2024-01-15,AS,SFO,MCO,8,0,0,0.2376,Medium
2024-01-10,AA,ORD,DFW,19,1,1,0.3322,High
2024-01-14,UA,LAS,MCO,10,0,0,0.1022,Low
2024-01-14,UA,CLT,BOS,10,0,0,0.17,Medium
2024-01-10,NK,DFW,LAS,18,1,0,0.2088,Medium
2024-01-14,AS,LAX,DFW,11,0,0,0.2378,Medium
2024-01-14,AS,PHX,BOS,9,0,0,0.1529,Medium
2024-01-11,B6,LAX,DEN,9,1,0,0.1823,Medium
2024-01-12,AS,LAS,CLT,9,0,0,0.1035,Low
2024-01-11,NK,DFW,LAX,6,0,0,0.0589,Low
2024-01-14,NK,ATL,LAS,8,0,0,0.1742,Medium
2024-01-14,F9,JFK,DFW,20,1,1,0.2896,Medium
2024-01-14,WN,CLT,PHX,10,0,0,0.1059,Low
2024-01-13,AA,MIA,PHX,13,0,1,0.3126,High
2024-01-14,DL,DEN,LAS,17,0,1,0.2884,Medium
2024-01-13,AA,MCO,ORD,18,0,1,0.3479,High
2024-01-15,DL,CLT,LAX,7,0,0,0.1468,Low
2024-01-14,DL,ORD,CLT,14,0,1,0.2965,Medium
2024-01-15,WN,CLT,SEA,18,0,0,0.2411,Medium
2024-01-15,AS,DFW,ATL,13,1,0,0.1795,Medium
2024-01-13,DL,BOS,SFO,12,0,0,0.1623,Medium
2024-01-16,F9,MIA,DEN,10,1,1,0.2618,Medium
2024-01-16,DL,LAX,ORD,7,0,0,0.0738,Low
2024-01-14,NK,BOS,JFK,12,0,0,0.1873,Medium
2024-01-13,WN,PHX,MCO,10,1,0,0.1835,Medium
2024-01-10,B6,DFW,ORD,11,0,0,0.1654,Medium
2024-01-13,AA,LAX,SFO,15,0,1,0.2681,Medium
2024-01-13,DL,LAX,DFW,9,0,0,0.1636,Medium
2024-01-12,AA,SFO,LAS,20,1,1,0.4345,High
2024-01-12,F9,MIA,JFK,9,0,1,0.2648,Medium
2024-01-14,NK,JFK,MIA,6,1,0,0.1531,Medium
2024-01-15,B6,MCO,CLT,6,1,0,0.1126,Low
2024-01-11,NK,DFW,JFK,6,0,0,0.0831,Low
2024-01-13,NK,ORD,SEA,11,1,0,0.2379,Medium
2024-01-11,UA,DEN,SEA,21,0,1,0.3461,High
2024-01-10,B6,ORD,CLT,19,0,1,0.4021,High
2024-01-16,DL,CLT,MCO,11,0,0,0.1229,Low
2024-01-13,F9,LAX,MCO,9,0,0,0.1589,Medium
2024-01-15,UA,MIA,ATL,20,1,1,0.3018,High
2024-01-11,WN,SFO,ORD,10,0,1,0.2761,Medium
2024-01-15,NK,ATL,SFO,7,0,0,0.204,Medium
2024-01-10,AS,BOS,LAX,7,0,0,0.0603,Low
2024-01-12,DL,PHX,BOS,16,0,0,0.2393,Medium
2024-01-12,WN,MCO,LAS,6,0,0,0.0944,Low
2024-01-14,UA,DEN,LAX,11,0,0,0.167,Medium
2024-01-10,F9,ORD,LAX,9,0,1,0.3398,High
2024-01-13,AA,LAX,CLT,15,0,0,0.2428,Medium
2024-01-11,B6,SEA,MCO,11,0,0,0.2259,Medium
2024-01-12,AS,SFO,LAX,17,0,1,0.2736,Medium
2024-01-12,UA,JFK,MIA,16,0,0,0.1915,Medium
2024-01-12,AS,MCO,DEN,14,0,0,0.2036,Medium
2024-01-13,B6,ORD,SFO,7,0,1,0.3078,High
2024-01-15,F9,SFO,LAS,21,0,1,0.3764,High
2024-01-12,AS,LAS,SEA,18,1,1,0.2659,Medium
2024-01-15,AA,JFK,LAS,7,0,0,0.1815,Medium
2024-01-16,F9,ATL,CLT,6,0,0,0.2045,Medium
2024-01-10,UA,BOS,MCO,11,0,0,0.2308,Medium
2024-01-12,B6,CLT,BOS,21,1,1,0.3548,High
2024-01-16,B6,PHX,MIA,21,0,1,0.3572,High
2024-01-13,DL,SFO,LAS,13,0,1,0.2729,Medium
2024-01-16,DL,ORD,PHX,15,1,1,0.3324,High
2024-01-13,UA,LAS,SFO,17,0,1,0.2516,Medium
2024-01-13,UA,DFW,ORD,22,0,1,0.37,High
2024-01-12,UA,JFK,ORD,9,0,0,0.1158,Low
2024-01-11,DL,MCO,PHX,10,0,0,0.2197,Medium
2024-01-12,AS,MIA,DFW,18,0,1,0.3177,High
2024-01-11,F9,DFW,ATL,6,1,0,0.1501,Medium
2024-01-16,DL,CLT,SFO,17,0,1,0.3123,High
2024-01-16,AA,MIA,DEN,15,1,1,0.2794,Medium
2024-01-11,UA,MCO,DEN,17,1,1,0.3206,High
2024-01-14,B6,CLT,ATL,6,1,0,0.1556,Medium
2024-01-13,NK,PHX,LAX,20,1,1,0.3105,High
2024-01-16,NK,DEN,MCO,22,0,1,0.3406,High
2024-01-13,AA,LAS,ORD,11,1,0,0.1953,Medium
2024-01-13,AS,CLT,DEN,12,0,1,0.2513,Medium
2024-01-14,F9,ATL,BOS,14,0,1,0.2928,Medium
2024-01-12,NK,ATL,BOS,20,1,1,0.356,High
2024-01-13,DL,CLT,BOS,10,1,0,0.1926,Medium
2024-01-13,NK,JFK,BOS,8,0,0,0.207,Medium
2024-01-10,AA,MIA,SFO,18,0,0,0.2455,Medium
2024-01-16,DL,LAS,SFO,6,0,0,0.0481,Low
2024-01-11,NK,SFO,DFW,21,0,1,0.2859,Medium
2024-01-10,AS,ORD,ATL,9,1,0,0.1749,Medium
2024-01-11,F9,DEN,MIA,14,0,0,0.2392,Medium
2024-01-13,DL,LAX,PHX,21,1,1,0.3233,High
2024-01-15,UA,ATL,BOS,20,1,0,0.2476,Medium
2024-01-14,DL,CLT,JFK,21,1,1,0.2953,Medium
2024-01-10,UA,SEA,CLT,7,0,0,0.1721,Medium
2024-01-16,AA,ATL,SEA,21,1,1,0.349,High
2024-01-11,WN,DEN,LAS,11,0,0,0.1792,Medium
2024-01-12,F9,MCO,DFW,22,0,1,0.2895,Medium
2024-01-15,B6,MIA,MCO,20,0,1,0.3687,High
2024-01-16,B6,JFK,CLT,21,0,1,0.2907,Medium
2024-01-11,AA,LAX,LAS,18,1,1,0.3649,High
2024-01-15,WN,JFK,SEA,22,0,1,0.3585,High
2024-01-12,F9,SEA,JFK,18,1,1,0.29,Medium
2024-01-13,B6,LAS,JFK,19,1,1,0.3695,High
2024-01-15,UA,LAX,SFO,12,0,0,0.1758,Medium
2024-01-16,WN,DEN,ATL,9,0,0,0.1181,Low
2024-01-10,AS,JFK,PHX,21,0,1,0.3515,High
2024-01-14,B6,MIA,LAX,18,0,1,0.3302,High
2024-01-13,DL,PHX,LAS,6,1,0,0.0556,Low
2024-01-10,F9,LAX,MCO,13,0,0,0.2354,Medium
2024-01-13,DL,CLT,MCO,7,0,0,0.0953,Low
2024-01-15,F9,ORD,PHX,22,1,1,0.4629,High
2024-01-15,UA,DFW,MCO,19,0,1,0.2909,Medium
2024-01-11,WN,DFW,LAX,9,1,0,0.2254,Medium
2024-01-15,F9,DFW,SFO,13,1,1,0.3266,High
2024-01-13,F9,SEA,BOS,11,0,0,0.1896,Medium
2024-01-11,NK,JFK,LAX,11,0,0,0.2322,Medium
2024-01-13,NK,LAS,MCO,19,1,0,0.2208,Medium
2024-01-14,WN,SFO,PHX,10,0,0,0.2064,Medium
2024-01-10,NK,DEN,SFO,19,0,1,0.3483,High
2024-01-12,NK,LAS,SFO,12,1,0,0.2239,Medium
2024-01-14,UA,JFK,PHX,7,0,0,0.173,Medium
2024-01-10,UA,CLT,BOS,20,0,1,0.3601,High
2024-01-13,AA,MIA,JFK,20,1,1,0.3702,High
2024-01-16,AS,MCO,SEA,20,1,1,0.3515,High
2024-01-10,AA,ORD,DEN,13,0,1,0.2644,Medium
2024-01-11,WN,JFK,ORD,15,0,1,0.2546,Medium
2024-01-13,B6,CLT,LAS,6,0,0,0.1841,Medium
2024-01-14,DL,DEN,SFO,22,0,1,0.3565,High
2024-01-14,WN,DEN,ATL,20,1,0,0.2346,Medium
2024-01-12,AS,ATL,SFO,19,1,1,0.3212,High
2024-01-14,AS,PHX,DFW,6,0,0,0.0925,Low
2024-01-10,NK,MCO,PHX,11,0,0,0.1429,Low
2024-01-15,NK,PHX,DEN,12,0,0,0.1409,Low
2024-01-10,AS,LAS,MIA,15,1,1,0.2758,Medium
2024-01-16,B6,SEA,ORD,19,0,1,0.3497,High
2024-01-13,WN,ORD,LAS,14,0,1,0.2664,Medium
2024-01-14,NK,DEN,SEA,21,0,1,0.3303,High
2024-01-15,UA,JFK,SFO,16,0,1,0.2584,Medium
2024-01-10,F9,SEA,SFO,9,0,0,0.1504,Medium
2024-01-10,AS,SEA,MCO,13,0,0,0.1781,Medium
2024-01-14,WN,PHX,MIA,6,0,0,0.1106,Low
2024-01-13,DL,MCO,LAX,17,1,0,0.1953,Medium
2024-01-13,NK,ORD,JFK,9,0,0,0.2052,Medium
2024-01-14,WN,LAS,ATL,13,0,0,0.1665,Medium
2024-01-14,F9,DFW,ATL,9,0,0,0.2014,Medium
2024-01-13,B6,PHX,SEA,10,0,0,0.1697,Medium
2024-01-12,NK,DEN,SEA,6,0,0,0.0725,Low
2024-01-16,WN,SEA,ATL,21,1,1,0.3456,High
2024-01-10,F9,SFO,MCO,9,0,0,0.213,Medium
2024-01-11,UA,PHX,SFO,17,0,0,0.2495,Medium
2024-01-11,DL,SFO,LAS,10,0,0,0.1727,Medium
2024-01-14,B6,MIA,DEN,7,0,0,0.1295,Low
2024-01-14,AS,JFK,DFW,17,0,1,0.265,Medium
2024-01-14,WN,LAS,JFK,6,1,0,0.1301,Low
2024-01-13,B6,JFK,DFW,17,0,1,0.3219,High
2024-01-11,AA,ATL,BOS,17,0,1,0.3434,High
2024-01-12,AS,ORD,LAX,22,0,1,0.3054,High
2024-01-14,NK,ORD,LAS,21,0,1,0.3448,High
2024-01-15,B6,PHX,ATL,15,1,0,0.2289,Medium
2024-01-10,AS,JFK,DEN,14,0,0,0.1502,Medium
2024-01-14,NK,BOS,LAS,19,0,0,0.2214,Medium
2024-01-15,AS,LAS,JFK,14,0,0,0.2149,Medium
2024-01-14,F9,DEN,CLT,9,0,0,0.154,Medium
2024-01-13,UA,SFO,LAX,16,1,1,0.2744,Medium
2024-01-10,DL,MIA,SFO,22,0,1,0.2647,Medium
2024-01-10,B6,LAS,LAX,10,1,0,0.1791,Medium
2024-01-15,F9,ORD,JFK,17,0,1,0.3126,High
2024-01-15,AS,SEA,ATL,21,1,0,0.2352,Medium
2024-01-12,DL,PHX,ORD,19,0,0,0.2177,Medium
2024-01-14,DL,SEA,DFW,22,0,1,0.3193,High
2024-01-12,AS,LAS,PHX,11,0,0,0.2174,Medium
2024-01-11,AA,PHX,ORD,19,0,1,0.2864,Medium
2024-01-11,DL,LAX,PHX,17,1,0,0.2194,Medium
2024-01-16,WN,LAX,DFW,9,0,0,0.1955,Medium
2024-01-13,UA,ATL,PHX,12,0,0,0.1664,Medium
2024-01-12,F9,MIA,DFW,6,0,0,0.2413,Medium
2024-01-11,AS,DFW,SFO,8,0,0,0.0695,Low
2024-01-13,DL,LAX,PHX,7,0,0,0.0961,Low
2024-01-13,NK,LAS,SEA,16,0,1,0.2576,Medium
2024-01-13,F9,PHX,CLT,7,0,0,0.1587,Medium
2024-01-10,WN,SEA,MCO,11,0,0,0.1475,Low
2024-01-15,NK,PHX,JFK,18,1,0,0.2297,Medium
2024-01-11,DL,JFK,DFW,7,0,0,0.0581,Low
2024-01-11,AS,CLT,DEN,12,0,0,0.1633,Medium
2024-01-14,WN,MCO,JFK,17,0,0,0.248,Medium
2024-01-15,B6,ATL,CLT,22,0,1,0.3238,High
2024-01-10,AA,SFO,PHX,11,0,1,0.2768,Medium
2024-01-15,NK,SEA,JFK,11,0,0,0.1184,Low
2024-01-14,AS,ATL,LAS,22,1,1,0.3661,High
2024-01-12,DL,LAS,LAX,19,0,1,0.3164,High
2024-01-13,NK,SFO,LAX,18,1,1,0.2621,Medium
2024-01-14,UA,SEA,JFK,21,0,1,0.2794,Medium
2024-01-14,AA,JFK,DFW,12,1,0,0.2356,Medium
2024-01-16,AA,CLT,JFK,12,0,1,0.2586,Medium
2024-01-16,WN,MIA,SEA,16,1,1,0.3148,High
2024-01-10,AA,LAS,MCO,6,1,0,0.1955,Medium
2024-01-12,AS,LAS,LAX,14,0,0,0.1706,Medium
2024-01-10,F9,MIA,DEN,11,0,0,0.1853,Medium
2024-01-15,AS,LAX,DEN,14,0,0,0.2173,Medium
2024-01-15,NK,SFO,ATL,12,0,1,0.2737,Medium
2024-01-10,AA,MIA,DEN,19,0,1,0.2735,Medium
2024-01-12,F9,PHX,DEN,6,0,0,0.2068,Medium
2024-01-16,DL,DFW,CLT,15,0,0,0.1946,Medium
2024-01-16,DL,SEA,ORD,10,0,0,0.1762,Medium
2024-01-13,NK,LAX,SEA,6,0,0,0.0582,Low
2024-01-10,AA,SEA,JFK,9,0,0,0.1935,Medium
2024-01-11,WN,JFK,SFO,22,0,1,0.2865,Medium
2024-01-12,F9,SEA,LAX,11,1,1,0.2516,Medium
2024-01-13,NK,MCO,PHX,21,0,1,0.298,Medium
2024-01-10,NK,PHX,LAS,17,0,1,0.2647,Medium
2024-01-10,NK,MIA,DEN,20,0,1,0.3159,High
2024-01-14,WN,BOS,DFW,9,0,0,0.0879,Low
2024-01-16,B6,SFO,MIA,13,0,1,0.3453,High
2024-01-11,F9,ORD,ATL,21,1,1,0.3763,High
2024-01-15,DL,SFO,DFW,18,1,1,0.3811,High
2024-01-10,NK,BOS,SFO,22,0,1,0.3142,High
2024-01-12,F9,MCO,BOS,13,1,0,0.2247,Medium
2024-01-11,WN,ATL,ORD,20,0,1,0.2806,Medium
2024-01-16,B6,LAX,LAS,12,0,1,0.2614,Medium
2024-01-11,DL,LAS,SFO,8,0,0,0.2059,Medium
2024-01-15,NK,ATL,SFO,9,0,0,0.1784,Medium
2024-01-16,B6,MCO,SFO,22,0,1,0.4173,High
2024-01-15,DL,LAX,PHX,13,0,0,0.174,Medium
2024-01-11,B6,SEA,PHX,20,0,1,0.2837,Medium
2024-01-14,DL,ATL,DEN,13,0,0,0.1955,Medium
2024-01-10,AS,BOS,CLT,8,0,0,0.2086,Medium
2024-01-13,WN,SFO,MIA,13,1,1,0.2546,Medium
2024-01-15,B6,MIA,MCO,15,1,1,0.2751,Medium
2024-01-15,F9,DFW,MIA,16,1,1,0.2598,Medium
2024-01-12,DL,MCO,SFO,7,0,0,0.089,Low
2024-01-12,DL,MCO,ORD,10,1,0,0.1406,Low
2024-01-10,AA,LAX,SFO,17,0,1,0.3201,High
2024-01-14,B6,MIA,CLT,22,1,1,0.3544,High
2024-01-15,UA,JFK,SEA,16,1,1,0.3066,High
2024-01-11,NK,DFW,ATL,20,0,1,0.2801,Medium
2024-01-10,WN,DFW,ORD,7,0,0,0.1542,Medium
2024-01-11,UA,LAS,BOS,9,0,0,0.1911,Medium
2024-01-15,B6,ORD,MIA,21,0,1,0.426,High
2024-01-14,AS,BOS,DEN,21,1,1,0.3542,High
2024-01-15,DL,SFO,MIA,11,0,0,0.1936,Medium
2024-01-12,B6,CLT,DEN,16,1,1,0.3583,High
2024-01-14,B6,LAS,BOS,13,1,1,0.2618,Medium
2024-01-14,DL,SFO,LAS,20,0,1,0.3646,High
2024-01-15,AS,CLT,LAX,19,0,1,0.2888,Medium
2024-01-11,WN,PHX,SEA,10,1,0,0.1655,Medium
2024-01-12,WN,DFW,BOS,16,1,1,0.302,High
2024-01-14,AS,SFO,DFW,9,0,0,0.1607,Medium
2024-01-10,NK,SFO,MCO,21,0,1,0.3584,High
2024-01-10,DL,CLT,DEN,20,1,1,0.2878,Medium
2024-01-10,NK,PHX,DFW,15,0,0,0.2457,Medium
2024-01-10,AS,ORD,LAS,16,0,1,0.3391,High
2024-01-10,AS,SFO,DEN,9,0,0,0.1749,Medium
2024-01-10,WN,LAS,DFW,22,0,1,0.2624,Medium
2024-01-10,WN,ATL,CLT,13,0,1,0.2724,Medium
2024-01-15,B6,JFK,MCO,14,0,0,0.2129,Medium
2024-01-11,UA,MCO,DFW,18,0,1,0.3312,High
2024-01-14,UA,LAS,MCO,10,0,0,0.1927,Medium
2024-01-12,F9,LAS,MCO,13,0,1,0.2515,Medium
2024-01-11,F9,ORD,CLT,10,1,0,0.2441,Medium
2024-01-13,NK,MIA,LAX,14,1,1,0.2873,Medium
2024-01-12,F9,ATL,SFO,15,0,0,0.2209,Medium
2024-01-11,DL,DFW,MIA,14,1,0,0.2408,Medium
2024-01-10,AA,BOS,LAS,22,0,1,0.3448,High
2024-01-11,F9,BOS,MCO,15,1,1,0.3348,High
2024-01-16,DL,ORD,PHX,10,1,0,0.2371,Medium
2024-01-12,DL,JFK,DEN,6,0,0,0.1345,Low
2024-01-10,B6,SEA,CLT,12,0,0,0.2358,Medium
2024-01-14,WN,SEA,LAS,18,0,1,0.3333,High
2024-01-12,B6,PHX,JFK,10,0,0,0.1643,Medium
2024-01-16,DL,CLT,ATL,7,0,0,0.0581,Low
2024-01-15,AS,MCO,PHX,19,1,1,0.2653,Medium
2024-01-12,DL,CLT,ORD,13,0,0,0.1873,Medium
2024-01-15,AS,PHX,SEA,16,0,0,0.1937,Medium
2024-01-14,DL,DEN,CLT,13,1,0,0.2253,Medium
2024-01-12,AS,SEA,DFW,13,0,0,0.1418,Low
2024-01-15,F9,LAX,LAS,15,0,1,0.3059,High
2024-01-12,AA,CLT,MIA,8,0,0,0.145,Low
2024-01-16,AS,SEA,CLT,18,0,0,0.2149,Medium
2024-01-11,AA,DFW,CLT,6,0,0,0.1003,Low
2024-01-11,NK,LAS,DFW,12,0,0,0.1171,Low
2024-01-15,B6,JFK,SEA,6,1,0,0.1312,Low
2024-01-13,F9,BOS,SEA,21,0,1,0.4058,High
2024-01-15,NK,MCO,DEN,16,0,0,0.2094,Medium
2024-01-16,B6,MIA,MCO,21,0,1,0.4201,High
2024-01-16,NK,SFO,MIA,8,1,1,0.251,Medium
2024-01-11,WN,DFW,BOS,21,0,1,0.2806,Medium
2024-01-10,AS,ATL,LAX,8,0,0,0.1727,Medium
2024-01-10,UA,LAS,MIA,17,0,1,0.3151,High
2024-01-16,UA,PHX,ORD,10,0,0,0.1372,Low
2024-01-11,UA,CLT,MIA,6,0,0,0.1498,Low
2024-01-12,UA,BOS,PHX,8,0,0,0.1987,Medium
2024-01-13,B6,MIA,ATL,13,0,1,0.3159,High
2024-01-13,F9,SFO,PHX,9,1,0,0.2312,Medium
2024-01-13,B6,BOS,LAX,7,0,1,0.2515,Medium
2024-01-13,WN,LAX,LAS,18,1,1,0.2998,Medium
2024-01-11,AA,MIA,JFK,21,1,1,0.4007,High
2024-01-12,F9,PHX,BOS,16,0,1,0.3255,High
2024-01-11,DL,SEA,DEN,9,1,0,0.2128,Medium
2024-01-10,NK,LAX,PHX,16,1,0,0.1684,Medium
2024-01-14,UA,BOS,ORD,14,0,0,0.1842,Medium
2024-01-14,AA,ORD,DFW,10,1,0,0.2156,Medium
2024-01-14,DL,DEN,DFW,16,1,1,0.2573,Medium
2024-01-16,WN,DEN,SEA,8,0,0,0.073,Low
2024-01-16,AS,LAX,DFW,19,0,0,0.2392,Medium
2024-01-14,DL,SFO,LAX,13,0,1,0.3285,High
2024-01-10,UA,JFK,LAS,19,0,0,0.2196,Medium
2024-01-14,AS,SEA,LAS,12,0,1,0.264,Medium
2024-01-15,UA,BOS,DEN,10,0,0,0.2313,Medium
2024-01-13,AA,JFK,SFO,20,0,1,0.304,High
2024-01-16,F9,ATL,ORD,17,0,1,0.3087,High
2024-01-11,UA,MCO,DFW,21,1,1,0.3147,High
2024-01-10,B6,DFW,DEN,10,0,0,0.1606,Medium
2024-01-16,NK,MIA,ORD,6,0,0,0.1686,Medium
2024-01-11,AA,SFO,LAS,20,0,1,0.3902,High
2024-01-15,UA,MIA,SFO,19,0,1,0.297,Medium
2024-01-10,AA,DEN,DFW,14,0,1,0.2556,Medium
2024-01-14,AA,SEA,ORD,6,0,0,0.1026,Low
2024-01-13,AA,BOS,MIA,10,0,1,0.2787,Medium
2024-01-10,UA,JFK,ORD,16,1,0,0.2061,Medium
2024-01-14,AS,CLT,DFW,10,0,0,0.2366,Medium
2024-01-14,NK,BOS,DFW,8,0,0,0.1779,Medium
2024-01-12,WN,BOS,DEN,16,0,1,0.2559,Medium
2024-01-15,AA,MIA,SEA,18,0,1,0.3383,High
2024-01-14,UA,ORD,PHX,8,1,0,0.1787,Medium
2024-01-12,AS,CLT,MIA,7,0,0,0.117,Low
2024-01-11,F9,DEN,LAX,9,0,1,0.2745,Medium
2024-01-16,UA,MIA,LAS,17,0,0,0.2256,Medium
2024-01-14,AA,CLT,SEA,11,1,1,0.2655,Medium
2024-01-13,B6,SFO,JFK,12,1,1,0.2662,Medium
2024-01-14,NK,BOS,SEA,9,0,0,0.0957,Low
2024-01-10,UA,DEN,SEA,17,0,0,0.2246,Medium
2024-01-16,WN,PHX,SFO,6,0,0,0.0853,Low
2024-01-14,AA,ATL,CLT,17,0,1,0.3383,High
2024-01-13,F9,LAX,MIA,17,1,1,0.3202,High
2024-01-13,AA,SFO,ATL,10,0,1,0.2921,Medium
2024-01-12,F9,MCO,DEN,11,1,0,0.2411,Medium
2024-01-13,B6,DEN,LAS,11,0,0,0.1706,Medium
2024-01-13,AS,SEA,DFW,21,0,1,0.3096,High
2024-01-12,NK,JFK,BOS,13,0,0,0.1973,Medium
2024-01-13,AA,MIA,JFK,8,0,0,0.2397,Medium
2024-01-11,DL,ATL,DEN,7,0,0,0.1194,Low
2024-01-13,WN,BOS,DFW,8,0,0,0.1657,Medium
2024-01-14,F9,PHX,DFW,6,1,0,0.1494,Low
2024-01-11,B6,MIA,PHX,8,1,0,0.2238,Medium
2024-01-13,B6,LAS,ORD,11,0,0,0.1941,Medium
2024-01-13,UA,LAS,CLT,8,0,0,0.0786,Low
2024-01-12,UA,DEN,ATL,19,0,1,0.3131,High
2024-01-10,F9,MIA,LAX,13,1,0,0.2488,Medium
2024-01-14,B6,SEA,LAS,18,1,1,0.2804,Medium
2024-01-15,AS,LAX,PHX,12,1,0,0.1781,Medium
2024-01-14,F9,SFO,PHX,11,0,1,0.2728,Medium
2024-01-11,UA,MCO,DFW,22,0,1,0.2845,Medium
2024-01-14,DL,LAX,PHX,19,0,0,0.2303,Medium
2024-01-15,WN,PHX,SFO,19,0,1,0.3031,High
2024-01-13,UA,DEN,DFW,16,0,0,0.2374,Medium
2024-01-11,DL,ORD,LAX,9,0,0,0.1938,Medium
2024-01-16,AS,MIA,LAS,17,0,0,0.1915,Medium
2024-01-10,AA,MCO,ORD,10,0,1,0.2695,Medium
2024-01-14,WN,SEA,BOS,10,1,0,0.1998,Medium
2024-01-11,F9,MCO,MIA,21,0,1,0.3818,High
2024-01-16,AS,MIA,JFK,15,0,0,0.2404,Medium
2024-01-11,AS,CLT,JFK,14,0,0,0.1485,Low
2024-01-12,NK,LAX,DFW,16,0,0,0.2328,Medium
2024-01-15,AS,DEN,LAS,16,0,0,0.1906,Medium
2024-01-15,DL,ATL,MIA,12,1,0,0.1992,Medium
2024-01-12,NK,ORD,MIA,10,0,0,0.1627,Medium
2024-01-15,AS,BOS,MIA,17,0,1,0.2875,Medium
2024-01-10,WN,DEN,ATL,10,1,0,0.1336,Low
2024-01-10,UA,JFK,PHX,12,0,0,0.2234,Medium
2024-01-13,B6,ATL,LAX,14,1,0,0.2136,Medium
2024-01-16,F9,MCO,DEN,12,0,0,0.2192,Medium
2024-01-16,AS,ORD,LAS,13,0,1,0.3371,High
2024-01-14,NK,SFO,LAX,10,0,0,0.1585,Medium
2024-01-13,DL,CLT,DFW,21,1,1,0.266,Medium
2024-01-12,AS,ORD,MCO,16,0,0,0.2365,Medium
2024-01-15,F9,PHX,LAX,8,0,0,0.2163,Medium
2024-01-16,F9,MIA,CLT,18,0,1,0.3622,High
2024-01-11,AA,PHX,SFO,19,0,1,0.3699,High
2024-01-10,WN,BOS,PHX,11,0,0,0.1848,Medium
2024-01-15,UA,BOS,LAX,6,0,0,0.1294,Low
2024-01-12,F9,LAX,PHX,10,0,1,0.2745,Medium
2024-01-14,DL,SFO,DFW,15,0,1,0.3134,High
2024-01-13,AS,MCO,MIA,6,0,0,0.1004,Low
2024-01-13,WN,ATL,DFW,11,0,0,0.1222,Low
2024-01-12,AA,MIA,ATL,18,1,1,0.3693,High
2024-01-15,B6,SEA,PHX,17,1,1,0.2869,Medium
2024-01-11,B6,MIA,PHX,20,0,1,0.3194,High
2024-01-10,UA,JFK,ORD,13,0,1,0.2623,Medium
2024-01-15,B6,PHX,MIA,18,1,1,0.2773,Medium
2024-01-14,B6,DFW,LAS,7,0,0,0.1487,Low
2024-01-10,DL,LAX,BOS,13,1,0,0.1567,Medium
2024-01-15,AS,SFO,ATL,18,1,1,0.3637,High
2024-01-12,AS,JFK,DFW,22,1,1,0.3391,High
2024-01-10,AS,ORD,PHX,8,0,0,0.1549,Medium
2024-01-16,WN,PHX,CLT,7,0,0,0.1653,Medium
2024-01-10,F9,SFO,LAS,17,1,1,0.3452,High
2024-01-16,WN,SEA,LAS,14,0,0,0.1502,Medium
2024-01-16,UA,MCO,LAX,16,1,1,0.2946,Medium
2024-01-14,F9,CLT,DFW,6,0,0,0.1764,Medium
2024-01-11,B6,DEN,BOS,6,0,0,0.1137,Low
2024-01-15,B6,DFW,ATL,10,1,1,0.2857,Medium
2024-01-11,B6,PHX,BOS,7,1,0,0.1502,Medium
